Datetime,yandaoWD,chedaoWD,W
2013/9/11,-0.081482,-0.202424,0.0
2013/9/12,-0.207032,-0.225282,-0.05
2013/9/13,-0.137666,0.29184,-0.08
2013/9/14,0.175048,1.177978,-0.09
2013/9/15,0.51245,1.745392,-0.11
2013/9/16,0.630676,1.88736,-0.13
2013/9/17,0.757934,1.934722,-0.17
2013/9/18,0.869934,2.405028,-0.2
2013/9/19,1.06607,2.28659,-0.15
2013/9/20,1.062224,2.70282,-0.07
2013/9/21,1.164122,2.742034,0.01
2013/9/22,1.318602,3.08203,0.08
2013/9/23,1.345336,2.817748,0.11
2013/9/24,1.02011,2.128112,0.18
2013/9/25,-0.478608,-1.09964,0.36
2013/9/26,-1.299562,-2.36853,0.79
2013/9/27,-1.122712,-1.421326,1.32
2013/9/28,-1.800324,-3.653748,1.77
2013/9/29,-1.687744,-2.737428,2.09
2013/9/30,-1.528138,-2.068756,2.22
2013/10/1,-1.29593,-1.388214,2.25
2013/10/2,-1.14148,-0.913362,2.16
2013/10/3,-1.276674,-1.280122,1.99
2013/10/4,-1.422608,-1.795014,1.79
2013/10/5,-1.41919,-1.732118,1.61
2013/10/6,-1.284546,-1.172546,1.38
2013/10/7,-1.125032,-0.675934,1.09
2013/10/8,-1.044434,-0.259828,0.77
2013/10/9,-1.256654,-1.220398,0.52
2013/10/10,-1.179506,-0.96286,0.25
2013/10/11,-0.97815,-0.383332,-0.03
2013/10/12,-0.835756,-0.146028,-0.33
2013/10/13,-0.77536,0.1091,-0.76
2013/10/14,-0.743622,-0.151154,-1.22
2013/10/15,-0.777314,-0.015656,-1.76
2013/10/16,-1.756104,-2.80658,-2.14
2013/10/17,-2.420076,-4.280366,-2.49
2013/10/18,-2.588806,-4.296906,-2.83
2013/10/19,-2.597108,-3.646332,-3.1
2013/10/20,-2.494568,-3.432496,-3.34
2013/10/21,-2.440492,-3.19043,-3.57
2013/10/22,-2.64084,-3.60611,-3.78
2013/10/23,-2.7016,-3.602204,-3.98
2013/10/24,-2.597016,-2.868256,-4.12
2013/10/25,-2.71994,-3.471406,-4.21
2013/10/26,-3.303712,-5.14911,-4.25
2013/10/27,-3.591034,-5.391938,-4.27
2013/10/28,-3.503632,-4.97583,-4.31
2013/10/29,-3.502716,-4.84555,-4.45
2013/10/30,-3.318634,-3.796662,-4.49
2013/10/31,-3.792848,-5.310304,-4.51
2013/11/1,-3.80774,-5.222382,-4.47
2013/11/2,-4.115114,-5.798066,-4.38
2013/11/3,-4.632538,-6.936524,-4.33
2013/11/4,-4.360016,-5.905426,-4.31
2013/11/5,-4.503296,-6.040344,-4.33
2013/11/6,-4.400606,-5.689912,-4.33
2013/11/7,-4.432588,-5.74579,-4.33
2013/11/8,-4.400666,-5.268402,-4.34
2013/11/9,-3.962586,-4.010376,-4.39
2013/11/10,-4.036928,-3.873658,-4.55
2013/11/11,-4.655396,-6.542328,-4.71
2013/11/12,-5.376984,-8.271576,-4.79
2013/11/13,-6.07013,-9.27057,-4.79
2013/11/14,-6.155274,-8.947388,-4.61
2013/11/15,-6.127716,-8.527862,-4.14
2013/11/16,-5.993928,-8.19632,-3.7
2013/11/17,-5.813966,-7.602722,-3.41
2013/11/18,-5.949036,-7.994842,-3.27
2013/11/19,-6.088472,-8.538362,-3.23
2013/11/20,-6.317994,-8.563264,-3.3
2013/11/21,-6.015138,-7.587158,-3.46
2013/11/22,-6.054352,-7.93692,-3.67
2013/11/23,-6.031892,-7.934692,-3.87
2013/11/24,-6.226166,-7.007172,-4.08
2013/11/25,-6.82724,-9.7901,-4.21
2013/11/26,-6.964418,-9.624664,-4.32
2013/11/27,-6.932282,-9.047914,-4.4
2013/11/28,-7.574402,-11.107942,-4.45
2013/11/29,-7.89084,-11.621276,-4.47
2013/11/30,-8.131592,-11.727784,-4.48
2013/12/1,-7.80713,-10.676636,-4.52
2013/12/2,-8.023286,-11.092956,-4.59
2013/12/3,-7.86728,-10.206482,-4.7
2013/12/4,-7.667542,-9.816376,-4.83
2013/12/5,-7.904206,-10.447114,-4.93
2013/12/6,-7.772522,-10.08252,-5.03
2013/12/7,-8.127198,-11.161316,-5.1
2013/12/8,-8.265808,-10.814514,-5.16
2013/12/9,-7.861084,-8.306946,-5.2
2013/12/10,-8.474182,-11.635772,-5.24
2013/12/11,-8.581758,-11.188812,-5.3
2013/12/12,-8.917664,-12.016448,-5.36
2013/12/13,-8.90326,-11.666626,-5.41
2013/12/14,-8.828522,-11.31607,-5.41
2013/12/15,-8.829834,-11.08957,-5.38
2013/12/16,-8.919832,-11.38907,-5.35
2013/12/17,-9.475374,-12.910492,-5.25
2013/12/18,-9.675934,-13.247558,-5.22
2013/12/19,-10.275422,-14.800292,-5.22
2013/12/20,-10.599794,-14.24472,-4.97
2013/12/21,-10.770082,-14.690978,-4.8
2013/12/22,-11.029816,-15.376342,-4.67
2013/12/23,-11.173554,-15.425842,-4.6
2013/12/24,-11.410248,-15.395934,-4.61
2013/12/25,-11.239808,-15.055114,-4.67
2013/12/26,-11.030458,-14.10788,-4.71
2013/12/27,-11.505738,-14.724274,-4.82
2013/12/28,-12.023194,-16.558258,-4.86
2013/12/29,-11.869874,-16.230132,-4.95
2013/12/30,-11.838258,-15.704102,-5.1
2013/12/31,-11.787996,-15.349152,-5.11
2014/1/1,-11.491944,-14.100434,-5.23
2014/1/2,-11.356172,-13.743102,-5.29
2014/1/3,-10.943056,-12.74829,-5.33
2014/1/4,-10.851716,-12.901,-5.31
2014/1/5,-10.975526,-13.70987,-5.31
2014/1/6,-10.927368,-12.93631,-5.34
2014/1/7,-10.885896,-13.393066,-5.31
2014/1/8,-11.341768,-13.034728,-5.26
2014/1/9,-11.779236,-15.209778,-5.17
2014/1/10,-11.95404,-15.687408,-5.06
2014/1/11,-12.18161,-16.087098,-4.98
2014/1/12,-12.220062,-15.715728,-4.92
2014/1/13,-12.122864,-15.013,-4.89
2014/1/14,-12.340974,-15.949646,-4.8
2014/1/15,-12.232696,-15.540314,-4.76
2014/1/16,-12.326904,-15.513732,-4.71
2014/1/17,-11.96698,-14.208802,-4.7
2014/1/18,-11.834076,-14.034454,-4.7
2014/1/19,-12.216676,-15.05957,-4.69
2014/1/20,-11.873048,-14.00113,-4.73
2014/1/21,-11.975678,-14.272828,-4.78
2014/1/22,-12.354706,-15.625762,-4.8
2014/1/23,-12.167908,-14.720002,-4.82
2014/1/24,-11.835634,-13.490174,-4.82
2014/1/25,-11.126374,-11.978516,-4.9
2014/1/26,-11.21216,-12.795014,-4.9
2014/1/27,-11.30542,-13.24649,-5.09
2014/1/28,-11.178864,-12.767822,-5.2
2014/1/29,-11.25409,-13.261994,-5.27
2014/1/30,-11.550722,-13.948456,-5.33
2014/1/31,-11.348634,-13.048278,-5.35
2014/2/1,-10.50647,-10.735718,-5.35
2014/2/2,-10.418214,-11.142792,-5.38
2014/2/3,-10.184326,-10.047914,-5.37
2014/2/4,-10.816498,-12.590484,-5.49
2014/2/5,-11.345216,-13.94571,-5.58
2014/2/6,-12.16629,-15.929902,-5.61
2014/2/7,-12.600464,-16.176818,-5.6
2014/2/8,-13.046356,-17.43332,-5.58
2014/2/9,-13.349732,-17.320526,-5.55
2014/2/10,-13.695068,-18.2023,-5.53
2014/2/11,-14.131988,-19.185212,-5.48
2014/2/12,-14.036012,-18.241394,-5.43
2014/2/13,-14.102998,-18.377472,-5.35
2014/2/14,-14.222688,-18.523712,-5.28
2014/2/15,-14.143768,-17.720184,-5.2
2014/2/16,-13.795838,-16.900452,-5.14
2014/2/17,-13.736328,-16.90857,-5.13
2014/2/18,-13.90796,-17.582336,-5.14
2014/2/19,-14.397034,-18.810882,-5.17
2014/2/20,-14.336304,-18.146606,-5.21
2014/2/21,-13.93747,-16.608154,-5.22
2014/2/22,-13.402038,-15.11554,-5.19
2014/2/23,-12.777772,-13.710052,-5.15
2014/2/24,-12.540498,-13.606446,-5.07
2014/2/25,-12.71289,-14.383118,-4.94
2014/2/26,-12.734924,-14.388092,-4.87
2014/2/27,-12.437562,-13.633178,-4.66
2014/2/28,-12.544586,-14.18863,-4.46
2014/3/1,-12.903382,-15.115386,-4.24
2014/3/2,-13.1727,-15.917756,-4.01
2014/3/3,-13.179626,-15.746826,-3.82
2014/3/4,-12.99057,-14.971222,-3.79
2014/3/5,-12.53717,-13.890076,-3.43
2014/3/6,-12.211762,-12.880036,-3.43
2014/3/7,-12.626618,-14.676972,-3.43
2014/3/8,-12.7464,-14.837676,-3.53
2014/3/9,-12.491486,-14.052002,-3.61
2014/3/10,-12.328156,-13.545624,-3.6
2014/3/11,-11.938142,-12.826934,-3.54
2014/3/12,-11.781038,-12.490296,-3.5
2014/3/13,-11.90149,-13.12796,-3.56
2014/3/14,-11.936036,-13.394958,-3.54
2014/3/15,-11.573426,-12.394532,-3.5
2014/3/16,-11.082672,-11.069458,-3.49
2014/3/17,-10.717714,-10.541688,-3.53
2014/3/18,-10.084748,-9.097534,-3.63
2014/3/19,-9.506898,-7.896424,-3.63
2014/3/20,-10.17627,-9.19803,-3.89
2014/3/21,-10.544098,-11.193298,-3.96
2014/3/22,-10.531128,-11.318604,-4.05
2014/3/23,-10.251618,-10.49286,-4.15
2014/3/24,-10.234558,-10.37909,-4.23
2014/3/25,-10.185456,-10.334686,-4.28
2014/3/26,-9.75,-9.442902,-4.31
2014/3/27,-9.306428,-8.279816,-4.31
2014/3/28,-8.61841,-6.94693,-4.31
2014/3/29,-8.028108,-6.104828,-4.29
2014/3/30,-8.039644,-6.376588,-4.22
2014/3/31,-7.949372,-5.879608,-3.96
2014/4/1,-8.563874,-8.005586,-3.62
2014/4/2,-8.258302,-7.226624,-3.38
2014/4/3,-7.861146,-6.52704,-3.28
2014/4/4,-7.758638,-6.497406,-3.22
2014/4/5,-7.76819,-6.767182,-3.14
2014/4/6,-7.824434,-6.765168,-3.12
2014/4/7,-8.275574,-8.479706,-3.11
2014/4/8,-8.185944,-7.717102,-3.15
2014/4/9,-7.80591,-6.977112,-3.11
2014/4/10,-7.337036,-6.007844,-3.06
2014/4/11,-6.831116,-4.687714,-2.96
2014/4/12,-7.157838,-5.884156,-2.76
2014/4/13,-7.961762,-8.079286,-2.51
2014/4/14,-7.946016,-7.699586,-2.22
2014/4/15,-7.608644,-6.903168,-1.92
2014/4/16,-7.668244,-7.219604,-1.92
2014/4/17,-7.96753,-8.111726,-1.51
2014/4/18,-7.638092,-6.677644,-1.33
2014/4/19,-7.399506,-6.086732,-1.17
2014/4/20,-7.899782,-7.919282,-1.0
2014/4/21,-7.934632,-7.96051,-0.79
2014/4/22,-8.30597,-8.57364,-0.53
2014/4/23,-8.152986,-8.234466,-0.33
2014/4/24,-7.958832,-7.604034,-0.21
2014/4/25,-7.835846,-7.275758,-0.16
2014/4/26,-7.804536,-7.291504,-0.02
2014/4/27,-7.923036,-7.605164,0.09
2014/4/28,-7.572174,-6.966676,0.16
2014/4/29,-7.415436,-6.5495,0.15
2014/4/30,-7.085602,-6.094086,0.08
2014/5/1,-6.69632,-5.404694,0.04
2014/5/2,-6.154024,-4.390992,0.01
2014/5/3,-6.434816,-4.955628,-0.03
2014/5/4,-6.390718,-5.273408,-0.07
2014/5/5,-6.793184,-5.98996,-0.13
2014/5/6,-6.653168,-5.927246,-0.11
2014/5/7,-6.25766,-4.876344,-0.04
2014/5/8,-5.779602,-3.886932,0.04
2014/5/9,-5.33194,-2.971406,0.17
2014/5/10,-5.986818,-5.0589,0.17
2014/5/11,-6.20166,-5.264954,0.17
2014/5/12,-6.165894,-5.42514,0.91
2014/5/13,-5.734558,-4.284302,1.17
2014/5/14,-5.991426,-5.251526,1.43
2014/5/15,-6.079468,-5.170014,1.59
2014/5/16,-5.79709,-4.63321,1.73
2014/5/17,-5.6409,-4.497498,1.75
2014/5/18,-5.622254,-4.48224,1.77
2014/5/19,-5.436006,-3.999696,1.82
2014/5/20,-5.513124,-4.258362,1.87
2014/5/21,-5.010926,-3.194764,1.87
2014/5/22,-5.323732,-4.362092,1.83
2014/5/23,-4.640962,-2.672638,1.82
2014/5/24,-4.45923,-2.382874,1.85
2014/5/25,-4.229004,-2.180328,1.98
2014/5/26,-4.10074,-1.9599,2.12
2014/5/27,-4.165772,-2.180206,2.35
2014/5/28,-3.91678,-1.699676,2.66
2014/5/29,-3.484376,-0.83661,2.92
2014/5/30,-3.204744,-0.665314,3.09
2014/5/31,-3.135712,-0.752136,3.09
2014/6/1,-3.210542,-0.917664,3.1
2014/6/2,-3.400972,-1.49411,3.15
2014/6/3,-3.119782,-0.565766,3.11
2014/6/4,-3.279846,-1.40625,3.05
2014/6/5,-3.022096,-0.944184,3.06
2014/6/6,-2.554506,-0.134126,3.06
2014/6/7,-2.188936,0.317658,3.07
2014/6/8,-2.058594,0.851502,3.13
2014/6/9,-2.163758,0.273254,3.22
2014/6/10,-1.740938,1.05069,3.24
2014/6/11,-1.64676,1.044494,3.18
2014/6/12,-1.177614,2.025116,3.06
2014/6/13,-1.537752,1.068024,2.9
2014/6/14,-1.459688,1.170044,2.74
2014/6/15,-1.613862,0.659148,2.59
2014/6/16,-1.85553,-0.132996,2.41
2014/6/17,-2.189392,-0.624696,2.27
2014/6/18,-1.90152,-0.31598,2.12
2014/6/19,-1.69928,0.41153,1.98
2014/6/20,-1.217926,1.359466,1.8
2014/6/21,-1.163362,1.437592,1.61
2014/6/22,-1.726594,0.259704,1.61
2014/6/23,-1.473908,0.674438,1.81
2014/6/24,-1.480744,0.475982,2.19
2014/6/25,-1.68274,-0.01764,2.62
2014/6/26,-1.85547,-0.251862,2.91
2014/6/27,-2.385316,-1.50464,3.1
2014/6/28,-2.18686,-0.800384,3.16
2014/6/29,-2.005036,-0.473968,3.19
2014/6/30,-1.897492,-0.248444,3.22
2014/7/1,-1.979402,-0.400666,3.23
2014/7/2,-2.319856,-1.15912,3.25
2014/7/3,-2.018556,-0.441864,3.26
2014/7/4,-1.454866,0.692658,3.29
2014/7/5,-2.152954,-0.861114,3.61
2014/7/6,-2.319276,-1.171966,4.11
2014/7/7,-2.085022,-0.436462,4.46
2014/7/8,-1.614594,0.320618,4.69
2014/7/9,-1.204622,1.245574,4.71
2014/7/10,-0.91971,1.684844,4.76
2014/7/11,-0.549286,2.174224,4.8
2014/7/12,-0.535736,2.23413,4.81
2014/7/13,-1.364656,0.174866,4.86
2014/7/14,-1.360718,0.100586,4.95
2014/7/15,-1.325318,0.529938,5.05
2014/7/16,-1.327332,0.239562,5.15
2014/7/17,-1.280976,0.409606,5.42
2014/7/18,-1.637666,-0.443054,5.84
2014/7/19,-1.221956,0.950744,6.13
2014/7/20,-1.001374,1.136718,6.38
2014/7/21,-0.5029,1.991028,6.52
2014/7/22,-0.041504,2.813568,6.55
2014/7/23,0.423614,3.510772,6.49
2014/7/24,0.578398,3.57849,6.3
2014/7/25,0.464934,3.081024,6.17
2014/7/26,0.142546,2.571106,6.13
2014/7/27,0.23355,2.534058,6.04
2014/7/28,0.329254,2.680388,5.91
2014/7/29,0.64865,3.246124,5.76
2014/7/30,0.927336,3.760618,5.62
2014/7/31,1.36566,4.49542,5.43
2014/8/1,1.039032,3.441986,5.2
2014/8/2,0.85147,3.031708,4.94
2014/8/3,1.262176,4.05206,4.7
2014/8/4,1.065032,3.43335,4.48
2014/8/5,1.314574,3.873532,4.25
2014/8/6,1.495024,4.063046,4.0
2014/8/7,1.168182,3.491454,3.78
2014/8/8,0.52307,2.539306,3.5
2014/8/9,0.404266,1.675324,3.33
2014/8/10,0.040252,1.27777,3.25
2014/8/11,0.009582,1.463196,3.25
2014/8/12,-0.34317,1.154022,3.31
2014/8/13,-1.027314,-0.28183,3.46
2014/8/14,-1.222108,-0.943756,3.52
2014/8/15,-1.062928,-0.381806,3.57
2014/8/16,-0.558838,0.82898,3.59
2014/8/17,-0.786744,0.258788,3.6
2014/8/18,-0.53766,0.870026,3.57
2014/8/19,-0.890778,-0.008606,3.55
2014/8/20,-0.542482,0.685242,3.6
2014/8/21,-0.541932,0.642028,3.71
2014/8/22,-0.29236,1.452362,3.87
2014/8/23,0.093108,2.30191,3.99
2014/8/24,0.267944,2.098694,4.1
2014/8/25,-0.002686,1.82666,4.16
2014/8/26,0.158324,1.945252,4.2
2014/8/27,-0.769806,-0.250886,4.27
2014/8/28,-0.708252,0.333344,4.27
2014/8/29,-0.73877,0.162964,4.24
2014/8/30,-0.601076,0.7276,4.23
2014/8/31,-0.263336,0.768188,4.23
2014/9/1,-0.86075,-0.050538,4.23
2014/9/2,-0.967622,-0.12857,4.28
2014/9/3,-1.414796,-0.984742,4.32
2014/9/4,-1.185212,-0.430206,4.35
2014/9/5,-1.066498,-0.275544,4.43
2014/9/6,-0.805756,0.214904,4.47
2014/9/7,-0.569246,0.826538,4.42
2014/9/8,-0.178682,1.644164,4.37
2014/9/9,-0.332734,0.963928,4.29
2014/9/10,-0.217164,1.626312,4.2
2014/9/11,-0.227968,1.27945,4.15
2014/9/12,-0.098572,1.423156,4.15
2014/9/13,-0.737854,0.732146,4.04
2014/9/14,-1.144806,-0.702638,4.02
2014/9/15,-0.812074,0.630126,4.03
2014/9/16,-1.118654,-0.55948,4.03
2014/9/17,-1.004518,0.063476,4.15
2014/9/18,-1.364656,-0.980744,4.22
2014/9/19,-2.11966,-2.744476,4.11
2014/9/20,-1.990266,-2.005218,4.48
2014/9/21,-1.898682,-1.711732,4.69
2014/9/22,-1.467836,-0.267242,4.88
2014/9/23,-1.468202,-0.46631,5.04
2014/9/24,-1.385042,-0.387512,5.01
2014/9/25,-1.312868,-0.208222,4.84
2014/9/26,-1.150056,-0.039948,4.7
2014/9/27,-0.938172,0.190064,4.57
2014/9/28,-0.615326,1.089478,4.45
2014/9/29,-0.472352,0.985076,4.32
2014/9/30,-1.184144,-0.657594,4.19
2014/10/1,-1.233858,-0.923738,4.07
2014/10/2,-1.255768,-0.432008,3.97
2014/10/3,-1.425782,-0.983612,3.8
2014/10/4,-1.477876,-1.004272,3.58
2014/10/5,-1.273652,-0.479646,3.34
2014/10/6,-0.981232,-0.226288,3.08
2014/10/7,-1.63562,-1.568238,2.84
2014/10/8,-1.88559,-1.990906,2.6
2014/10/9,-1.868012,-1.919068,2.37
2014/10/10,-1.846406,-1.78302,2.13
2014/10/11,-1.926606,-1.600312,1.9
2014/10/12,-1.838472,-1.374878,1.68
2014/10/13,-2.043366,-1.79297,1.33
2014/10/14,-2.79532,-3.511688,1.05
2014/10/15,-2.927704,-3.814698,0.76
2014/10/16,-2.744446,-3.083374,0.45
2014/10/17,-2.770234,-3.111664,0.13
2014/10/18,-2.78882,-2.90683,-0.15
2014/10/19,-2.884888,-3.21634,-0.41
2014/10/20,-2.468506,-1.920868,-0.61
2014/10/21,-2.35486,-1.685638,-0.81
2014/10/22,-3.08304,-3.790162,-0.97
2014/10/23,-3.203584,-3.848328,-1.15
2014/10/24,-3.25943,-3.915222,-1.41
2014/10/25,-3.21512,-3.61911,-1.7
2014/10/26,-2.95688,-3.000184,-1.93
2014/10/27,-2.575074,-1.832978,-2.17
2014/10/28,-3.110108,-3.673462,-2.31
2014/10/29,-3.875032,-5.38144,-2.27
2014/10/30,-4.555452,-6.45874,-2.0
2014/10/31,-4.827516,-6.62433,-1.32
2014/11/1,-4.6886,-5.867096,-0.34
2014/11/2,-4.794648,-6.12027,0.26
2014/11/3,-5.44098,-7.10672,0.66
2014/11/4,-5.672334,-7.698274,0.98
2014/11/5,-5.604738,-7.285188,1.13
2014/11/6,-5.685274,-7.472534,1.15
2014/11/7,-5.555116,-6.84137,1.12
2014/11/8,-5.97989,-8.032196,1.11
2014/11/9,-6.303926,-8.398316,1.11
2014/11/10,-6.49234,-8.531434,0.99
2014/11/11,-6.52408,-8.383514,0.86
2014/11/12,-6.455598,-8.182862,0.73
2014/11/13,-6.509736,-7.95636,0.55
2014/11/14,-6.679048,-8.59842,0.37
2014/11/15,-6.857942,-8.683166,0.24
2014/11/16,-6.974824,-9.097688,-0.12
2014/11/17,-7.08078,-9.06366,-0.38
2014/11/18,-7.2847,-9.408234,-0.68
2014/11/19,-7.280458,-8.904846,-1.04
2014/11/20,-7.390656,-9.82193,-1.45
2014/11/21,-7.350922,-9.1745,-1.87
2014/11/22,-6.735718,-7.741608,-2.29
2014/11/23,-6.52115,-7.45337,-2.67
2014/11/24,-7.335694,-9.084808,-2.95
2014/11/25,-7.708864,-10.04358,-3.13
2014/11/26,-7.982788,-10.345856,-3.25
2014/11/27,-7.928712,-9.518464,-3.36
2014/11/28,-8.18976,-9.675018,-3.33
2014/11/29,-8.602296,-10.88144,-3.49
2014/11/30,-8.573182,-10.557434,-3.7
2014/12/1,-9.113434,-11.751678,-3.95
2014/12/2,-9.555452,-12.85321,-2.46
2014/12/3,-9.768434,-12.298218,-2.2
2014/12/4,-10.3284,-13.535614,-2.01
2014/12/5,-10.210756,-13.487092,-1.87
2014/12/6,-10.385498,-13.324584,-1.73
2014/12/7,-9.816194,-11.939788,-1.65
2014/12/8,-9.865296,-12.204132,-1.62
2014/12/9,-9.870728,-12.307038,-1.58
2014/12/10,-10.071748,-12.852662,-1.59
2014/12/11,-10.59601,-13.628266,-1.68
2014/12/12,-10.872284,-14.432312,-1.84
2014/12/13,-11.149842,-14.562256,-2.04
2014/12/14,-11.149568,-14.258666,-2.25
2014/12/15,-10.974214,-13.498474,-2.48
2014/12/16,-10.90027,-13.738526,-2.75
2014/12/17,-11.416352,-14.730132,-2.97
2014/12/18,-11.668824,-15.109924,-3.19
2014/12/19,-11.598938,-14.225098,-3.39
2014/12/20,-11.406892,-14.253326,-3.59
2014/12/21,-11.219118,-13.121888,-3.8
2014/12/22,-11.88971,-15.217102,-3.95
2014/12/23,-12.05307,-14.880096,-3.59
2014/12/24,-11.977082,-14.86203,-4.17
2014/12/25,-11.589508,-13.708068,-4.32
2014/12/26,-11.797882,-14.666778,-4.36
2014/12/27,-11.875184,-14.636414,-4.39
2014/12/28,-11.903474,-14.504058,-4.38
2014/12/29,-11.96524,-14.52539,-4.35
2014/12/30,-11.725892,-13.960022,-4.33
2014/12/31,-11.261078,-13.430146,-4.37
2015/1/1,-11.761566,-14.48407,-4.35
2015/1/2,-12.209198,-15.234284,-4.38
2015/1/3,-12.057954,-14.69867,-4.46
2015/1/4,-11.93271,-14.236694,-4.6
2015/1/5,-11.325928,-12.362702,-4.65
2015/1/6,-11.198152,-11.959228,-4.94
2015/1/7,-12.032776,-15.093994,-4.99
2015/1/8,-12.29065,-15.071778,-5.05
2015/1/9,-11.942352,-14.306366,-5.09
2015/1/10,-11.828888,-13.922638,-5.12
2015/1/11,-11.856568,-14.244782,-5.14
2015/1/12,-11.523866,-13.122192,-5.19
2015/1/13,-11.491822,-13.430114,-5.19
2015/1/14,-11.80307,-14.15799,-5.17
2015/1/15,-11.792116,-14.19992,-5.17
2015/1/16,-11.966064,-14.238922,-5.14
2015/1/17,-11.766724,-13.74652,-5.13
2015/1/18,-12.02359,-14.287658,-5.07
2015/1/19,-11.900574,-14.066224,-5.04
2015/1/20,-11.703156,-13.462464,-5.02
2015/1/21,-11.557222,-13.35321,-4.99
2015/1/22,-11.796906,-13.977326,-5.0
2015/1/23,-11.965698,-14.049592,-4.95
2015/1/24,-11.74521,-13.279174,-4.93
2015/1/25,-11.158844,-11.82489,-4.95
2015/1/26,-11.880066,-14.087066,-4.97
2015/1/27,-11.775666,-12.714386,-5.02
2015/1/28,-12.61618,-15.96521,-5.07
2015/1/29,-13.437348,-18.072968,-5.09
2015/1/30,-14.169984,-18.888886,-5.12
2015/1/31,-14.277252,-18.419068,-5.1
2015/2/1,-14.318604,-18.287994,-4.99
2015/2/2,-14.720886,-18.654114,-4.93
2015/2/3,-14.562988,-18.173004,-4.91
2015/2/4,-14.460144,-17.692994,-4.91
2015/2/5,-14.231446,-17.143218,-4.9
2015/2/6,-14.14505,-16.931336,-4.9
2015/2/7,-13.958496,-16.476258,-4.93
2015/2/8,-13.540192,-15.6109,-4.99
2015/2/9,-13.795502,-16.17508,-5.01
2015/2/10,-13.747224,-15.930878,-5.03
2015/2/11,-13.415772,-15.077514,-5.06
2015/2/12,-12.958282,-14.169952,-5.06
2015/2/13,-12.503296,-13.525818,-5.11
2015/2/14,-11.995972,-12.574494,-5.16
2015/2/15,-12.273896,-13.344208,-5.16
2015/2/16,-11.844056,-12.591888,-5.16
2015/2/17,-11.763398,-12.321838,-5.19
2015/2/18,-11.4758,-11.720154,-5.21
2015/2/19,-11.535462,-12.25415,-5.21
2015/2/20,-12.108094,-13.409332,-5.15
2015/2/21,-12.413238,-14.208648,-5.14
2015/2/22,-12.369386,-13.883392,-5.06
2015/2/23,-12.71396,-14.951782,-4.89
2015/2/24,-12.589538,-14.31491,-4.65
2015/2/25,-12.37561,-13.850524,-4.46
2015/2/26,-12.459718,-13.82669,-4.24
2015/2/27,-12.356384,-13.705414,-4.08
2015/2/28,-12.947602,-15.524598,-3.85
2015/3/1,-13.432496,-16.322846,-3.53
2015/3/2,-13.186066,-15.3508,-3.19
2015/3/3,-12.751252,-14.1698,-2.87
2015/3/4,-12.550842,-13.690002,-2.71
2015/3/5,-12.71759,-14.32663,-2.59
2015/3/6,-13.315614,-16.026154,-2.51
2015/3/7,-13.276398,-15.602906,-2.46
2015/3/8,-12.833038,-14.064392,-2.46
2015/3/9,-12.524812,-13.791778,-2.47
2015/3/10,-12.2565,-12.50882,-2.48
2015/3/11,-12.4628,-13.860352,-2.44
2015/3/12,-12.50534,-13.892212,-2.48
2015/3/13,-12.034332,-12.884308,-2.54
2015/3/14,-11.329744,-10.97229,-2.6
2015/3/15,-11.310396,-11.474182,-2.68
2015/3/16,-11.274232,-11.717498,-2.73
2015/3/17,-10.940004,-10.657104,-2.77
2015/3/18,-10.7995,-10.393738,-2.69
2015/3/19,-11.4599,-12.641632,-2.53
2015/3/20,-11.482332,-12.273224,-2.37
2015/3/21,-11.706482,-12.97705,-2.28
2015/3/22,-11.046082,-11.352784,-2.22
2015/3/23,-10.489624,-9.749878,-2.21
2015/3/24,-10.316316,-9.974976,-2.26
2015/3/25,-10.414948,-10.429748,-2.31
2015/3/26,-9.948488,-9.845978,-2.43
2015/3/27,-10.489686,-11.094086,-2.55
2015/3/28,-10.220002,-10.288086,-2.66
2015/3/29,-9.79834,-9.268952,-2.81
2015/3/30,-9.875458,-9.68747,-2.87
2015/3/31,-9.544252,-8.935578,-2.81
2015/4/1,-8.208772,-6.333314,-2.59
2015/4/2,-7.994966,-6.798676,-2.36
2015/4/3,-9.120484,-8.338928,-2.17
2015/4/4,-9.097566,-8.293304,-1.92
2015/4/5,-9.657868,-10.067964,-1.25
2015/4/6,-10.131044,-11.297516,-0.49
2015/4/7,-10.26001,-11.011108,-0.03
2015/4/8,-11.16626,-13.589264,0.21
2015/4/9,-11.117096,-12.89679,0.46
2015/4/10,-10.856264,-11.954406,0.59
2015/4/11,-10.322358,-10.796662,0.65
2015/4/12,-9.693574,-9.300842,0.58
2015/4/13,-9.599182,-9.618744,0.51
2015/4/14,-9.784334,-10.236084,0.41
2015/4/15,-9.421692,-9.232972,0.26
2015/4/16,-9.57901,-10.002168,0.05
2015/4/17,-8.684266,-7.749512,-0.2
2015/4/18,-8.001466,-6.26767,-0.52
2015/4/19,-7.937744,-6.590638,-0.8
2015/4/20,-8.638062,-7.79364,-1.03
2015/4/21,-8.968812,-9.171082,-1.04
2015/4/22,-8.650636,-8.39447,-0.95
2015/4/23,-7.979126,-6.570038,-0.83
2015/4/24,-7.585786,-6.062928,-0.74
2015/4/25,-7.374604,-5.91327,-0.68
2015/4/26,-6.956848,-5.358734,-0.65
2015/4/27,-6.679016,-4.876618,-0.63
2015/4/28,-6.244232,-4.224304,-0.67
2015/4/29,-5.618286,-3.05719,-0.72
2015/4/30,-5.689668,-3.491394,-0.77
2015/5/1,-5.18161,-2.897798,-0.81
2015/5/2,-5.71335,-3.992158,-0.73
2015/5/3,-6.145722,-5.113618,-0.69
2015/5/4,-5.786896,-4.123474,-0.67
2015/5/5,-6.00467,-4.847016,-0.64
2015/5/6,-5.841126,-4.336122,-0.61
2015/5/7,-5.510316,-3.80545,-0.6
2015/5/8,-5.196168,-3.364746,-0.57
2015/5/9,-5.65088,-4.802368,-0.43
2015/5/10,-5.36145,-3.835602,-0.26
2015/5/11,-4.713044,-3.206696,-0.18
2015/5/12,-5.892366,-5.294952,0.03
2015/5/13,-5.539522,-4.362672,0.24
2015/5/14,-4.942994,-3.12677,0.44
2015/5/15,-4.683594,-2.86731,0.7
2015/5/16,-4.783814,-3.439484,1.14
2015/5/17,-4.575898,-2.885652,1.45
2015/5/18,-4.487184,-2.739076,1.69
2015/5/19,-4.375458,-2.60196,1.89
2015/5/20,-3.913514,-1.621034,2.02
2015/5/21,-3.975434,-1.55722,2.08
2015/5/22,-3.822938,-1.618896,2.16
2015/5/23,-3.991548,-2.376618,2.2
2015/5/24,-4.15622,-2.774354,2.26
2015/5/25,-3.811464,-1.974336,2.32
2015/5/26,-3.573242,-1.606934,2.34
2015/5/27,-3.826082,-2.502594,2.28
2015/5/28,-3.88028,-2.570618,2.22
2015/5/29,-3.464508,-1.568482,2.19
2015/5/30,-4.102082,-3.058868,2.22
2015/5/31,-3.578706,-2.168304,2.28
2015/6/1,-3.400544,-1.390626,2.32
2015/6/2,-3.155092,-1.091218,2.48
2015/6/3,-3.327546,-1.448852,2.72
2015/6/4,-3.599,-2.20636,2.92
2015/6/5,-4.112214,-3.368592,3.12
2015/6/6,-3.727234,-2.359162,3.28
2015/6/7,-3.151002,-1.042572,3.39
2015/6/8,-4.204744,-3.659272,3.61
2015/6/9,-4.043488,-3.198304,3.87
2015/6/10,-3.69928,-2.264832,4.08
2015/6/11,-3.315156,-1.381378,4.26
2015/6/12,-3.119904,-1.214082,4.45
2015/6/13,-2.537202,0.048156,4.65
2015/6/14,-2.386536,0.016784,4.83
2015/6/15,-2.58957,-0.399872,5.02
2015/6/16,-2.64682,-0.696412,5.18
2015/6/17,-2.354402,-0.156342,5.38
2015/6/18,-3.312562,-2.46695,5.84
2015/6/19,-2.963288,-1.377564,5.94
2015/6/20,-2.724396,-0.960298,5.94
2015/6/21,-2.369812,-0.20105,5.92
2015/6/22,-3.397432,-2.636566,6.07
2015/6/23,-3.02057,-1.453492,6.19
2015/6/24,-2.024384,0.4599,6.33
2015/6/25,-1.568878,1.109496,6.33
2015/6/26,-1.853944,0.145904,6.26
2015/6/27,-1.426362,0.959838,6.13
2015/6/28,-1.50641,0.607178,5.99
2015/6/29,-1.256806,1.301696,5.94
2015/6/30,-0.522676,2.445464,5.84
2015/7/1,-1.77823,-0.572358,5.7
2015/7/2,-1.433046,0.71109,5.68
2015/7/3,-0.968354,1.720642,5.72
2015/7/4,-1.183046,0.876984,5.74
2015/7/5,-1.653076,0.134064,5.85
2015/7/6,-1.912628,-0.55835,5.93
2015/7/7,-2.225404,-1.145172,5.92
2015/7/8,-2.233186,-0.913178,5.9
2015/7/9,-1.868592,-0.122712,5.87
2015/7/10,-1.963014,-0.365784,5.74
2015/7/11,-1.411836,0.781158,5.62
2015/7/12,-1.12793,1.31604,5.46
2015/7/13,-0.811158,1.71469,5.3
2015/7/14,-0.251282,2.73474,5.3
2015/7/15,-0.053956,2.836792,4.92
2015/7/16,-1.121674,0.379364,4.87
2015/7/17,-1.653626,-0.553284,4.84
2015/7/18,-1.548798,-0.033234,4.84
2015/7/19,-1.238832,0.593018,4.75
2015/7/20,-1.135866,0.89093,4.59
2015/7/21,-0.757264,1.545806,4.41
2015/7/22,-0.538606,1.756866,4.22
2015/7/23,-0.337404,1.990326,4.08
2015/7/24,-1.34137,-0.204346,4.35
2015/7/25,-0.957062,0.794768,4.45
2015/7/26,-0.612214,1.445098,4.37
2015/7/27,-0.762574,1.144104,4.33
2015/7/28,-0.220552,2.138274,4.25
2015/7/29,0.116852,2.564696,4.13
2015/7/30,0.354338,3.099548,3.99
2015/7/31,0.54016,3.38797,3.78
2015/8/1,0.765074,3.476318,3.51
2015/8/2,0.976684,3.833586,3.2
2015/8/3,0.995818,3.829556,2.88
2015/8/4,1.260406,4.163754,2.55
2015/8/5,1.428466,4.397702,2.16
2015/8/6,1.546936,4.43643,1.77
2015/8/7,1.252928,3.689024,1.31
2015/8/8,1.575896,3.654326,0.84
2015/8/9,1.601928,4.30496,0.46
2015/8/10,1.165222,3.057616,0.22
2015/8/11,0.572998,2.069946,0.09
2015/8/12,0.586364,2.259582,0.02
2015/8/13,0.702118,2.523346,-0.07
2015/8/14,0.733368,2.667418,-0.09
2015/8/15,1.035186,3.200806,-0.18
2015/8/16,0.684538,2.524566,-0.12
2015/8/17,0.85791,2.938872,0.01
2015/8/18,0.933136,3.060058,0.15
2015/8/19,1.190276,3.468628,0.34
2015/8/20,0.07492,0.627014,0.55
2015/8/21,0.302154,1.56372,0.71
2015/8/22,0.47119,2.174072,0.85
2015/8/23,0.530882,2.14511,0.98
2015/8/24,0.747406,2.686676,1.05
2015/8/25,0.52655,1.91339,1.06
2015/8/26,0.478972,2.16339,1.06
2015/8/27,0.645172,2.533202,1.05
2015/8/28,0.838592,2.713592,1.03
2015/8/29,0.664886,2.049774,1.07
2015/8/30,0.76416,2.359406,1.13
2015/8/31,0.759062,2.557068,1.15
2015/9/1,0.672332,2.151154,1.21
2015/9/2,0.89337,2.10028,1.22
2015/9/3,0.91107,2.766846,1.19
2015/9/4,0.828856,2.562102,1.22
2015/9/5,1.268432,3.559112,1.29
2015/9/6,0.735228,2.303008,1.32
2015/9/7,0.822692,2.341614,1.32
2015/9/8,0.578642,1.83908,1.3
2015/9/9,0.674164,1.787018,1.31
2015/9/10,0.739044,1.50241,1.36
2015/9/11,0.677642,2.060944,1.46
2015/9/12,0.087372,0.666412,1.58
2015/9/13,-0.135834,0.269104,1.74
2015/9/14,-0.281372,-0.031128,1.87
2015/9/15,-0.483246,-0.519134,1.95
2015/9/16,-0.265596,-0.182434,1.96
2015/9/17,-0.304352,-0.35907,1.89
2015/9/18,-0.277558,-0.093384,1.79
2015/9/19,-1.029206,-1.624452,1.76
2015/9/20,-1.114992,0.049956,1.78
2015/9/21,-0.931366,-0.394928,1.82
2015/9/22,-0.842256,-0.463684,1.87
2015/9/23,-0.88434,-0.595338,1.87
2015/9/24,-0.872406,-0.39676,1.85
2015/9/25,-1.431946,-1.674226,1.81
2015/9/26,-1.315338,-0.93686,1.81
2015/9/27,-1.168396,-0.501496,1.8
2015/9/28,-1.073822,-0.177278,1.73
2015/9/29,-0.706422,0.88803,1.61
2015/9/30,-0.690004,0.496306,1.46
2015/10/1,-1.42923,-1.50232,1.42
2015/10/2,-1.752504,-2.210266,1.36
2015/10/3,-1.79126,-2.041596,1.27
2015/10/4,-1.658264,-1.429994,1.13
2015/10/5,-1.903076,-2.428924,0.95
2015/10/6,-2.14798,-2.601746,0.8
2015/10/7,-2.567536,-3.131776,0.8
2015/10/8,-2.48053,-2.82187,0.75
2015/10/9,-2.617096,-3.048066,0.77
2015/10/10,-2.866578,-3.538422,0.84
2015/10/11,-2.712282,-3.177308,0.86
2015/10/12,-2.672578,-2.891114,0.82
2015/10/13,-2.74228,-3.178956,0.71
2015/10/14,-2.863252,-3.227356,0.57
2015/10/15,-2.672426,-2.867554,0.43
2015/10/16,-2.45688,-2.21576,0.27
2015/10/17,-2.400482,-2.562286,0.1
2015/10/18,-2.444306,-2.352632,-0.07
2015/10/19,-2.387604,-2.078248,-0.21
2015/10/20,-2.46634,-2.51059,-0.32
2015/10/21,-2.53003,-2.825134,-0.46
2015/10/22,-2.453278,-2.425842,-0.61
2015/10/23,-2.46042,-2.579896,-0.86
2015/10/24,-2.560274,-2.693696,-1.13
2015/10/25,-2.464448,-2.376832,-1.4
2015/10/26,-2.449708,-2.015382,-1.66
2015/10/27,-3.253052,-4.578064,-1.97
2015/10/28,-3.642366,-4.726136,-2.18
2015/10/29,-3.888948,-5.471284,-2.36
2015/10/30,-4.52057,-6.7482,-2.48
2015/10/31,-4.552736,-6.348144,-2.48
2015/11/1,-4.967224,-7.017488,-2.3
2015/11/2,-5.184144,-7.45105,-2.02
2015/11/3,-5.252716,-7.295838,-1.78
2015/11/4,-5.116852,-6.631622,-1.61
2015/11/5,-5.16324,-6.44931,-1.48
2015/11/6,-4.829956,-5.442872,-1.39
2015/11/7,-5.021302,-6.785004,-1.4
2015/11/8,-5.875092,-8.523468,-1.44
2015/11/9,-6.13739,-8.766816,-1.51
2015/11/10,-6.150056,-8.26236,-1.63
2015/11/11,-6.605104,-9.51471,-1.73
2015/11/12,-6.551636,-8.855042,-1.81
2015/11/13,-6.927704,-9.678956,-1.7
2015/11/14,-6.921174,-9.227326,-1.39
2015/11/15,-6.887268,-8.67099,-0.91
2015/11/16,-6.68924,-8.370728,-0.4
2015/11/17,-6.807312,-8.538116,0.01
2015/11/18,-7.117798,-9.380006,0.31
2015/11/19,-7.397584,-9.828584,0.52
2015/11/20,-7.700318,-9.977174,0.77
2015/11/21,-7.365204,-9.28885,0.91
2015/11/22,-7.200166,-8.602722,0.96
2015/11/23,-7.581758,-10.157594,0.86
2015/11/24,-8.309938,-11.41034,0.7
2015/11/25,-9.39908,-14.502594,0.54
2015/11/26,-9.585634,-13.79773,0.39
2015/11/27,-9.954926,-14.832306,0.19
2015/11/28,-9.759248,-13.430146,-0.04
2015/11/29,-9.70163,-13.185852,-0.32
2015/11/30,-9.644226,-12.664032,-0.62
2015/12/1,-9.448944,-12.02121,-0.92
2015/12/2,-9.298066,-11.646698,-1.19
2015/12/3,-9.393494,-11.945618,-1.39
2015/12/4,-9.369752,-11.694336,-1.6
2015/12/5,-9.562196,-12.078674,-1.74
2015/12/6,-9.994294,-13.688354,-1.89
2015/12/7,-10.320772,-14.017304,-1.85
2015/12/8,-10.20041,-13.365692,-1.59
2015/12/9,-10.018494,-12.62564,-1.24
2015/12/10,-9.995088,-12.459168,-1.0
2015/12/11,-9.966584,-12.34262,-0.88
2015/12/12,-10.01416,-12.490448,-0.82
2015/12/13,-10.233582,-12.963196,-0.83
2015/12/14,-10.440216,-13.411224,-0.85
2015/12/15,-10.349092,-13.069732,-0.86
2015/12/16,-10.458802,-13.131684,-0.87
2015/12/17,-11.096222,-14.723664,-0.87
2015/12/18,-11.198854,-14.880554,-0.89
2015/12/19,-11.31894,-14.80362,-0.97
2015/12/20,-11.32782,-14.871826,-1.09
2015/12/21,-11.671968,-15.562928,-1.26
2015/12/22,-11.47464,-14.653198,-1.46
2015/12/23,-11.443178,-14.151428,-1.72
2015/12/24,-11.459474,-14.021148,-1.98
2015/12/25,-11.626892,-15.194062,-2.13
2015/12/26,-11.743562,-14.849732,-2.18
2015/12/27,-11.313814,-13.56314,-2.24
2015/12/28,-11.692108,-14.942994,-2.34
2015/12/29,-11.939454,-15.342286,-2.44
2015/12/30,-11.893586,-14.891816,-2.54
2015/12/31,-11.6409,-14.33014,-2.7
2016/1/1,-11.74643,-14.002442,-2.85
2016/1/2,-11.712738,-14.298188,-3.04
2016/1/3,-11.413208,-13.094788,-3.2
2016/1/4,-10.99106,-12.046936,-3.39
2016/1/5,-11.39148,-14.45929,-3.55
2016/1/6,-11.627626,-14.121002,-3.67
2016/1/7,-11.764954,-14.501984,-3.73
2016/1/8,-12.21634,-15.1922,-3.7
2016/1/9,-12.160614,-15.416596,-3.63
2016/1/10,-12.253326,-15.523528,-3.55
2016/1/11,-12.32074,-15.537322,-3.49
2016/1/12,-13.48587,-16.677856,-3.34
2016/1/13,-13.748994,-16.97873,-3.05
2016/1/14,-13.43454,-16.432098,-2.75
2016/1/15,-13.161836,-16.05835,-2.58
2016/1/16,-13.065766,-16.011688,-2.5
2016/1/17,-13.026642,-15.697602,-2.5
2016/1/18,-12.900116,-15.864808,-2.5
2016/1/19,-13.246612,-16.387268,-2.5
2016/1/20,-13.135896,-16.128968,-2.49
2016/1/21,-13.412476,-16.618652,-2.52
2016/1/22,-13.747956,-17.599854,-2.52
2016/1/23,-14.21109,-16.91507,-2.58
2016/1/24,-14.593568,-19.1521,-2.54
2016/1/25,-15.107484,-20.702882,-2.47
2016/1/26,-14.718048,-19.019256,-2.43
2016/1/27,-14.278778,-17.787446,-2.36
2016/1/28,-14.128938,-17.710082,-2.29
2016/1/29,-13.84958,-16.640748,-2.31
2016/1/30,-14.17865,-17.348206,-2.33
2016/1/31,-14.280456,-16.994934,-2.39
2016/2/1,-15.014832,-18.54126,-2.41
2016/2/2,-15.509858,-19.517578,-2.35
2016/2/3,-15.337128,-18.8703,-2.28
2016/2/4,-14.871246,-17.253296,-2.24
2016/2/5,-14.474792,-16.723206,-2.22
2016/2/6,-14.359314,-16.392486,-2.27
2016/2/7,-14.512298,-16.951752,-2.32
2016/2/8,-14.38498,-16.43579,-2.39
2016/2/9,-13.805146,-15.008666,-2.41
2016/2/10,-13.076538,-13.453064,-2.64
2016/2/11,-12.703644,-12.921752,-2.83
2016/2/12,-12.0513,-11.832734,-3.03
2016/2/13,-11.75943,-11.28357,-3.25
2016/2/14,-12.679626,-14.151428,-3.51
2016/2/15,-13.481202,-16.05069,-3.63
2016/2/16,-13.741334,-16.112884,-3.7
2016/2/17,-13.44455,-15.607086,-3.72
2016/2/18,-13.227692,-15.020782,-3.69
2016/2/19,-12.71222,-13.714112,-3.63
2016/2/20,-12.647064,-13.81726,-3.58
2016/2/21,-12.679414,-14.033904,-3.52
2016/2/22,-12.790192,-14.54181,-3.45
2016/2/23,-12.9115,-14.663422,-3.42
2016/2/24,-12.818604,-14.264954,-3.36
2016/2/25,-12.710968,-14.028716,-3.28
2016/2/26,-12.277528,-12.981658,-3.24
2016/2/27,-11.940216,-12.53244,-3.22
2016/2/28,-11.602478,-11.928558,-3.21
2016/2/29,-11.45691,-11.593934,-3.27
2016/3/1,-11.543854,-12.24533,-3.34
2016/3/2,-11.154298,-11.379914,-3.47
2016/3/3,-10.753602,-10.539674,-3.6
2016/3/4,-10.49942,-10.24167,-3.74
2016/3/5,-9.679262,-8.730286,-3.87
2016/3/6,-10.008394,-9.768372,-3.99
2016/3/8,-8.983796,-7.798158,-4.15
2016/3/9,-10.910676,-12.273438,-4.09
2016/3/10,-11.888062,-14.634064,-3.91
2016/3/11,-12.205414,-14.721984,-3.57
2016/3/12,-11.98816,-13.822296,-3.1
2016/3/13,-11.567994,-12.642028,-2.72
2016/3/14,-11.450746,-12.52655,-2.49
2016/3/15,-11.326142,-12.077362,-2.3
2016/3/16,-11.180116,-12.006714,-2.2
2016/3/17,-10.704042,-10.65921,-2.16
2016/3/18,-10.575928,-10.620972,-2.2
2016/3/19,-10.095154,-9.984956,-2.24
2016/3/20,-9.513704,-8.87378,-2.27
2016/3/21,-9.528626,-9.051392,-2.28
2016/3/22,-9.654664,-9.470368,-2.24
2016/3/23,-9.176056,-8.270234,-2.08
2016/3/24,-9.7323,-9.868012,-1.74
2016/3/25,-9.949524,-10.468446,-1.14
2016/3/26,-9.915834,-10.56543,-0.58
2016/3/27,-10.287812,-11.357208,-0.28
2016/3/28,-10.04187,-10.79245,-0.2
2016/3/29,-9.493256,-9.362976,-0.34
2016/3/30,-9.700166,-10.224366,-0.52
2016/3/31,-10.043886,-10.907532,-0.69
2016/4/1,-9.751588,-10.036774,-0.83
2016/4/2,-8.832398,-7.606384,-0.89
2016/4/3,-8.59845,-7.022004,-0.96
2016/4/4,-9.586976,-10.087128,-1.03
2016/4/5,-9.332948,-9.187134,-1.06
2016/4/6,-9.35968,-9.355134,-0.96
2016/4/7,-9.669404,-9.97989,-0.65
2016/4/8,-9.150422,-8.908784,-0.37
2016/4/9,-8.580536,-7.510194,-0.08
2016/4/10,-8.389192,-7.292084,0.3
2016/4/11,-8.1709,-6.758514,0.69
2016/4/12,-7.878998,-6.320832,1.04
2016/4/13,-7.457428,-5.474824,1.27
2016/4/14,-6.973114,-4.901092,1.41
2016/4/15,-6.831726,-4.91684,1.55
2016/4/16,-6.89975,-5.389192,1.65
2016/4/17,-7.481386,-6.95639,1.76
2016/4/18,-7.863466,-7.665406,1.92
2016/4/19,-7.65854,-7.208924,2.1
2016/4/20,-7.090852,-5.898194,2.31
2016/4/21,-7.652832,-7.187042,2.6
2016/4/22,-7.230316,-6.220674,2.92
2016/4/23,-7.060762,-5.837768,3.16
2016/4/24,-7.2045,-5.83252,3.35
2016/4/25,-7.341066,-6.738098,3.5
2016/4/26,-7.093324,-6.226258,3.59
2016/4/27,-7.144014,-6.320008,3.66
2016/4/28,-7.064514,-6.18094,3.76
2016/4/29,-6.766968,-5.534974,3.85
2016/4/30,-6.244232,-4.730164,3.92
2016/5/1,-5.708284,-3.668854,3.89
2016/5/2,-5.434204,-2.922334,3.8
2016/5/3,-6.18976,-5.197784,3.69
2016/5/4,-5.912294,-4.561616,3.69
2016/5/5,-5.537324,-3.741516,3.64
2016/5/6,-5.187654,-2.997284,3.65
2016/5/7,-4.87088,-2.679902,3.58
2016/5/8,-5.846802,-5.161012,3.6
2016/5/9,-6.320984,-6.154724,3.66
2016/5/10,-6.549562,-6.289246,3.83
2016/5/11,-6.382782,-5.989716,4.07
2016/5/12,-5.671602,-4.272858,4.32
2016/5/13,-5.155426,-3.023652,4.42
2016/5/14,-5.213594,-3.710724,4.54
2016/5/15,-5.532074,-3.959382,4.5
2016/5/16,-6.029786,-5.89566,4.56
2016/5/17,-5.755036,-4.944184,4.59
2016/5/18,-5.534334,-4.47345,4.55
2016/5/19,-5.185914,-3.630006,4.46
2016/5/20,-5.354676,-3.920686,4.34
2016/5/21,-5.767274,-5.16214,4.25
2016/5/22,-5.868898,-5.22992,4.26
2016/5/23,-5.828766,-5.066528,4.38
2016/5/24,-5.800354,-4.775666,4.44
2016/5/25,-5.541626,-4.602448,4.5
2016/5/26,-5.245118,-3.98114,4.52
2016/5/27,-6.04303,-5.97693,4.57
2016/5/28,-6.09662,-5.846802,4.6
2016/5/29,-5.92917,-5.277496,4.6
2016/5/30,-5.5701,-4.458466,4.59
2016/5/31,-5.055634,-3.252534,4.55
2016/6/1,-3.823274,-0.985474,4.5
2016/6/2,-4.943116,-3.590272,4.47
2016/6/3,-5.509584,-4.901856,4.51
2016/6/4,-5.587372,-5.124024,4.68
2016/6/5,-5.00528,-3.646484,4.8
2016/6/6,-4.277254,-2.013306,4.9
2016/6/7,-4.110504,-1.911866,4.91
2016/6/8,-4.147584,-2.07843,4.86
2016/6/9,-3.618378,-1.143066,4.76
2016/6/10,-3.63141,-1.436402,4.63
2016/6/11,-3.297272,-0.85492,4.48
2016/6/12,-3.775636,-2.175354,4.38
2016/6/13,-3.286958,-1.36615,4.32
2016/6/14,-3.0289,-0.51416,4.27
2016/6/15,-2.342958,0.61676,4.21
2016/6/16,-3.10968,-1.007508,4.16
2016/6/17,-2.754182,-0.549256,4.21
2016/6/18,-2.320282,0.395172,4.33
2016/6/19,-2.016206,0.740966,4.47
2016/6/20,-3.319764,-2.377442,4.89
2016/6/21,-3.038576,-1.329742,5.09
2016/6/22,-2.362702,0.042602,5.11
2016/6/23,-1.80005,1.099578,5.14
2016/6/24,-1.046968,2.288726,5.14
2016/6/25,-2.296998,-0.03952,5.17
2016/6/26,-3.319948,-2.836976,5.41
2016/6/27,-3.482544,-2.972198,5.48
2016/6/28,-3.824678,-3.525666,5.65
2016/6/29,-3.899292,-3.412842,5.85
2016/6/30,-3.012208,-1.13977,5.92
2016/7/1,-3.074646,-1.589966,6.22
2016/7/2,-3.310608,-2.289338,7.53
2016/7/3,-3.57242,-2.649598,7.93
2016/7/4,-3.454926,-2.406068,8.0
2016/7/5,-3.530854,-2.512634,8.38
2016/7/6,-3.631562,-2.446564,8.75
2016/7/7,-3.818268,-2.845428,9.26
2016/7/8,-3.02771,-1.263642,9.18
2016/7/9,-2.409638,-0.141022,9.09
2016/7/10,-1.942536,0.624602,8.99
2016/7/11,-1.56949,1.315124,8.82
2016/7/12,-1.338044,1.420196,8.69
2016/7/13,-0.954378,1.970276,8.54
2016/7/14,-1.140962,1.504486,8.39
2016/7/15,-1.124298,1.509398,8.25
2016/7/16,-1.902588,-0.346802,8.16
2016/7/17,-1.530152,0.593658,8.12
2016/7/18,-1.405,0.836914,8.04
2016/7/19,-1.203096,1.234436,8.02
2016/7/20,-1.541444,0.363556,8.18
2016/7/21,-1.770936,-0.154022,8.57
2016/7/22,-1.037294,1.432342,8.68
2016/7/23,-0.478516,2.425536,8.5
2016/7/24,-0.119874,2.956268,8.38
2016/7/25,0.177916,3.321532,8.21
2016/7/26,0.624694,4.011412,8.04
2016/7/27,0.853882,4.431578,7.9
2016/7/28,1.158538,4.785214,7.73
2016/7/29,1.291748,4.926938,7.59
2016/7/30,1.340788,4.827054,7.44
2016/7/31,1.403136,4.256254,7.26
2016/8/1,1.283538,4.465696,7.12
2016/8/2,1.493072,4.791014,6.97
2016/8/3,0.925018,3.550292,6.83
2016/8/4,0.627746,2.802368,6.82
2016/8/5,0.099028,1.753844,6.8
2016/8/6,0.246032,2.33551,6.72
2016/8/7,0.040222,1.956786,6.67
2016/8/8,0.093994,2.100098,6.63
2016/8/9,-0.05185,1.686768,6.58
2016/8/10,0.23349,2.425994,6.5
2016/8/11,0.74832,3.397948,6.41
2016/8/12,1.034758,3.965666,6.35
2016/8/13,1.394836,4.397276,6.26
2016/8/14,1.581938,4.442076,6.16
2016/8/15,1.533354,4.496092,6.03
2016/8/16,1.77536,4.844876,5.91
2016/8/17,1.916656,5.176634,5.77
2016/8/18,2.124298,5.087034,5.59
2016/8/19,2.027098,4.88983,5.38
2016/8/20,2.343628,5.604398,5.23
2016/8/21,1.948088,4.54025,4.99
2016/8/22,1.906036,4.780728,4.76
2016/8/23,1.81665,4.449034,4.52
2016/8/24,1.941374,4.797544,4.31
2016/8/25,2.165588,5.035214,4.1
2016/8/26,1.969206,4.496946,3.81
2016/8/27,0.635864,1.999358,3.52
2016/8/28,0.425444,1.636078,3.3
2016/8/29,0.468596,1.783966,3.06
2016/8/30,0.380858,1.21347,2.84
2016/8/31,0.500244,1.851044,2.5
2016/9/1,0.529968,2.106812,2.15
2016/9/2,0.5708,2.014586,1.77
2016/9/3,0.932646,2.967346,1.37
2016/9/4,1.115904,3.202454,1.07
2016/9/5,0.819518,2.571502,0.61
2016/9/6,0.87332,2.516448,0.3
2016/9/7,0.544646,1.934752,-0.05
2016/9/8,0.677764,2.185882,-0.32
2016/9/9,0.87802,2.62448,-0.57
2016/9/10,0.46646,1.57019,-0.76
2016/9/11,0.475982,1.792542,-0.89
2016/9/12,0.601776,1.996612,-0.86
2016/9/13,0.919098,2.721314,-0.8
2016/9/14,0.944548,2.52655,-0.89
2016/9/15,1.256926,3.366272,-1.09
2016/9/16,0.78305,2.3656,-1.32
2016/9/17,0.673186,2.219176,-1.51
2016/9/18,0.619078,2.252502,-1.69
2016/9/19,0.814086,2.70584,-1.87
2016/9/20,0.23703,1.40097,-2.07
2016/9/21,0.068572,1.146758,-2.22
2016/9/22,-0.068696,0.391266,-2.37
2016/9/23,-0.061066,0.81366,-2.49
2016/9/24,0.024994,1.096404,-2.59
2016/9/25,0.18637,1.660552,-2.7
2016/9/26,0.196898,1.559876,-2.82
2016/9/27,0.640564,2.796264,-2.92
2016/9/28,0.350676,2.278656,-3.03
2016/9/29,-0.311554,0.344452,-3.05
2016/9/30,-1.067566,-1.202698,-2.93
2016/10/1,-1.809266,-3.15857,-2.77
2016/10/2,-1.964814,-3.030548,-2.65
2016/10/3,-2.0625,-2.865234,-2.61
2016/10/4,-1.989076,-1.99057,-2.59
2016/10/5,-1.689882,-1.18332,-2.63
2016/10/6,-1.578064,-0.795594,-2.7
2016/10/7,-1.227144,0.317412,-2.77
2016/10/8,-1.423372,-0.516358,-2.89
2016/10/9,-1.556154,-0.332336,-2.97
2016/10/10,-2.042024,-2.002228,-3.03
2016/10/11,-2.17395,-2.457458,-3.11
2016/10/12,-2.598756,-3.532472,-3.22
2016/10/13,-2.86316,-3.822022,-3.34
2016/10/14,-3.293,-4.621522,-3.47
2016/10/15,-3.333436,-4.273926,-3.61
2016/10/16,-2.983216,-3.08432,-3.73
2016/10/17,-3.28534,-3.97223,-3.87
2016/10/18,-3.07666,-3.16983,-3.97
2016/10/19,-2.877656,-2.606996,-4.07
2016/10/20,-2.851442,-2.56891,-4.08
2016/10/21,-2.976442,-3.025574,-4.03
2016/10/22,-2.950318,-2.516694,-3.91
2016/10/23,-3.332428,-3.504914,-3.74
2016/10/24,-3.901796,-5.335358,-3.56
2016/10/25,-4.524018,-6.538606,-3.35
2016/10/26,-4.727754,-6.6716,-3.17
2016/10/27,-5.017488,-7.02646,-3.05
2016/10/28,-4.97043,-6.280702,-3.0
2016/10/29,-5.48349,-7.431916,-2.92
2016/10/30,-6.25174,-9.242554,-2.74
2016/10/31,-6.151552,-8.40207,-2.61
2016/11/1,-6.485322,-8.57483,-2.6
2016/11/2,-6.581726,-9.115906,-2.61
2016/11/3,-6.7594,-9.338654,-2.53
2016/11/4,-6.668854,-8.998932,-2.28
2016/11/5,-6.452088,-8.07019,-2.01
2016/11/6,-5.990266,-6.821992,-1.87
2016/11/7,-5.701234,-6.181366,-1.88
2016/11/8,-6.493012,-7.4534,-1.99
2016/11/9,-7.007782,-9.429596,-2.0
2016/11/10,-7.6196,-10.775848,-1.96
2016/11/11,-7.84543,-11.129822,-1.78
2016/11/12,-7.446228,-9.272736,-1.49
2016/11/13,-6.947144,-8.047944,-1.24
2016/11/14,-6.588806,-7.170532,-1.03
2016/11/15,-6.34314,-6.568878,-0.9
2016/11/16,-6.476898,-7.086762,-0.83
2016/11/17,-6.447328,-7.124696,-0.8
2016/11/18,-6.720368,-7.951386,-0.81
2016/11/19,-6.571016,-7.312898,-0.9
2016/11/20,-6.469636,-6.29715,-1.06
2016/11/21,-6.487306,-7.12915,-1.27
2016/11/22,-6.833618,-8.19278,-1.55
2016/11/23,-8.323334,-11.936554,-1.78
2016/11/24,-9.298798,-14.220368,-1.81
2016/11/25,-9.46869,-13.772186,-1.84
2016/11/26,-9.582184,-13.515808,-1.99
2016/11/27,-9.432954,-13.053924,-2.16
2016/11/28,-9.288942,-12.375428,-2.36
2016/11/29,-9.200136,-11.74237,-2.53
2016/11/30,-9.406312,-12.16919,-2.63
2016/12/1,-9.443818,-12.45813,-2.74
2016/12/2,-9.262544,-11.343446,-2.84
2016/12/3,-9.17093,-11.114654,-2.93
2016/12/4,-9.086304,-10.864228,-3.0
2016/12/5,-9.102234,-11.24704,-3.08
2016/12/6,-9.034852,-10.902772,-3.19
2016/12/7,-9.356782,-11.984954,-3.31
2016/12/8,-9.206604,-11.345216,-3.45
2016/12/9,-9.139436,-11.241882,-3.61
2016/12/10,-9.036806,-10.70102,-3.76
2016/12/11,-9.328644,-11.54651,-3.87
2016/12/12,-9.329774,-11.400666,-3.97
2016/12/13,-9.55838,-11.699006,-4.1
2016/12/14,-9.741974,-12.063874,-4.24
2016/12/15,-10.283754,-13.543976,-4.24
2016/12/16,-10.247406,-13.244538,-4.25
2016/12/17,-10.532106,-13.7406,-4.28
2016/12/18,-10.435822,-12.837036,-4.35
2016/12/19,-9.998444,-11.73648,-4.44
2016/12/20,-10.119324,-12.49002,-4.49
2016/12/21,-10.214936,-12.42102,-4.52
2016/12/22,-10.590516,-13.614776,-4.55
2016/12/23,-10.575014,-13.416198,-4.51
2016/12/24,-10.402588,-12.282776,-4.46
2016/12/25,-10.751466,-13.800506,-4.41
2016/12/26,-11.23401,-14.780364,-4.39
2016/12/27,-11.465332,-14.96466,-4.38
2016/12/28,-11.68515,-15.41809,-4.31
2016/12/29,-11.641176,-14.942078,-4.24
2016/12/30,-11.73404,-14.98941,-4.2
2016/12/31,-11.88971,-15.23468,-4.19
2017/1/1,-11.535462,-13.86621,-4.16
2017/1/2,-11.073334,-12.610626,-4.15
2017/1/3,-10.995484,-12.56308,-4.19
2017/1/4,-10.734406,-11.004426,-4.23
2017/1/5,-10.780426,-12.5047,-4.25
2017/1/6,-11.217774,-13.453278,-4.24
2017/1/7,-11.481874,-13.904296,-4.06
2017/1/8,-11.716584,-14.625306,-3.85
2017/1/9,-11.714814,-14.460876,-3.67
2017/1/10,-11.671022,-13.952606,-3.57
2017/1/11,-11.961304,-14.585114,-3.48
2017/1/12,-12.146972,-15.28534,-3.4
2017/1/13,-12.161866,-15.250274,-3.33
2017/1/14,-12.165344,-14.59262,-3.28
2017/1/15,-12.048158,-14.55127,-3.18
2017/1/16,-12.269134,-15.174042,-3.07
2017/1/17,-12.11911,-14.526214,-3.05
2017/1/18,-11.96701,-14.0141,-3.09
2017/1/19,-12.053772,-14.425904,-3.18
2017/1/20,-12.217652,-14.937164,-3.29
2017/1/21,-12.473206,-15.710358,-3.31
2017/1/22,-12.510102,-15.636628,-3.33
2017/1/23,-12.29129,-14.848876,-3.36
2017/1/24,-12.18103,-14.346192,-3.42
2017/1/25,-11.905152,-13.72638,-3.49
2017/1/26,-12.013702,-14.278962,-3.59
2017/1/27,-11.688416,-13.050872,-3.74
2017/1/28,-11.81537,-13.307282,-3.87
2017/1/29,-11.513002,-12.406464,-4.0
2017/1/30,-11.871308,-13.652496,-4.19
2017/1/31,-12.306458,-15.066376,-4.32
2017/2/1,-12.585174,-15.556946,-4.46
2017/2/2,-13.02707,-16.576844,-4.56
2017/2/3,-13.274018,-16.951812,-4.6
2017/2/4,-13.310516,-16.57663,-4.6
2017/2/5,-13.064698,-15.661194,-4.58
2017/2/6,-12.97104,-15.391602,-4.57
2017/2/7,-12.645508,-14.621888,-4.58
2017/2/8,-13.19513,-16.309722,-4.61
2017/2/9,-13.490052,-16.956696,-4.62
2017/2/10,-13.47409,-16.48825,-4.6
2017/2/11,-13.345306,-16.133972,-4.59
2017/2/12,-13.254914,-16.07959,-4.57
2017/2/13,-12.986358,-15.095032,-4.55
2017/2/14,-12.53775,-13.761932,-4.54
2017/2/15,-12.035278,-13.039704,-4.54
2017/2/16,-11.535524,-11.52942,-4.59
2017/2/17,-10.874756,-10.143066,-4.73
2017/2/18,-11.470124,-12.589142,-4.81
2017/2/19,-11.288056,-11.768768,-4.87
2017/2/20,-10.776032,-10.476532,-4.93
2017/2/21,-11.23398,-12.22525,-4.98
2017/2/22,-12.211884,-14.676696,-4.98
2017/2/23,-12.618194,-15.586456,-4.99
2017/2/24,-12.512544,-14.896942,-4.92
2017/2/25,-12.242248,-13.987,-4.82
2017/2/26,-11.942384,-13.286408,-4.67
2017/2/27,-11.635042,-12.41623,-4.44
2017/2/28,-11.431184,-12.277282,-4.2
2017/3/1,-11.054688,-11.269746,-4.2
2017/3/2,-11.071778,-11.577912,-4.03
2017/3/3,-11.245514,-12.314698,-3.96
2017/3/4,-10.816102,-11.219514,-3.97
2017/3/5,-11.142762,-12.34027,-3.96
2017/3/6,-10.982484,-11.746644,-3.94
2017/3/7,-11.086488,-12.18753,-3.89
2017/3/8,-10.986604,-11.84195,-3.84
2017/3/9,-10.803346,-11.574342,-3.76
2017/3/10,-10.440828,-10.30005,-3.74
2017/3/11,-10.340638,-10.401886,-3.72
2017/3/12,-10.124634,-9.865968,-3.67
2017/3/13,-10.596834,-11.29541,-3.46
2017/3/14,-11.490754,-13.99591,-3.16
2017/3/15,-11.31424,-12.820098,-2.81
2017/3/16,-11.508362,-13.11142,-2.46
2017/3/17,-11.288178,-12.566498,-2.22
2017/3/18,-11.43448,-12.95105,-1.99
2017/3/19,-11.250154,-12.061706,-1.76
2017/3/20,-11.34131,-12.629486,-1.43
2017/3/21,-11.513002,-12.845642,-1.08
2017/3/22,-11.492036,-13.030518,-0.75
2017/3/23,-11.540956,-13.05362,-0.42
2017/3/24,-11.58127,-12.917878,0.02
2017/3/25,-11.698456,-13.470704,0.44
2017/3/26,-11.322846,-12.19513,0.68
2017/3/27,-10.88614,-11.364228,0.76
2017/3/28,-10.214508,-9.49704,0.8
2017/3/29,-9.751404,-8.721374,0.72
2017/3/30,-9.457764,-8.561036,0.61
2017/3/31,-10.239472,-10.767518,0.53
2017/4/1,-10.187044,-10.582124,0.62
2017/4/2,-9.84253,-9.8555,0.79
2017/4/3,-9.394044,-8.670288,1.0
2017/4/4,-9.20569,-8.465302,1.07
2017/4/5,-9.150972,-8.44107,1.0
2017/4/6,-9.186036,-8.892334,0.88
2017/4/7,-9.110016,-8.570282,0.77
2017/4/8,-8.603792,-7.546082,0.65
2017/4/9,-8.465364,-7.260072,0.58
2017/4/10,-9.520906,-9.786866,0.67
2017/4/11,-10.27823,-12.284394,0.85
2017/4/12,-9.795868,-10.335298,0.97
2017/4/13,-9.407318,-9.375794,1.03
2017/4/14,-8.915254,-8.266358,1.11
2017/4/15,-8.146882,-6.57077,1.13
2017/4/16,-7.384736,-5.223846,1.09
2017/4/17,-7.748902,-5.905456,0.98
2017/4/18,-7.745088,-6.811768,0.88
2017/4/19,-7.264924,-5.676086,0.77
2017/4/20,-7.214356,-5.501924,0.64
2017/4/21,-7.848206,-7.553802,0.48
2017/4/22,-7.92566,-7.641084,0.4
2017/4/23,-7.747072,-7.061554,0.32
2017/4/24,-7.408264,-6.50885,0.21
2017/4/25,-6.841248,-5.026124,0.14
2017/4/26,-7.47229,-6.30899,0.05
2017/4/27,-7.581574,-7.215058,0.07
2017/4/28,-7.51825,-6.843414,0.16
2017/4/29,-7.013276,-6.124206,0.25
2017/4/30,-6.63556,-5.343904,0.3
2017/5/1,-5.993654,-3.91977,0.31
2017/5/2,-6.64441,-5.520996,0.24
2017/5/3,-6.28064,-5.01654,0.16
2017/5/4,-6.482454,-5.081208,0.1
2017/5/5,-6.52646,-5.407838,0.13
2017/5/6,-6.01999,-4.10376,0.21
2017/5/7,-6.289124,-4.800476,0.24
2017/5/8,-6.604218,-5.716644,0.28
2017/5/9,-6.40152,-5.570588,0.32
2017/5/10,-5.945588,-4.463868,0.4
2017/5/11,-5.409058,-3.405,0.47
2017/5/12,-5.866426,-4.521332,0.55
2017/5/13,-5.289002,-3.364472,0.72
2017/5/14,-4.829346,-2.848084,0.94
2017/5/15,-4.608858,-1.880402,1.07
2017/5/16,-5.034944,-3.254518,1.11
2017/5/17,-5.127626,-3.819154,1.1
2017/5/18,-4.729188,-2.979066,1.03
2017/5/19,-4.163666,-1.929962,0.94
2017/5/20,-4.393494,-2.436706,0.8
2017/5/21,-3.71927,-1.222382,0.68
2017/5/22,-3.613434,-1.21701,0.49
2017/5/23,-3.761566,-1.4086,0.36
2017/5/24,-4.632172,-3.723938,0.36
2017/5/25,-4.550386,-3.229066,0.53
2017/5/26,-4.22699,-2.778656,0.74
2017/5/27,-3.707154,-1.830628,0.87
2017/5/28,-3.272126,-0.977142,0.94
2017/5/29,-2.887666,-0.507752,0.9
2017/5/30,-2.5571,0.293426,0.82
2017/5/31,-2.583772,0.098174,0.36
2017/6/1,-2.414674,0.127136,0.67
2017/6/2,-2.501008,-0.043182,0.66
2017/6/3,-1.959198,0.800994,0.8
2017/6/4,-1.767182,1.301636,0.93
2017/6/5,-2.414796,0.179108,0.98
2017/6/6,-3.260438,-2.177124,1.0
2017/6/7,-3.30597,-2.195344,1.07
2017/6/8,-2.787934,-0.894348,1.22
2017/6/9,-2.558564,-0.383758,1.46
2017/6/10,-2.869874,-1.222352,1.75
2017/6/11,-3.045136,-1.67215,1.91
2017/6/12,-3.171266,-1.795166,2.13
2017/6/13,-3.437928,-2.435304,2.43
2017/6/14,-3.484284,-2.449982,2.7
2017/6/15,-3.434418,-2.182526,2.89
2017/6/16,-3.61725,-2.840852,3.04
2017/6/17,-3.153718,-1.56189,3.13
2017/6/18,-2.887818,-0.906952,3.23
2017/6/19,-2.685396,-0.513062,3.35
2017/6/20,-2.544342,-0.278992,3.44
2017/6/21,-2.013856,0.617188,3.5
2017/6/22,-1.890718,0.636168,3.55
2017/6/23,-1.656494,1.05896,3.57
2017/6/24,-1.88434,0.337402,3.76
2017/6/25,-1.702912,0.838074,4.07
2017/6/26,-1.894624,0.141234,4.43
2017/6/27,-1.87848,-0.046478,4.88
2017/6/28,-1.574678,0.805236,5.3
2017/6/29,-1.566408,0.623962,5.73
2017/6/30,-1.42218,0.830048,6.17
2017/7/1,-2.240082,-1.03775,6.75
2017/7/2,-2.359712,-1.057954,7.45
2017/7/3,-1.952118,0.02069,8.03
2017/7/4,-1.545472,0.688812,8.4
2017/7/5,-1.084626,1.58963,8.6
2017/7/6,-0.732454,2.061828,8.59
2017/7/7,-0.373474,2.779052,8.44
2017/7/8,-0.16684,2.943024,8.24
2017/7/9,-0.238434,2.590728,8.0
2017/7/10,-1.131868,0.463958,7.86
2017/7/11,-0.749146,1.443542,7.78
2017/7/12,-0.489044,1.970886,7.64
2017/7/13,-0.208314,2.581664,7.47
2017/7/14,0.103454,3.023956,7.29
2017/7/15,0.397308,3.469298,7.13
2017/7/16,0.664276,4.094542,6.94
2017/7/17,0.72589,3.800748,6.72
2017/7/18,1.150726,4.474058,6.54
2017/7/19,1.166198,4.488462,6.36
2017/7/20,1.178008,4.736204,6.14
2017/7/21,1.263488,3.976622,5.91
2017/7/22,1.627684,5.1759,5.7
2017/7/23,1.821654,5.293822,5.48
2017/7/24,2.23535,5.905822,5.27
2017/7/25,2.125304,5.610198,5.08
2017/7/26,2.60034,5.76553,4.93
2017/7/27,2.834716,6.625302,4.76
2017/7/28,2.846892,6.54251,4.49
2017/7/29,2.676116,5.131834,4.2
2017/7/30,2.630218,5.641782,3.89
2017/7/31,1.945098,4.4801,3.61
2017/8/1,1.806366,4.198758,3.39
2017/8/2,1.179808,2.346344,3.26
2017/8/3,1.270476,2.64032,3.13
2017/8/4,1.533538,3.814176,2.93
2017/8/5,1.567108,3.834044,2.67
2017/8/6,1.865448,4.121396,2.4
2017/8/7,2.027954,4.635618,2.1
2017/8/8,2.607818,5.80621,1.79
2017/8/9,1.862578,4.55728,1.57
2017/8/10,1.60794,3.709958,1.45
2017/8/11,2.057464,4.617764,1.43
2017/8/12,1.592864,3.481812,1.47
2017/8/13,1.07025,2.309478,1.83
2017/8/14,0.8002,1.427642,2.36
2017/8/15,0.548796,1.34082,2.79
2017/8/16,0.784026,1.92282,3.05
2017/8/17,0.610778,1.816132,3.2
2017/8/18,0.665404,2.039214,3.23
2017/8/19,1.31378,3.563598,3.23
2017/8/20,1.428862,3.745358,3.14
2017/8/21,1.390442,3.435608,3.01
2017/8/22,1.5578,3.884458,2.83
2017/8/23,1.95352,4.152066,2.67
2017/8/24,2.080108,4.689084,2.57
2017/8/25,1.739104,3.758452,2.53
2017/8/26,1.750548,3.852324,2.41
2017/8/27,1.627502,3.239684,2.26
2017/8/28,1.68933,3.787076,2.13
2017/8/29,2.07782,4.723906,2.04
2017/8/30,1.64337,3.560332,1.91
2017/8/31,0.82785,0.857636,1.92
2017/9/1,0.430542,0.93875,1.98
2017/9/2,0.339416,1.006104,2.12
2017/9/3,-0.218904,-0.896638,2.2
2017/9/4,-0.600922,-1.213684,2.23
2017/9/5,-0.570526,-0.769958,2.21
2017/9/6,-0.572388,0.210692,2.19
2017/9/7,-0.666414,-0.388946,2.17
2017/9/8,-0.28177,0.590088,2.14
2017/9/9,0.18344,1.095824,2.05
2017/9/10,0.430754,2.219176,1.9
2017/9/11,-0.54831,-0.4162,1.78
2017/9/12,-0.38318,-0.081758,1.75
2017/9/13,-0.093262,0.54486,1.78
2017/9/14,-0.158448,1.151946,1.77
2017/9/15,-0.050844,1.177216,1.71
2017/9/16,0.036528,1.355316,1.62
2017/9/17,0.089782,0.838196,1.52
2017/9/18,0.077086,1.720702,1.41
2017/9/19,0.031432,1.324188,1.29
2017/9/20,-0.601014,-0.70932,1.24
2017/9/21,-0.920624,-1.010682,1.28
2017/9/22,-0.962648,-0.223084,1.36
2017/9/23,-0.888734,-0.410034,1.38
2017/9/24,-1.264252,-1.255708,1.36
2017/9/25,-0.72284,-0.137176,1.31
2017/9/26,-0.405092,0.093474,1.22
2017/9/27,-0.151306,1.304138,1.11
2017/9/28,-0.836976,-0.20334,1.12
2017/9/29,-1.091248,-1.15506,1.25
2017/9/30,-1.853212,-2.551178,1.51
2017/10/1,-1.42508,-1.169648,2.06
2017/10/2,-1.05838,-0.345948,2.41
2017/10/3,-1.483216,-1.456238,2.56
2017/10/4,-2.233888,-3.465852,2.56
2017/10/5,-2.936768,-4.596314,2.62
2017/10/6,-3.324646,-5.144074,2.71
2017/10/7,-3.1474,-4.100038,2.89
2017/10/8,-2.760804,-3.002808,3.14
2017/10/9,-2.27591,-1.596436,3.37
2017/10/10,-1.780518,-0.686706,3.5
2017/10/11,-2.485688,-1.766816,3.47
2017/10/12,-3.053712,-3.625886,3.45
2017/10/13,-3.809846,-5.733064,3.48
2017/10/14,-3.787232,-5.134126,3.48
2017/10/15,-3.913086,-5.134614,3.55
2017/10/16,-3.873566,-4.615968,3.54
2017/10/17,-4.537934,-6.199464,3.63
2017/10/18,-4.67331,-6.47229,3.68
2017/10/19,-4.773134,-6.586854,3.67
2017/10/20,-4.511444,-5.768768,3.62
2017/10/21,-4.646058,-5.959198,3.58
2017/10/22,-4.553438,-5.555818,3.5
2017/10/23,-4.496736,-5.156892,3.41
2017/10/24,-4.516084,-5.32422,3.3
2017/10/25,-4.73581,-5.79596,3.16
2017/10/26,-4.583772,-5.45993,2.97
2017/10/27,-4.498262,-5.163422,2.78
2017/10/28,-4.318878,-4.900422,2.62
2017/10/29,-4.287232,-4.634706,2.45
2017/10/30,-4.856752,-5.98587,2.27
2017/10/31,-5.23346,-7.041168,2.17
2017/11/1,-5.106018,-6.7258,2.07
2017/11/2,-5.007386,-6.111176,1.94
2017/11/3,-4.877594,-5.787598,1.76
2017/11/4,-4.606386,-4.046784,1.46
2017/11/5,-5.109864,-6.138458,1.2
2017/11/6,-5.335176,-6.89624,0.9
2017/11/7,-5.218324,-6.363464,0.62
2017/11/8,-4.957306,-5.79245,0.31
2017/11/9,-4.883362,-5.405548,0.04
2017/11/10,-4.661682,-4.70334,-0.25
2017/11/11,-4.799104,-4.56656,-0.56
2017/11/12,-5.404878,-6.977936,-0.88
2017/11/13,-5.64328,-7.282868,-1.16
2017/11/14,-6.014008,-7.86145,-1.44
2017/11/15,-6.070038,-7.609528,-1.67
2017/11/16,-5.846864,-6.893066,-1.91
2017/11/17,-5.546418,-6.649658,-2.18
2017/11/18,-5.98282,-6.736542,-2.52
2017/11/19,-6.967744,-9.724854,-2.71
2017/11/20,-7.33896,-10.47458,-2.93
2017/11/21,-7.39145,-10.141206,-3.06
2017/11/22,-7.562806,-10.257416,-3.18
2017/11/23,-7.536592,-9.591462,-3.26
2017/11/24,-7.697998,-10.642578,-3.28
2017/11/25,-7.570862,-9.625398,-3.26
2017/11/26,-7.568452,-9.655854,-3.21
2017/11/27,-7.724152,-9.805328,-3.17
2017/11/28,-7.476166,-9.103424,-3.11
2017/11/29,-7.061342,-7.959106,-3.11
2017/11/30,-7.846924,-10.537048,-3.16
2017/12/1,-8.461548,-11.342438,-3.23
2017/12/2,-8.651704,-11.471986,-3.3
2017/12/3,-8.346894,-10.612794,-3.36
2017/12/4,-8.425202,-10.878998,-3.43
2017/12/5,-8.822084,-11.70868,-3.5
2017/12/6,-9.28647,-12.84494,-3.55
2017/12/7,-8.906586,-11.115906,-3.61
2017/12/8,-9.074158,-11.199342,-3.71
2017/12/9,-9.519928,-12.71933,-3.8
2017/12/10,-9.564148,-12.401122,-3.91
2017/12/11,-9.462982,-12.451966,-4.1
2017/12/12,-9.261536,-12.19632,-4.33
2017/12/13,-9.764222,-13.054688,-4.54
2017/12/14,-9.959474,-13.325378,-4.7
2017/12/16,-10.302582,-13.104522,-4.88
2017/12/17,-10.785158,-14.629302,-4.87
2017/12/18,-10.612916,-14.254792,-4.86
2017/12/19,-10.766602,-14.316224,-4.85
2017/12/20,-10.95456,-14.421998,-4.88
2017/12/21,-10.639344,-13.749878,-4.9
2017/12/22,-10.237306,-11.924286,-4.94
2017/12/23,-9.915834,-11.445344,-5.0
2017/12/24,-9.95273,-12.10617,-5.07
2017/12/25,-10.24518,-12.743286,-5.14
2017/12/26,-10.379486,-12.85376,-5.18
2017/12/27,-10.149934,-12.034118,-5.24
2017/12/28,-10.21158,-12.124146,-5.27
2017/12/29,-10.378846,-12.738494,-5.29
2017/12/30,-10.212404,-12.244232,-5.33
2017/12/31,-10.418854,-13.049926,-5.32
2018/1/1,-10.57486,-13.020202,-5.29
2018/1/2,-10.46927,-12.528962,-5.24
2018/1/3,-10.719788,-13.546418,-5.25
2018/1/4,-11.37729,-15.26233,-5.2
2018/1/5,-12.398132,-17.385132,-5.1
2018/1/6,-12.578918,-16.796356,-5.02
2018/1/7,-12.980926,-17.692016,-4.92
2018/1/8,-13.16858,-17.706146,-4.81
2018/1/9,-13.139344,-17.316772,-4.63
2018/1/10,-12.73932,-16.336944,-4.46
2018/1/11,-13.001618,-16.723908,-4.31
2018/1/12,-12.693664,-16.350586,-4.19
2018/1/13,-12.812134,-16.249726,-4.04
2018/1/14,-12.79477,-15.880036,-3.93
2018/1/15,-12.503418,-15.058136,-3.9
2018/1/16,-12.141876,-14.03897,-3.9
2018/1/17,-12.456178,-15.157624,-3.92
2018/1/18,-12.1828,-14.160462,-3.95
2018/1/19,-12.662232,-15.690216,-4.04
2018/1/20,-12.407654,-14.766082,-4.11
2018/1/21,-12.411958,-14.630616,-4.17
2018/1/22,-12.588348,-15.71344,-4.2
2018/1/23,-12.278596,-14.310272,-4.25
2018/1/24,-12.792786,-15.956086,-4.29
2018/1/25,-13.581024,-17.495056,-4.26
2018/1/26,-14.06665,-18.317962,-4.2
2018/1/27,-14.53,-19.53711,-4.05
2018/1/28,-14.92743,-20.266052,-3.9
2018/1/29,-15.29712,-20.939484,-3.7
2018/1/30,-15.460694,-20.720582,-3.49
2018/1/31,-15.07895,-19.036316,-3.3
2018/2/1,-14.978302,-19.19748,-3.09
2018/2/2,-14.496246,-17.62912,-2.91
2018/2/3,-14.482026,-18.0448,-2.8
2018/2/4,-14.754914,-18.58844,-2.71
2018/2/5,-14.685608,-18.408326,-2.69
2018/2/6,-14.499786,-17.856384,-2.7
2018/2/7,-14.331726,-17.283874,-2.72
2018/2/8,-14.014802,-16.510192,-2.78
2018/2/9,-13.696106,-15.38263,-2.84
2018/2/10,-13.136262,-14.249848,-3.0
2018/2/11,-13.40271,-15.532226,-3.2
2018/2/12,-13.143098,-14.734192,-3.42
2018/2/13,-13.170776,-15.380494,-3.63
2018/2/14,-12.747926,-13.849854,-3.85
2018/2/15,-12.426514,-13.115876,-4.08
2018/2/16,-12.94513,-14.97992,-4.27
2018/2/17,-12.942628,-14.702392,-4.44
2018/2/18,-12.486114,-13.27237,-4.62
2018/2/19,-12.951996,-14.790252,-4.79
2018/2/20,-13.172852,-15.498962,-4.93
2018/2/21,-13.379272,-16.003846,-5.03
2018/2/22,-13.504944,-16.12027,-5.06
2018/2/23,-13.41159,-15.671692,-5.08
2018/2/24,-12.775574,-13.77298,-5.08
2018/2/25,-12.65033,-13.917968,-5.02
2018/2/26,-12.663148,-14.171386,-4.95
2018/2/27,-12.10254,-12.75174,-4.86
2018/2/28,-12.187256,-13.159394,-4.78
2018/3/1,-11.990814,-12.808074,-4.73
2018/3/2,-11.8349,-11.913086,-4.7
2018/3/3,-11.813904,-12.565734,-4.6
2018/3/4,-11.091432,-10.686952,-4.49
2018/3/5,-11.350618,-11.97583,-4.45
2018/3/6,-11.431092,-11.865356,-4.33
2018/3/7,-12.06012,-14.05606,-4.16
2018/3/8,-12.413544,-14.888062,-3.94
2018/3/9,-12.300568,-14.478668,-3.7
2018/3/10,-11.996948,-13.356568,-3.43
2018/3/11,-11.3302,-11.793426,-3.28
2018/3/12,-10.951508,-11.022218,-3.2
2018/3/13,-10.414368,-10.025574,-3.15
2018/3/14,-9.872804,-8.901948,-3.18
2018/3/15,-9.458924,-8.373658,-3.24
2018/3/16,-9.131898,-7.417146,-3.36
2018/3/17,-9.989656,-10.327332,-3.42
2018/3/18,-10.397278,-11.131012,-3.39
2018/3/19,-11.084566,-13.096252,-3.32
2018/3/20,-11.33484,-13.275634,-3.11
2018/3/21,-11.455078,-13.229614,-2.8
2018/3/22,-11.318788,-12.842956,-2.48
2018/3/23,-10.934724,-11.63556,-2.27
2018/3/24,-9.935486,-9.224518,-2.14
2018/3/25,-9.714082,-9.041504,-2.12
2018/3/26,-9.631624,-9.242706,-2.18
2018/3/27,-9.257448,-8.470276,-2.28
2018/3/28,-8.653076,-7.633302,-2.36
2018/3/29,-7.993348,-6.217774,-2.45
2018/3/30,-7.742006,-5.94336,-2.56
2018/3/31,-7.469208,-5.779846,-2.66
2018/4/1,-7.22522,-5.08957,-2.77
2018/4/2,-7.045014,-5.004884,-2.88
2018/4/3,-6.475464,-4.286194,-2.99
2018/4/4,-5.865724,-3.211152,-3.14
2018/4/5,-6.892274,-5.562988,-3.18
2018/4/6,-8.59601,-10.011078,-3.16
2018/4/7,-8.58304,-9.332948,-3.2
2018/4/8,-8.638062,-9.414154,-3.19
2018/4/9,-8.085878,-7.917908,-3.2
2018/4/10,-7.39792,-6.232696,-3.23
2018/4/11,-6.590912,-4.624238,-3.24
2018/4/12,-6.274782,-4.038362,-3.3
2018/4/13,-6.819032,-5.925294,-3.26
2018/4/14,-7.638002,-7.62494,-3.16
2018/4/15,-7.912628,-8.25119,-2.95
2018/4/16,-7.818056,-7.789368,-2.68
2018/4/17,-7.61557,-7.475494,-2.53
2018/4/18,-7.17273,-6.42157,-2.5
2018/4/19,-6.553316,-5.306764,-2.48
2018/4/20,-5.99991,-4.149476,-2.43
2018/4/21,-5.392488,-3.129334,-2.37
2018/4/22,-5.441102,-3.391816,-2.28
2018/4/23,-6.097474,-4.95993,-2.15
2018/4/24,-6.700624,-6.30014,-1.78
2018/4/25,-6.564484,-5.92682,-1.35
2018/4/26,-6.428284,-5.719574,-1.12
2018/4/27,-6.262696,-5.176148,-1.07
2018/4/28,-5.75531,-4.4245,-1.05
2018/4/29,-4.912354,-2.762574,-1.06
2018/4/30,-4.815644,-2.867004,-1.1
2018/5/1,-4.15912,-1.610566,-1.13
2018/5/2,-4.354524,-2.058228,-1.14
2018/5/3,-4.6904,-2.973572,-1.15
2018/5/4,-4.666626,-3.22284,-1.12
2018/5/5,-4.420656,-2.797302,-0.96
2018/5/6,-3.976258,-1.6138,-0.76
2018/5/7,-4.862976,-3.561372,-0.51
2018/5/8,-5.042542,-3.92685,-0.28
2018/5/9,-5.000398,-4.224884,-0.03
2018/5/10,-4.66562,-3.449158,0.26
2018/5/11,-4.933442,-3.947418,0.49
2018/5/12,-4.96692,-3.958404,0.6
2018/5/13,-4.506624,-3.148042,0.73
2018/5/14,-4.249544,-2.433808,0.83
2018/5/15,-3.252138,-0.601746,0.92
2018/5/16,-2.71457,0.135192,0.98
2018/5/17,-1.891298,1.571624,0.95
2018/5/18,-1.409272,2.165282,0.9
2018/5/19,-2.308748,-0.030914,0.96
2018/5/20,-2.024964,0.462432,0.95
2018/5/21,-2.861206,-1.16446,1.04
2018/5/22,-2.963654,-0.96402,1.19
2018/5/23,-3.76941,-3.224426,1.34
2018/5/24,-3.52939,-2.240906,1.46
2018/5/25,-3.05481,-1.150574,1.61
2018/5/26,-2.849214,-1.13849,1.77
2018/5/27,-2.772706,-0.979034,1.93
2018/5/28,-2.830446,-0.952118,2.07
2018/5/29,-2.780854,-1.015504,2.14
2018/5/30,-2.676698,-0.964082,2.2
2018/5/31,-3.322144,-2.046204,2.27
2018/6/1,-3.56067,-2.336488,2.35
2018/6/2,-3.341798,-2.535858,2.37
2018/6/3,-3.220154,-1.99942,2.39
2018/6/4,-2.987152,-1.325348,2.39
2018/6/5,-2.889314,-1.303772,2.36
2018/6/6,-2.777254,-1.30774,2.32
2018/6/7,-2.374024,-0.428834,2.25
2018/6/8,-1.983522,0.39334,2.2
2018/6/9,-1.938202,0.320892,2.22
2018/6/10,-2.380402,-0.83133,2.22
2018/6/11,-2.167786,-0.367982,2.22
2018/6/12,-1.736176,0.346832,2.13
2018/6/13,-1.224214,1.038544,2.0
2018/6/14,-1.384736,0.40042,1.81
2018/6/15,-0.656526,2.268738,1.63
2018/6/16,-0.064026,3.161926,1.44
2018/6/17,-0.021242,3.04605,1.21
2018/6/18,-0.04712,2.831512,1.06
2018/6/19,-0.000214,2.83609,0.97
2018/6/20,-0.93039,0.907256,0.86
2018/6/21,-1.026674,0.882628,0.75
2018/6/22,-0.784242,0.99469,0.71
2018/6/23,-1.455934,-0.434418,0.83
2018/6/24,-1.07538,0.836852,0.89
2018/6/26,0.10266,3.041718,1.06
2018/6/27,0.514038,3.49414,1.1
2018/6/28,0.750762,3.842466,1.09
2018/6/29,0.527282,3.118774,1.08
2018/6/30,0.944976,3.744626,1.14
2018/7/1,0.130676,1.976836,1.31
2018/7/2,0.142822,2.22351,1.54
2018/7/3,0.155638,2.276672,1.81
2018/7/4,0.12271,2.330292,2.04
2018/7/5,0.779448,3.495972,2.29
2018/7/6,-0.118012,1.12744,2.84
2018/7/7,0.101104,2.27652,3.19
2018/7/8,-0.183106,1.556426,3.58
2018/7/9,-0.432862,1.04248,4.01
2018/7/10,-0.056856,1.625152,4.39
2018/7/11,0.61438,3.273926,4.65
2018/7/12,1.096984,4.293608,4.85
2018/7/13,0.438476,2.606018,5.06
2018/7/14,1.08966,4.056364,5.2
2018/7/15,1.269928,4.202878,5.35
2018/7/16,1.325316,4.194394,5.47
2018/7/17,1.525818,4.353726,5.52
2018/7/18,1.783782,4.648038,5.55
2018/7/19,2.205414,5.444366,5.57
2018/7/20,2.450256,5.736234,5.59
2018/7/21,2.811614,6.240018,5.54
2018/7/22,2.745238,5.911098,5.44
2018/7/23,2.811644,6.165402,5.28
2018/7/24,2.881652,6.07089,5.17
2018/7/25,2.883238,6.189054,5.06
2018/7/26,3.12213,6.210262,4.94
2018/7/27,3.129852,6.123014,4.79
2018/7/28,2.855742,5.445738,4.68
2018/7/29,2.45935,4.663114,4.55
2018/7/30,2.237212,4.085112,4.43
2018/7/31,2.531188,4.884916,4.36
2018/8/1,2.31552,4.159726,4.31
2018/8/2,2.900908,5.864806,4.28
2018/8/3,2.556182,5.004942,4.24
2018/8/4,2.760284,5.026242,4.18
2018/8/5,2.468108,4.907774,4.16
2018/8/6,2.69937,5.581878,4.15
2018/8/7,2.500702,4.627836,4.13
2018/8/8,2.894256,5.52893,4.08
2018/8/9,2.903136,5.732754,4.0
2018/8/10,3.219024,6.177242,3.92
2018/8/11,3.377896,6.564206,3.87
2018/8/12,3.420132,6.119138,3.84
2018/8/13,3.616452,6.762846,3.74
2018/8/14,3.146484,5.31787,3.62
2018/8/15,3.101164,5.414242,3.54
2018/8/16,3.241974,5.94519,3.49
2018/8/17,3.027466,5.625394,3.45
2018/8/18,2.933928,5.350582,3.53
2018/8/19,2.109954,2.97885,3.63
2018/8/20,1.96344,3.311646,3.63
2018/8/21,2.15863,4.031126,3.58
2018/8/22,2.476592,4.81732,3.51
2018/8/23,2.479308,4.01608,3.47
2018/8/24,2.611236,4.721678,3.42
2018/8/25,2.502166,4.689084,3.38
2018/8/26,2.44525,4.008328,3.29
2018/8/27,2.19229,3.958494,3.1
2018/8/28,2.305632,3.660978,2.89
2018/8/29,2.814514,4.79913,2.74
2018/8/30,2.928528,5.395782,2.57
2018/8/31,2.85617,4.96533,2.49
2018/9/1,2.533142,3.926756,2.41
2018/9/2,2.278868,3.687956,2.36
2018/9/3,2.404388,4.213316,2.26
2018/9/4,2.431244,4.13983,2.1
2018/9/5,2.495024,4.23132,1.88
2018/9/6,2.564788,4.68237,1.65
2018/9/7,1.82965,3.169982,1.46
2018/9/8,1.302856,1.524658,1.28
2018/9/9,1.369934,1.733978,1.11
2018/9/10,1.1651,1.415192,0.85
2018/9/11,1.108246,2.120422,0.61
2018/9/12,1.21167,2.139954,0.4
2018/9/13,1.097106,1.752654,0.22
2018/9/14,1.044646,2.847412,-0.01
2018/9/15,1.231476,2.05481,-0.25
2018/9/16,1.293396,2.024384,-0.52
2018/9/17,1.295196,2.898284,-0.82
2018/9/18,1.410552,3.117278,-1.09
2018/9/19,1.5838,2.795012,-1.28
2018/9/20,1.835356,4.06436,-1.45
2018/9/21,1.271148,2.247284,-1.59
2018/9/22,1.154876,1.984954,-1.63
2018/9/23,1.088012,1.949492,-1.59
2018/9/24,1.042114,2.135436,-1.49
2018/9/25,0.892058,2.039214,-1.37
2018/9/26,0.652312,2.126342,-1.18
2018/9/27,-0.065888,-0.699342,-1.06
2018/9/28,-0.083528,-0.493806,-0.81
2018/9/29,-0.002626,0.146544,-0.33
2018/9/30,-0.012696,0.26239,0.08
2018/10/1,0.239746,0.891234,0.35
2018/10/2,-0.173616,0.135986,0.46
2018/10/3,-0.28885,-0.137176,0.34
2018/10/4,-0.330902,-0.166688,0.18
2018/10/5,-0.404938,-0.407746,-0.01
2018/10/6,-0.546602,-0.93399,-0.14
2018/10/7,-0.575746,-0.778076,-0.18
2018/10/8,-0.616608,-0.302338,-0.2
2018/10/9,-0.90033,-1.124878,-0.18
2018/10/10,-1.22052,-1.86087,-0.1
2018/10/11,-1.521852,-2.305756,0.02
2018/10/12,-1.62079,-2.391296,0.09
2018/10/13,-1.697358,-2.509064,0.12
2018/10/14,-1.824952,-3.056428,0.06
2018/10/15,-2.576784,-4.467408,-0.16
2018/10/16,-2.666962,-4.208436,-0.3
2018/10/17,-2.738466,-4.078004,-0.49
2018/10/18,-2.576112,-3.04361,-0.61
2018/10/19,-2.614014,-3.169342,-0.75
2018/10/20,-3.13739,-5.164216,-0.85
2018/10/21,-3.51944,-5.44043,-0.91
2018/10/22,-3.721192,-4.714204,-0.98
2018/10/23,-3.781862,-5.423676,-0.97
2018/10/24,-3.640108,-5.000062,-0.95
2018/10/25,-3.319214,-3.561554,-0.9
2018/10/26,-3.24991,-3.979646,-0.92
2018/10/27,-3.42389,-4.344208,-0.94
2018/10/28,-3.5972,-4.575928,-0.95
2018/10/29,-3.29007,-3.963684,-0.96
2018/10/30,-3.333528,-4.176148,-0.96
2018/10/31,-3.229158,-3.792726,-1.07
2018/11/1,-3.34311,-3.973298,-1.26
2018/11/2,-3.440766,-3.977082,-1.62
2018/11/3,-3.50699,-4.325012,-1.84
2018/11/4,-3.238588,-3.362366,-1.91
2018/11/5,-3.10315,-3.142304,-2.02
2018/11/6,-3.775636,-4.838654,-2.17
2018/11/7,-5.030702,-8.288086,-2.24
2018/11/8,-5.947206,-10.0289,-2.36
2018/11/9,-6.214326,-9.833772,-2.49
2018/11/10,-5.860718,-8.233094,-2.58
2018/11/11,-6.19922,-9.088044,-2.61
2018/11/12,-6.168366,-8.625824,-2.63
2018/11/13,-6.136354,-8.407654,-2.52
2018/11/14,-6.036714,-7.910218,-2.41
2018/11/15,-6.096834,-8.283936,-2.19
2018/11/16,-6.16684,-7.91925,-1.91
2018/11/17,-6.371704,-8.550384,-1.59
2018/11/18,-7.157624,-10.437744,-1.23
2018/11/19,-7.522614,-11.07657,-1.01
2018/11/20,-7.41913,-10.227814,-0.79
2018/11/21,-7.306214,-9.876954,-0.74
2018/11/22,-7.429596,-9.968842,-0.78
2018/11/23,-7.541382,-10.148498,-0.81
2018/11/24,-7.473908,-9.78241,-0.82
2018/11/25,-7.25058,-8.873536,-0.91
2018/11/26,-7.21631,-9.137024,-1.09
2018/11/27,-7.180452,-9.016968,-1.36
2018/11/28,-7.152832,-8.86029,-1.66
2018/11/29,-6.906586,-8.559998,-1.98
2018/11/30,-6.886842,-8.27533,-2.33
2018/12/1,-6.906892,-8.454132,-2.65
2018/12/2,-7.062044,-8.6698,-2.99
2018/12/3,-7.141786,-8.4823,-3.33
2018/12/4,-7.62082,-9.901428,-3.58
2018/12/5,-7.950562,-10.643494,-3.71
2018/12/6,-8.410858,-10.341766,-3.8
2018/12/7,-9.22052,-13.187438,-3.82
2018/12/8,-10.118042,-15.192748,-3.76
2018/12/9,-10.441804,-15.213654,-3.71
2018/12/10,-10.795106,-15.583312,-3.66
2018/12/11,-10.840608,-15.257752,-3.63
2018/12/12,-11.097688,-15.800538,-3.54
2018/12/13,-11.099092,-15.600006,-3.4
2018/12/14,-11.104584,-14.820984,-3.29
2018/12/15,-11.056732,-14.630706,-3.28
2018/12/16,-10.992188,-14.450958,-3.28
2018/12/17,-11.068086,-14.67102,-3.31
2018/12/18,-10.888856,-14.187256,-3.38
2018/12/19,-10.45041,-12.517974,-3.48
2018/12/20,-10.31952,-12.603576,-3.56
2018/12/21,-9.984224,-11.652526,-3.71
2018/12/22,-9.923706,-11.845276,-3.86
2018/12/23,-10.288118,-12.499268,-4.01
2018/12/24,-10.41446,-12.88092,-4.16
2018/12/25,-10.388306,-12.769684,-4.27
2018/12/26,-10.769014,-13.924836,-4.37
2018/12/27,-11.173462,-14.600646,-4.37
2018/12/28,-11.522004,-15.397522,-4.38
2018/12/29,-12.314942,-17.094574,-4.43
2018/12/30,-12.662964,-17.593262,-4.47
2018/12/31,-13.44629,-19.231628,-4.44
2019/1/1,-13.627472,-19.012696,-4.5
2019/1/2,-13.599366,-18.349854,-4.39
2019/1/3,-13.441498,-17.65216,-4.31
2019/1/4,-13.164246,-16.61905,-4.26
2019/1/5,-13.036804,-16.422302,-4.18
2019/1/6,-13.316284,-17.01535,-3.94
2019/1/7,-13.100922,-16.273896,-3.69
2019/1/8,-13.179352,-16.433258,-3.36
2019/1/9,-13.46167,-17.53366,-3.12
2019/1/10,-13.767732,-17.75058,-2.95
2019/1/11,-13.74881,-17.381622,-2.74
2019/1/12,-13.87326,-17.722228,-2.58
2019/1/13,-13.682038,-16.966216,-2.32
2019/1/14,-13.349854,-16.059112,-2.02
2019/1/15,-13.645112,-16.53653,-1.89
2019/1/16,-13.814454,-17.070984,-1.87
2019/1/17,-14.105134,-18.016144,-1.78
2019/1/18,-13.840606,-17.052978,-1.81
2019/1/19,-13.572938,-16.377044,-1.82
2019/1/20,-13.359314,-15.803558,-1.89
2019/1/21,-13.374542,-16.014678,-1.95
2019/1/22,-13.310822,-15.996978,-2.06
2019/1/23,-13.105408,-15.647278,-2.19
2019/1/24,-12.889984,-14.900544,-2.28
2019/1/25,-12.296264,-13.260162,-2.4
2019/1/26,-12.308656,-13.802002,-2.63
2019/1/27,-12.574128,-14.689118,-2.83
2019/1/28,-12.495728,-14.296784,-3.04
2019/1/29,-12.774048,-15.47705,-3.29
2019/1/30,-12.954162,-15.644866,-3.5
2019/1/31,-13.015716,-15.30957,-3.66
2019/2/1,-13.428986,-16.631684,-3.76
2019/2/2,-13.279938,-15.946778,-3.81
2019/2/3,-12.855316,-14.666016,-3.93
2019/2/4,-13.018342,-15.624664,-4.03
2019/2/5,-13.199524,-16.016204,-4.09
2019/2/6,-13.108246,-15.37088,-4.17
2019/2/7,-12.429718,-12.887542,-4.31
2019/2/8,-13.239654,-16.3844,-4.27
2019/2/9,-13.917724,-18.11203,-4.29
2019/2/10,-14.298768,-18.401702,-4.3
2019/2/11,-14.636964,-18.960022,-4.26
2019/2/12,-14.694824,-18.384034,-4.24
2019/2/13,-14.624298,-18.355468,-4.18
2019/2/14,-14.688142,-18.30133,-4.08
2019/2/15,-14.739166,-18.265442,-4.01
2019/2/16,-14.82315,-18.3172,-3.94
2019/2/17,-14.866272,-18.474396,-3.81
2019/2/18,-15.054748,-18.663392,-3.62
2019/2/19,-15.207336,-19.022644,-3.46
2019/2/20,-15.15857,-18.354186,-3.19
2019/2/21,-15.059968,-18.203492,-2.8
2019/2/22,-15.189758,-18.503906,-2.43
2019/2/23,-15.078706,-18.088714,-2.07
2019/2/24,-14.792938,-17.2854,-1.69
2019/2/25,-14.342132,-16.204132,-1.45
2019/2/26,-13.966798,-15.454712,-1.3
2019/2/27,-13.969818,-15.767762,-1.23
2019/2/28,-14.081268,-16.247406,-1.3
2019/3/1,-13.876892,-15.470062,-1.27
2019/3/2,-13.830444,-15.810516,-1.22
2019/3/3,-13.920288,-15.916626,-1.14
2019/3/4,-13.72757,-15.640046,-0.84
2019/3/5,-13.284394,-14.267762,-0.62
2019/3/6,-13.140382,-14.188752,-0.42
2019/3/7,-12.69156,-12.97403,-0.16
2019/3/8,-12.769684,-13.403382,0.21
2019/3/9,-12.538482,-13.17926,0.56
2019/3/10,-12.191102,-12.268036,0.73
2019/3/11,-11.788484,-11.779694,0.74
2019/3/12,-11.483278,-11.399018,0.66
2019/3/13,-11.123842,-10.63623,0.5
2019/3/14,-11.118988,-11.33728,0.27
2019/3/15,-10.783296,-10.427064,-0.03
2019/3/16,-10.429474,-9.842682,-0.22
2019/3/17,-10.396364,-10.09311,-0.42
2019/3/18,-10.28006,-9.957886,-0.64
2019/3/19,-10.209382,-9.81662,-0.78
2019/3/20,-9.742798,-8.544128,-0.88
2019/3/21,-9.107086,-7.520356,-1.02
2019/3/22,-9.80832,-9.501618,-1.18
2019/3/23,-10.603456,-11.966888,-1.24
2019/3/24,-10.533632,-11.343628,-1.32
2019/3/25,-10.528412,-11.339082,-1.27
2019/3/26,-10.337282,-10.944734,-1.24
2019/3/27,-9.866272,-9.634126,-1.19
2019/3/28,-9.91211,-9.671356,-1.19
2019/3/29,-9.685944,-9.01706,-1.17
2019/3/30,-9.369416,-8.593536,-1.14
2019/3/31,-9.580446,-9.78302,-1.16
2019/4/1,-9.654694,-9.959504,-1.14
2019/4/2,-9.35193,-8.739778,-1.17
2019/4/3,-9.928926,-10.500398,-1.19
2019/4/4,-9.589906,-9.42868,-1.19
2019/4/5,-9.30951,-9.032806,-1.18
2019/4/6,-9.079804,-8.56186,-1.15
2019/4/7,-8.35016,-6.876892,-1.08
2019/4/8,-7.745088,-5.951112,-1.04
2019/4/9,-6.79068,-4.117066,-1.04
2019/4/10,-8.975496,-9.887574,-1.25
2019/4/11,-9.417238,-9.58728,-1.33
2019/4/12,-9.308808,-10.11734,-1.36
2019/4/13,-8.737336,-8.326692,-1.31
2019/4/14,-8.339386,-7.312836,-1.25
2019/4/15,-8.525238,-8.176666,-1.26
2019/4/16,-8.233186,-7.479858,-1.24
2019/4/17,-7.842134,-6.648164,-1.21
2019/4/18,-7.185852,-5.436036,-1.14
2019/4/19,-6.601166,-4.110992,-1.03
2019/4/20,-6.511872,-4.749116,-0.98
2019/4/21,-6.355622,-4.329438,-0.86
2019/4/22,-7.081116,-6.196656,-0.71
2019/4/23,-7.208802,-6.33902,-0.59
2019/4/24,-6.806398,-5.440888,-0.53
2019/4/25,-6.230134,-4.283448,-0.52
2019/4/26,-6.381134,-4.855622,-0.51
2019/4/27,-6.80298,-5.816162,-0.42
2019/4/28,-6.889436,-5.962738,-0.3
2019/4/29,-7.73053,-8.460908,-0.11
2019/4/30,-7.81897,-8.170776,0.16
2019/5/1,-6.985322,-6.052612,0.39
2019/5/2,-6.465332,-4.236146,0.57
2019/5/3,-6.395386,-4.934204,0.66
2019/5/4,-5.932068,-4.034912,0.65
2019/5/5,-5.659394,-3.63681,0.6
2019/5/6,-5.708008,-4.095368,0.49
2019/5/7,-5.997926,-4.301118,0.43
2019/5/8,-6.425508,-5.716584,0.49
2019/5/9,-5.953522,-3.950592,0.66
2019/5/10,-5.908754,-4.574494,0.79
2019/5/11,-5.34372,-3.425324,0.87
2019/5/12,-4.885132,-2.733276,0.85
2019/5/13,-4.623658,-2.277406,0.8
2019/5/14,-5.20456,-3.549256,0.82
2019/5/15,-5.469056,-4.416656,1.01
2019/5/16,-5.640626,-4.753998,1.2
2019/5/17,-5.358612,-4.049226,1.44
2019/5/18,-4.888336,-3.24231,1.75
2019/5/19,-4.500276,-2.533448,2.06
2019/5/20,-4.812744,-3.23462,2.31
2019/5/21,-4.979706,-3.496368,2.59
2019/5/22,-5.099366,-3.953094,2.87
2019/5/23,-4.736696,-3.321808,3.11
2019/5/24,-4.233948,-2.224152,3.3
2019/5/25,-3.289154,-0.440248,3.45
2019/5/26,-4.436554,-3.394012,3.72
2019/5/27,-4.093324,-2.46869,3.89
2019/5/28,-3.773408,-1.124268,3.8
2019/5/29,-3.865388,-1.783082,3.8
2019/5/30,-4.303376,-2.992584,3.89
2019/5/31,-4.538484,-3.641876,3.92
2019/6/1,-3.99759,-2.108856,3.9
2019/6/2,-3.720368,-1.932648,3.86
2019/6/3,-3.420198,-1.454408,3.81
2019/6/4,-2.697664,0.176604,3.71
2019/6/5,-2.000062,1.380768,3.63
2019/6/6,-1.997254,0.58136,3.6
2019/6/7,-1.850006,0.898986,3.5
2019/6/8,-1.965608,0.728516,3.42
2019/6/9,-1.824616,0.927154,3.34
2019/6/10,-1.685944,1.125274,3.28
2019/6/11,-1.460298,1.351502,3.31
2019/6/12,-1.664276,0.772034,3.38
2019/6/13,-2.092652,-0.513336,3.52
2019/6/14,-2.19928,-0.469788,3.73
2019/6/15,-1.8284,0.44812,3.89
2019/6/16,-1.436768,1.35147,4.05
2019/6/17,-1.939668,-0.121002,4.18
2019/6/18,-2.694124,-1.942474,4.4
2019/6/19,-2.537568,-1.153992,4.59
2019/6/20,-2.43515,-0.767854,4.73
2019/6/21,-1.555604,0.764038,4.99
2019/6/22,-2.460602,-1.29956,5.29
2019/6/23,-2.908784,-1.926056,5.35
2019/6/24,-2.412874,-0.943848,5.41
2019/6/25,-2.059418,-0.051086,5.55
2019/6/26,-1.685944,0.886626,5.69
2019/6/27,-1.403382,1.251006,5.78
2019/6/28,-0.873932,2.020416,5.81
2019/6/29,-0.807954,1.929382,5.78
2019/6/30,-1.635346,-0.044038,5.7
2019/7/1,-1.12198,1.235778,5.59
2019/7/2,-0.874818,1.769744,5.57
2019/7/3,-0.46103,2.549102,5.56
2019/7/4,-0.096894,2.978912,5.56
2019/7/5,-0.405274,2.230834,5.48
2019/7/6,-0.235322,2.47058,5.43
2019/7/7,-0.014894,2.605194,5.35
2019/7/8,-0.099518,2.436218,5.29
2019/7/9,-0.494142,1.27362,5.17
2019/7/10,-0.703462,1.365172,5.24
2019/7/11,-0.567354,1.472716,5.51
2019/7/12,-0.159088,2.414124,5.91
2019/7/13,-1.237152,-0.357758,6.35
2019/7/14,-1.051056,0.561462,6.68
2019/7/15,-0.824372,1.070984,6.93
2019/7/16,-0.535004,1.587768,7.09
2019/7/17,0.037932,2.737732,7.2
2019/7/18,0.21704,3.22235,7.31
2019/7/19,0.02957,2.314362,7.04
2019/7/20,0.498046,3.225922,7.2
2019/7/21,0.681792,3.649382,7.01
2019/7/22,0.823272,3.769254,6.83
2019/7/23,1.22583,4.349516,6.66
2019/7/24,1.03839,3.83038,6.56
2019/7/25,1.505066,4.804044,6.46
2019/7/26,1.919524,5.269042,6.38
2019/7/27,2.367218,5.901546,6.28
2019/7/28,2.601744,6.351714,6.17
2019/7/29,2.529602,5.640286,6.07
2019/7/30,2.46707,5.775418,5.95
2019/7/31,2.36743,5.39041,5.84
2019/8/1,1.959778,4.189084,5.48
2019/8/2,2.369628,5.53201,5.69
2019/8/3,2.35498,5.063322,5.61
2019/8/4,2.284728,5.116544,5.52
2019/8/5,2.646026,5.876494,5.43
2019/8/6,2.37271,5.29321,5.28
2019/8/7,2.565368,5.709654,5.17
2019/8/8,2.425688,5.53671,5.05
2019/8/9,2.268218,4.872312,4.97
2019/8/10,2.396942,5.282254,4.88
2019/8/11,2.307616,4.741148,4.81
2019/8/12,2.147338,4.099912,4.76
2019/8/13,2.136322,4.560056,4.73
2019/8/14,2.498656,5.301998,4.59
2019/8/15,2.552124,5.592162,4.43
2019/8/16,2.459716,5.21603,4.26
2019/8/17,2.854064,5.770566,4.06
2019/8/18,2.709166,5.732082,3.84
2019/8/19,2.588714,4.935788,3.61
2019/8/20,3.093414,6.571502,3.37
2019/8/21,3.434598,7.025054,3.13
2019/8/22,3.111144,5.72415,2.9
2019/8/23,3.002166,5.79431,2.67
2019/8/24,2.997284,5.859646,2.41
2019/8/25,2.99536,5.572142,2.11
2019/8/26,3.141692,5.660734,1.85
2019/8/27,3.173034,5.76727,1.78
2019/8/28,2.970886,5.337186,1.72
2019/8/29,2.527922,4.267668,1.68
2019/8/30,2.757202,5.061826,1.72
2019/8/31,2.57376,4.789854,1.64
2019/9/1,1.973694,3.156096,1.45
2019/9/2,1.306122,1.47232,1.24
2019/9/3,1.377258,2.325836,0.96
2019/9/4,1.541656,2.81485,0.66
2019/9/5,1.678984,3.508788,0.32
2019/9/6,1.687194,3.2724,-0.05
2019/9/7,1.835418,3.698576,-0.39
2019/9/8,1.906494,3.896146,-0.71
2019/9/9,1.931366,3.609374,-1.0
2019/9/10,2.084442,4.140196,-1.26
2019/9/11,2.37329,4.584104,-1.56
2019/9/12,2.68631,5.163816,-1.79
2019/9/13,3.414548,6.226134,-1.92
2019/9/14,3.445126,6.408414,-2.0
2019/9/15,2.548736,4.278166,-2.04
2019/9/16,2.006468,2.933868,-2.11
2019/9/17,1.40039,2.181792,-2.22
2019/9/18,0.963806,1.363434,-2.26
2019/9/19,0.596222,0.67514,-1.92
2019/9/20,0.653502,0.87094,-1.18
2019/9/21,0.473082,1.098662,-0.51
2019/9/22,0.46228,1.071716,-0.18
2019/9/23,0.5018,1.059204,-0.14
2019/9/24,0.53546,1.388214,-0.23
2019/9/25,0.58905,1.512298,-0.32
2019/9/26,0.535002,1.283234,-0.38
2019/9/27,0.45996,1.219544,-0.43
2019/9/28,0.614502,1.449492,-0.47
2019/9/29,0.57733,1.461884,-0.56
2019/9/30,0.69342,1.791718,-0.63
2019/10/1,1.094664,2.680236,-0.84
2019/10/2,1.330536,2.955138,-1.12
2019/10/3,1.11917,2.348084,-1.45
2019/10/4,1.21765,2.746368,-1.79
2019/10/5,1.11209,2.288208,-2.07
2019/10/6,-0.212372,-0.910736,-2.21
2019/10/7,-0.658998,-1.58606,-2.3
2019/10/8,-1.143158,-2.073976,-2.27
2019/10/9,-1.254364,-2.105836,-2.21
2019/10/10,-1.056306,-1.323304,-2.1
2019/10/11,-1.150208,-1.416504,-2.03
2019/10/12,-1.471498,-2.10321,-1.98
2019/10/13,-1.706604,-2.275146,-1.93
2019/10/14,-1.72995,-2.33249,-1.91
2019/10/15,-1.7706,-1.319764,-1.93
2019/10/16,-2.05594,-2.709564,-1.85
2019/10/17,-2.998108,-5.098358,-1.8
2019/10/18,-2.962952,-4.384004,-1.74
2019/10/19,-2.94275,-4.163818,-1.71
2019/10/20,-2.844636,-3.760224,-1.8
2019/10/21,-2.586732,-2.986786,-1.97
2019/10/22,-2.489168,-2.523652,-2.18
2019/10/23,-2.994782,-4.29538,-2.32
2019/10/24,-2.978546,-3.743042,-2.42
2019/10/25,-2.700196,-2.591858,-2.58
2019/10/26,-3.546418,-4.900268,-2.71
2019/10/27,-3.920106,-5.641388,-2.81
2019/10/28,-4.178528,-6.11847,-2.79
2019/10/29,-4.12439,-5.68213,-2.64
2019/10/30,-4.03354,-5.353424,-2.47
2019/10/31,-3.950562,-5.033478,-2.26
2019/11/1,-3.839082,-4.762726,-2.1
2019/11/2,-3.56427,-3.896728,-1.94
2019/11/3,-3.316652,-3.176606,-1.87
2019/11/4,-3.345154,-3.643342,-1.83
2019/11/5,-3.786226,-4.68988,-1.79
2019/11/6,-3.86139,-4.461792,-1.79
2019/11/7,-3.778932,-4.172486,-1.84
2019/11/8,-3.891114,-4.818574,-2.0
2019/11/9,-4.102022,-5.151368,-2.18
2019/11/10,-4.110688,-5.001862,-2.34
2019/11/11,-4.137482,-5.206452,-2.52
2019/11/14,-4.787262,-6.398376,-3.0
2019/11/15,-4.874848,-6.368012,-3.14
2019/11/16,-4.534852,-5.191528,-3.31
2019/11/17,-4.15143,-4.415742,-3.54
2019/11/18,-5.012178,-7.036256,-3.87
2019/11/19,-5.976106,-9.028198,-4.07
2019/11/20,-6.08902,-8.443512,-4.25
2019/11/21,-5.962282,-7.765472,-4.41
2019/11/22,-5.860292,-7.73938,-4.55
2019/11/23,-5.65976,-6.788026,-4.64
2019/11/24,-5.382538,-6.01761,-4.76
2019/11/25,-5.95102,-7.257416,-4.91
2019/11/26,-7.281586,-11.01117,-4.89
2019/11/27,-7.825348,-11.716858,-4.91
2019/11/28,-8.581056,-12.988892,-4.94
2019/11/29,-8.757538,-12.888062,-5.02
2019/11/30,-8.667786,-11.82309,-5.16
2019/12/1,-9.092346,-13.147492,-5.35
2019/12/2,-9.31955,-13.487092,-5.43
2019/12/3,-9.470918,-13.446594,-5.49
2019/12/4,-9.226198,-12.683654,-5.53
2019/12/5,-9.11905,-12.290924,-5.52
2019/12/6,-8.94217,-11.436952,-5.49
2019/12/7,-9.238832,-12.351318,-5.42
2019/12/8,-9.378846,-12.399262,-5.42
2019/12/9,-9.281006,-11.977356,-5.4
2019/12/10,-9.03351,-11.457856,-5.42
2019/12/11,-8.986238,-11.349,-5.41
2019/12/12,-9.04712,-11.221498,-5.37
2019/12/13,-8.858094,-10.774292,-5.28
2019/12/14,-8.608796,-10.101624,-5.26
2019/12/15,-8.753784,-10.672364,-5.27
2019/12/16,-8.639222,-10.345674,-5.32
2019/12/17,-8.90439,-11.13553,-5.43
2019/12/18,-9.193848,-12.172974,-5.54
2019/12/19,-10.202272,-14.351532,-5.56
2019/12/20,-10.221528,-13.778962,-5.58
2019/12/21,-10.522766,-14.054444,-5.57
2019/12/22,-10.579224,-14.224182,-5.57
2019/12/23,-10.728882,-13.824646,-5.57
2019/12/24,-10.418854,-13.069428,-5.58
2019/12/25,-10.337006,-12.649444,-5.5
2019/12/26,-10.527344,-12.894806,-5.43
2019/12/27,-11.0459,-14.503724,-5.35
2019/12/28,-10.980988,-14.196778,-5.32
2019/12/29,-11.129914,-14.014038,-5.32
2019/12/30,-10.879242,-13.82721,-5.35
2019/12/31,-10.84311,-13.229034,-5.43
2020/1/1,-11.352814,-14.315918,-5.4
2020/1/2,-11.27765,-14.441924,-5.32
2020/1/3,-11.461488,-14.663726,-5.39
2020/1/4,-11.700714,-15.08899,-5.37
2020/1/5,-11.597902,-14.474518,-5.3
2020/1/6,-11.143648,-13.316254,-5.24
2020/1/7,-11.860352,-14.67804,-5.19
2020/1/8,-11.928222,-15.558654,-5.14
2020/1/9,-12.079316,-15.512298,-5.05
2020/1/10,-12.503174,-16.2901,-4.91
2020/1/11,-12.681886,-16.495544,-4.77
2020/1/12,-12.845672,-16.92691,-4.6
2020/1/13,-12.956544,-16.78125,-4.47
2020/1/14,-12.548248,-15.510498,-4.34
2020/1/15,-12.483368,-15.15631,-4.23
2020/1/16,-13.204408,-17.514556,-4.16
2020/1/17,-13.333344,-17.258728,-4.1
2020/1/18,-13.458282,-17.080566,-4.06
2020/1/19,-13.203614,-16.359436,-3.92
2020/1/20,-13.076996,-16.036652,-3.85
2020/1/21,-12.753816,-14.93509,-3.81
2020/1/22,-12.717834,-15.21048,-3.83
2020/1/23,-12.876496,-15.632934,-3.94
2020/1/24,-12.636506,-15.061432,-4.06
2020/1/25,-12.58783,-15.272492,-4.03
2020/1/26,-12.297394,-14.35199,-3.74
2020/1/27,-12.196442,-14.933502,-3.23
2020/1/28,-12.353576,-15.205352,-2.78
2020/1/29,-12.528442,-15.684814,-2.51
2020/1/30,-12.411102,-15.164856,-2.53
2020/1/31,-12.43924,-15.260284,-2.64
2020/2/1,-12.535676,-15.245942,-2.82
2020/2/2,-12.202332,-14.111602,-3.03
2020/2/3,-12.158448,-14.172454,-3.25
2020/2/4,-12.149018,-14.50116,-3.41
2020/2/5,-12.094482,-14.318482,-3.55
2020/2/6,-11.657838,-12.21344,-3.63
2020/2/7,-11.447876,-12.55838,-3.67
2020/2/8,-11.675416,-13.888154,-3.61
2020/2/9,-11.77417,-14.057496,-3.41
2020/2/10,-11.848878,-14.01587,-3.2
2020/2/11,-11.77298,-13.598174,-3.12
2020/2/12,-11.674226,-13.218476,-3.08
2020/2/13,-11.680542,-13.192626,-3.06
2020/2/14,-11.417848,-12.331512,-3.0
2020/2/15,-11.007112,-11.771362,-3.03
2020/2/16,-11.274506,-12.041778,-2.94
2020/2/17,-11.377534,-13.615082,-2.81
2020/2/18,-11.369294,-13.56894,-2.66
2020/2/19,-11.453644,-13.008758,-2.48
2020/2/20,-11.419526,-13.574646,-2.46
2020/2/21,-11.178986,-11.94815,-2.53
2020/2/22,-11.201142,-12.924958,-2.61
2020/2/23,-11.29361,-12.405854,-2.69
2020/2/24,-11.114808,-11.82074,-2.76
2020/2/25,-10.714814,-10.87433,-2.88
2020/2/26,-10.399872,-10.116578,-2.97
2020/2/27,-10.407654,-10.967378,-2.99
2020/2/28,-10.328828,-10.22168,-2.95
2020/2/29,-10.69867,-12.275848,-2.91
2020/3/1,-10.601106,-11.870452,-2.89
2020/3/2,-10.549652,-11.658782,-2.84
2020/3/3,-10.690216,-12.297944,-2.73
2020/3/4,-10.718294,-12.30896,-2.61
2020/3/5,-10.76941,-12.288636,-2.46
2020/3/6,-10.712952,-12.180816,-2.22
2020/3/7,-10.700806,-11.691742,-2.01
2020/3/8,-10.56006,-11.215698,-1.86
2020/3/9,-10.118286,-9.915436,-1.76
2020/3/10,-10.155396,-10.135194,-1.71
2020/3/11,-10.332062,-11.221008,-1.57
2020/3/12,-10.325592,-10.89856,-1.46
2020/3/13,-10.236238,-10.93576,-1.41
2020/3/14,-10.061464,-10.765626,-1.39
2020/3/15,-10.226776,-11.155488,-1.28
2020/3/16,-10.170044,-10.542054,-1.22
2020/3/17,-10.070648,-10.586578,-1.21
2020/3/18,-10.025116,-10.219482,-1.3
2020/3/19,-9.947694,-10.095826,-1.4
2020/3/20,-9.929566,-10.112518,-1.43
2020/3/21,-9.80713,-9.851166,-1.46
2020/3/22,-9.579712,-9.118196,-1.35
2020/3/23,-9.434144,-9.273498,-1.21
2020/3/24,-9.418396,-9.232086,-1.17
2020/3/25,-9.370728,-9.010804,-1.21
2020/3/26,-9.239534,-8.859436,-1.29
2020/3/27,-9.146424,-9.016418,-1.42
2020/3/28,-9.451722,-10.607514,-1.46
2020/3/29,-9.80542,-11.230012,-1.29
2020/3/30,-10.1532,-11.26584,-0.87
2020/3/31,-10.351044,-11.818054,-0.39
2020/4/1,-10.44922,-12.326354,0.11
2020/4/2,-10.176178,-11.029634,0.46
2020/4/3,-10.063294,-10.50824,0.65
2020/4/4,-10.028108,-10.68219,0.72
2020/4/5,-9.889252,-10.196504,0.83
2020/4/6,-9.804016,-9.969116,1.01
2020/4/7,-9.549226,-9.41153,1.17
2020/4/8,-9.351746,-9.307556,1.21
2020/4/9,-9.046022,-8.745606,1.16
2020/4/10,-8.438294,-6.997834,1.0
2020/4/11,-8.924988,-8.797302,0.68
2020/4/12,-9.643342,-10.965942,0.49
2020/4/13,-9.426636,-10.189332,0.35
2020/4/14,-9.168274,-9.144104,0.26
2020/4/15,-8.877686,-8.88977,0.13
2020/4/16,-8.404512,-7.493836,-0.03
2020/4/17,-7.6026,-5.772004,-0.22
2020/4/18,-7.686524,-6.166046,-0.41
2020/4/19,-8.26642,-8.782838,-0.57
2020/4/20,-8.485382,-8.677888,-0.71
2020/4/21,-8.677644,-9.32782,-0.82
2020/4/22,-8.788026,-9.215486,-0.88
2020/4/23,-8.419922,-8.02005,-0.89
2020/4/24,-8.379976,-8.086914,-0.86
2020/4/25,-8.136566,-7.626924,-0.88
2020/4/26,-7.844484,-6.69748,-1.02
2020/4/27,-7.46402,-6.287324,-1.21
2020/4/28,-7.149414,-5.583832,-1.45
2020/4/29,-7.100434,-5.804658,-1.65
2020/4/30,-6.30768,-4.30951,-1.84
2020/5/1,-6.108734,-4.501892,-2.01
2020/5/2,-5.960328,-4.113404,-2.2
2020/5/3,-5.541474,-3.290588,-2.42
2020/5/4,-5.152162,-2.665956,-2.69
2020/5/5,-4.643892,-1.78772,-2.91
2020/5/6,-5.399812,-3.512696,-3.05
2020/5/7,-5.309602,-3.535492,-3.07
2020/5/8,-5.224916,-3.385406,-3.0
2020/5/9,-5.55713,-4.424774,-2.8
2020/5/10,-5.772248,-4.747682,-2.5
2020/5/11,-5.664918,-4.22162,-2.28
2020/5/12,-5.523622,-4.387452,-2.18
2020/5/13,-5.174286,-3.477112,-2.12
2020/5/14,-4.877656,-2.706116,-2.07
2020/5/15,-5.495026,-4.608766,-1.82
2020/5/16,-5.264466,-4.236572,-1.79
2020/5/17,-4.979432,-3.323274,-1.56
2020/5/18,-4.599732,-2.646118,-1.4
2020/5/19,-4.78653,-3.029388,-1.35
2020/5/20,-4.4115,-2.407594,-1.42
2020/5/21,-4.241822,-1.908112,-1.61
2020/5/22,-4.53479,-2.758912,-1.7
2020/5/23,-3.884888,-1.738708,-1.67
2020/5/24,-3.475282,-0.890564,-1.64
2020/5/25,-3.581482,-1.189088,-1.68
2020/5/26,-4.462404,-3.49884,-1.75
2020/5/27,-3.98047,-2.140504,-1.83
2020/5/28,-3.505586,-1.203308,-1.86
2020/5/29,-3.211732,-1.04834,-1.83
2020/5/30,-4.000886,-2.81778,-1.69
2020/5/31,-3.79776,-2.120912,-1.45
2020/6/1,-3.578706,-1.77124,-1.14
2020/6/2,-2.89383,-0.277344,-0.78
