Datetime,Strain1,Strain2,Strain3,Strain4
2013-09-11,,,0.134621942,
2013-09-12,-2.595769891,,0.322315847,
2013-09-13,,-1.259638988,,
2013-09-14,,,2.688992887,
2013-09-15,-3.994077626,-0.188754121,,
2013-09-16,,,8.14993028,
2013-09-17,,,,
2013-09-18,-2.15266838,,3.178587444,
2013-09-19,-0.539806027,,,-2.573063158
2013-09-20,-0.87042022,,-4.342512438,
2013-09-21,,,,
2013-09-22,,3.220847374,,
2013-09-23,,,,
2013-09-24,2.727562103,4.516955147,7.534653603,-0.752373985
2013-09-25,-0.777710215,,,
2013-09-26,-6.735702117,,,
2013-09-27,,,,
2013-09-28,,,,
2013-09-29,,,,
2013-09-30,-26.87870891,,,
2013-10-01,,,,
2013-10-02,-28.44693336,,,
2013-10-03,-28.05835175,,,
2013-10-04,,-18.0493292,-48.29831992,-28.87767628
2013-10-05,,,,
2013-10-06,,,,
2013-10-07,,,-51.10473907,
2013-10-08,-25.14409904,-15.42071752,,-26.11631045
2013-10-09,-25.56903979,,,
2013-10-10,-24.72208283,,,
2013-10-11,,-13.52108965,,-24.73243357
2013-10-12,,-11.82551798,-37.01395716,-23.2293858
2013-10-13,,-10.68993721,,-23.26969302
2013-10-14,,,-38.94935628,-22.89019938
2013-10-15,,,,-19.42992617
2013-10-16,,-7.816525135,,-16.90739183
2013-10-17,-17.57253969,,,
2013-10-18,,-11.00902206,-51.38833966,-19.94728434
2013-10-19,,-12.24908145,-54.373412,
2013-10-20,,,-55.4738011,-23.08202563
2013-10-21,,-12.15504444,,-23.06135106
2013-10-22,,-12.63026904,-56.28556096,
2013-10-23,,-13.00021866,,
2013-10-24,,-12.73283597,,-25.3483382
2013-10-25,-25.33455849,,,
2013-10-26,,-14.36991173,-62.96753854,
2013-10-27,,,,
2013-10-28,-31.28369958,-17.38922119,,-28.9517036
2013-10-29,,,-67.63324853,-30.14857366
2013-10-30,,-17.29742968,,-29.41018514
2013-10-31,,,,-26.56908674
2013-11-01,,,,
2013-11-02,,,,-26.61551162
2013-11-03,,,,
2013-11-04,,,,
2013-11-05,,,-63.81057496,
2013-11-06,,-23.47588427,,
2013-11-07,,,-66.51524965,-35.53220324
2013-11-08,,,,
2013-11-09,,-23.68253113,,
2013-11-10,,-22.92011809,,
2013-11-11,,,-61.39102982,
2013-11-12,,-24.91656423,,-27.12507912
2013-11-13,-38.22614621,,,
2013-11-14,,,,
2013-11-15,-50.83115978,-32.76881,,-40.44120129
2013-11-16,,,,
2013-11-17,-54.94544202,,,
2013-11-18,-58.73024867,-37.49419085,,-48.66295472
2013-11-19,,-38.41653281,-86.99352942,-49.97355892
2013-11-20,,-38.99737689,-89.3493651,
2013-11-21,,,,
2013-11-22,,,,
2013-11-23,-58.77879889,,,-51.21701292
2013-11-24,-57.5677069,-37.88708633,,-48.93481018
2013-11-25,,,,-49.20288352
2013-11-26,,,,
2013-11-27,,,-87.44065781,
2013-11-28,,,,
2013-11-29,,-44.69522764,,
2013-11-30,,,,-55.40292883
2013-12-01,,-47.3690731,-101.3080603,
2013-12-02,-72.02360277,,-101.0652082,
2013-12-03,,,-101.5186726,
2013-12-04,,,,
2013-12-05,,-47.7928479,-100.9954392,
2013-12-06,,-48.05344386,,
2013-12-07,,-48.76576147,,
2013-12-08,-73.47505162,-49.01259007,,-60.04673476
2013-12-09,,-49.42463263,,-60.95102551
2013-12-10,,-50.3135249,-102.9375656,
2013-12-11,,-51.79390893,,
2013-12-12,,,,-61.90393183
2013-12-13,,,,
2013-12-14,,,-111.1004262,-63.79526106
2013-12-15,,,,
2013-12-16,,-55.67234362,,-65.47279369
2013-12-17,-79.44888463,,,
2013-12-18,,-57.97257272,,
2013-12-19,-76.88878098,,,
2013-12-20,,,,
2013-12-21,,-65.77009397,,
2013-12-22,-91.61549306,-67.40642323,-124.7251259,-70.78442041
2013-12-23,,,,
2013-12-24,,,,
2013-12-25,-98.29652133,,,
2013-12-26,,,,-79.76088161
2013-12-27,-99.07765869,,,
2013-12-28,,,,-77.98682978
2013-12-29,,,,
2013-12-30,-104.4235184,,,-82.58498475
2013-12-31,-105.0830888,-76.33366512,,
2014-01-01,,-75.99249302,,-85.50590637
2014-01-02,-104.8066098,,,
2014-01-03,,,-134.4227982,-83.52739553
2014-01-04,,,,
2014-01-05,,,-133.2752968,
2014-01-06,,,-133.4731397,-84.63038972
2014-01-07,-98.56825246,,,
2014-01-08,-98.07283441,,,-79.25372448
2014-01-09,-99.06674857,,,
2014-01-10,,-76.73649286,,-82.32906421
2014-01-11,,,,
2014-01-12,,,,
2014-01-13,,-80.38704317,-133.4522612,-84.73219099
2014-01-14,,,,-86.25728988
2014-01-15,-108.0798953,,,
2014-01-16,,,,
2014-01-17,,-82.88638888,,-89.44971963
2014-01-18,-109.1155768,,-135.9641012,-89.67487899
2014-01-19,,,,
2014-01-20,-109.7989216,-82.72449862,-138.3553962,-90.34397716
2014-01-21,-110.7509323,,-140.3835283,
2014-01-22,,-82.72183793,,
2014-01-23,,-82.95479003,,
2014-01-24,-114.5925122,,-143.1788708,
2014-01-25,,,,
2014-01-26,-109.285224,,,
2014-01-27,,,,
2014-01-28,-106.4733285,,,
2014-01-29,,,,
2014-01-30,,,-129.7170615,
2014-01-31,-104.7375168,-78.4346117,,-86.98673086
2014-02-01,,,,
2014-02-02,,-75.47846911,-117.4623737,-85.29722121
2014-02-03,,,-113.4657881,
2014-02-04,,,,
2014-02-05,,,-114.1573506,
2014-02-06,,,,
2014-02-07,,-79.08603289,,
2014-02-08,-100.7083919,,-120.6708604,
2014-02-09,,-83.3548391,,-81.79521113
2014-02-10,-102.8436959,,,
2014-02-11,,-87.48407021,-130.068286,
2014-02-12,-110.5524969,,-133.9248582,-89.90869891
2014-02-13,,,,
2014-02-14,,,,
2014-02-15,-117.8362967,-92.05432732,,
2014-02-16,,-92.73413196,,
2014-02-17,,,,
2014-02-18,,,-137.2302812,
2014-02-19,,,,
2014-02-20,,-93.49230282,,-96.76439156
2014-02-21,-121.9491356,,,
2014-02-22,,,-137.0903349,-102.1757642
2014-02-23,,-90.89113612,-134.5259398,
2014-02-24,,-89.74274474,-130.9497863,
2014-02-25,,,,
2014-02-26,,,-123.1328252,
2014-02-27,,,,
2014-02-28,,,,
2014-03-01,-109.4056812,,,
2014-03-02,-112.3499865,,,-92.2295891
2014-03-03,-115.8501433,,,
2014-03-04,,,-120.8269277,
2014-03-05,-118.9004235,,-119.4298347,-98.13410346
2014-03-06,,,-117.8118686,-99.40655157
2014-03-07,-115.5073253,-89.69416778,,-97.37322984
2014-03-08,,-90.01415628,,
2014-03-09,,-90.02981984,,
2014-03-10,,,,
2014-03-11,,-88.15286182,,-98.09699005
2014-03-12,,,,
2014-03-13,,,,
2014-03-14,,,,-95.80605383
2014-03-15,-112.3825589,,,
2014-03-16,-111.1900937,-83.94058218,-111.9995194,
2014-03-17,,,-108.9140819,
2014-03-18,,,,-96.68766814
2014-03-19,-98.608449,-77.4008535,-96.06069558,
2014-03-20,,-76.37166838,,-89.67611159
2014-03-21,-96.84472131,-76.9465271,,
2014-03-22,-97.69488624,,,
2014-03-23,-98.19585392,,,
2014-03-24,,,-96.83748705,
2014-03-25,,,,
2014-03-26,-93.18076619,,-86.11108659,-88.36353736
2014-03-27,-91.32847981,-73.12276411,,
2014-03-28,,-71.19779018,-76.61822803,-85.10386056
2014-03-29,,-69.33529357,,
2014-03-30,,,,
2014-03-31,-81.92919924,-65.14601443,,
2014-04-01,,-65.65669658,,
2014-04-02,-84.87322225,,-74.66824674,-82.87054473
2014-04-03,,-65.10677422,,
2014-04-04,,,-74.41372672,
2014-04-05,,,,-83.89549789
2014-04-06,,,-74.49048276,
2014-04-07,,,,
2014-04-08,,,-73.15610098,
2014-04-09,-80.93210454,,,
2014-04-10,,-62.19974518,,
2014-04-11,,,,-82.1149401
2014-04-12,,,-63.05650218,-81.14500319
2014-04-13,,,-64.08662896,-79.35946065
2014-04-14,-78.79656856,,,-81.25100545
2014-04-15,,,,
2014-04-16,,,,
2014-04-17,,,,
2014-04-18,,,,
2014-04-19,,-64.30033194,,
2014-04-20,,,-55.81563889,
2014-04-21,,,-57.89035821,-85.55095309
2014-04-22,,,-57.3303904,-85.35798338
2014-04-23,-85.60322149,,-59.75978257,
2014-04-24,,,-59.38369693,-88.19343699
2014-04-25,,-67.36329744,-56.48859566,
2014-04-26,,,,-87.58175457
2014-04-27,,-68.15508577,-53.97465983,-88.65860107
2014-04-28,,,,
2014-04-29,,,,
2014-04-30,,,,
2014-05-01,,-64.73970095,,
2014-05-02,,,,
2014-05-03,,,-64.96690174,-90.70193283
2014-05-04,,,-67.72605414,-90.7051052
2014-05-05,-77.18496868,-61.63112699,,
2014-05-06,,-61.88099607,-71.20316062,
2014-05-07,,,-74.99709701,-91.13430625
2014-05-08,,,-72.27275255,
2014-05-09,,-58.15486355,-67.51290105,-88.77165507
2014-05-10,-73.45604936,,,
2014-05-11,,-58.37964832,-57.33899467,-85.14820791
2014-05-12,,-59.8120549,,
2014-05-13,,,,
2014-05-14,,,-56.96826601,
2014-05-15,,,,
2014-05-16,,,-59.69378465,
2014-05-17,-74.7284711,,-61.82340117,
2014-05-18,,,,
2014-05-19,,,,-89.85929505
2014-05-20,,,,
2014-05-21,,,,-86.98257504
2014-05-22,,,,-86.62537984
2014-05-23,,-56.07197564,,
2014-05-24,,,-36.41778235,
2014-05-25,,,,-84.16160316
2014-05-26,-64.63260593,,,
2014-05-27,,,,
2014-05-28,,,,-86.27643055
2014-05-29,,,,
2014-05-30,,,,-86.03597577
2014-05-31,,,,
2014-06-01,,,-23.3469308,
2014-06-02,,-51.12563309,,
2014-06-03,,-49.13317172,,-82.50456171
2014-06-04,-56.39917894,-51.5437359,-26.30156066,
2014-06-05,,,,-81.00380764
2014-06-06,,,,-78.53438698
2014-06-07,,,,
2014-06-08,,,,-79.58814485
2014-06-09,,,-24.4032484,-79.6039649
2014-06-10,,,-22.7253361,-80.05697572
2014-06-11,,,,-80.51792065
2014-06-12,,,,
2014-06-13,-44.76378444,-40.52489555,,
2014-06-14,,-40.33939619,-24.8242647,-74.3892593
2014-06-15,-43.21933508,-38.47275771,,-74.28091081
2014-06-16,,,-24.14670546,
2014-06-17,-40.40796866,,-25.0400347,
2014-06-18,-40.43790988,-40.92862097,-27.23610562,-71.28352965
2014-06-19,,-39.81139884,-24.5059349,
2014-06-20,,,,-67.80301986
2014-06-21,-36.67510076,-33.69946601,,
2014-06-22,-38.95345817,,-15.99611556,
2014-06-23,-39.51562939,-32.50316238,,-65.91280926
2014-06-24,,,,
2014-06-25,-40.79895154,,-20.82336926,
2014-06-26,,-35.09826233,,-71.23649749
2014-06-27,,,,
2014-06-28,-44.09634788,,,-72.93731533
2014-06-29,,,,
2014-06-30,,,,
2014-07-01,-40.2134176,,-10.11546825,
2014-07-02,-40.45086159,,,
2014-07-03,,,,-74.08028131
2014-07-04,,-40.45011749,,
2014-07-05,,,-5.828404898,
2014-07-06,,,,
2014-07-07,,,-12.76120183,
2014-07-08,,,,
2014-07-09,,-48.04381335,,
2014-07-10,-41.08807737,,1.793348416,
2014-07-11,,,,-74.28066791
2014-07-12,,,,
2014-07-13,,,-0.357002501,
2014-07-14,,,,-75.02830663
2014-07-15,,,,
2014-07-16,,,,
2014-07-17,-40.61064536,-38.77033024,,
2014-07-18,,-42.13583943,-6.933382465,
2014-07-19,-51.73913643,-49.41825964,-18.09782506,
2014-07-20,-49.76938622,,,
2014-07-21,,,,
2014-07-22,,,,-81.74391617
2014-07-23,,,3.862903398,
2014-07-24,,,,-82.80389577
2014-07-25,,,,-75.73892679
2014-07-26,,,-6.192716958,-71.77891433
2014-07-27,,,,-78.93716675
2014-07-28,,,-17.58519095,-70.86794654
2014-07-29,,-17.95879004,,
2014-07-30,,-31.28614032,,
2014-07-31,,,,-72.60328961
2014-08-01,-23.55216319,,,
2014-08-02,-16.15405533,,,
2014-08-03,-12.95529761,,-9.152455464,
2014-08-04,-13.86813262,,,
2014-08-05,,,,
2014-08-06,,,-2.10617163,
2014-08-07,,,,-67.55778629
2014-08-08,-5.938825108,,-14.25829327,
2014-08-09,,,,-64.72461731
2014-08-10,,,-31.62968205,-62.77486591
2014-08-11,,-39.23614599,-35.18440596,-60.16351668
2014-08-12,-25.96784575,,,-57.42073847
2014-08-13,,-30.85614032,,-56.83221634
2014-08-14,-32.20213644,-30.91397653,,
2014-08-15,,,,
2014-08-16,,-34.32366716,,
2014-08-17,,,,
2014-08-18,,,-25.0540355,-69.78440829
2014-08-19,-29.88405222,,-27.51386955,
2014-08-20,,,,
2014-08-21,,,-33.48593912,
2014-08-22,,,-28.36691854,
2014-08-23,,-38.29720526,,
2014-08-24,-32.72330042,,,
2014-08-25,,,-24.04475054,
2014-08-26,,,,
2014-08-27,,,,-69.83566263
2014-08-28,,,-16.4781203,-69.46546828
2014-08-29,,,,
2014-08-30,-32.14907087,,,-70.72285039
2014-08-31,-32.96356896,,,-71.48266961
2014-09-01,,,,-74.23417722
2014-09-02,,,-18.9746596,
2014-09-03,-35.78812713,-36.35908673,,
2014-09-04,,,,-74.09520772
2014-09-05,,-36.82654357,,-76.81826322
2014-09-06,-38.35227705,,,
2014-09-07,-38.4568441,,-31.18554731,
2014-09-08,-37.34026871,,-24.05371655,-72.87003295
2014-09-09,,-29.49387467,,
2014-09-10,,-30.60994903,,-72.1789613
2014-09-11,,-29.77608702,-10.58979448,
2014-09-12,,,,
2014-09-13,,-33.85251271,,
2014-09-14,,,,
2014-09-15,,,-26.61412534,-72.46981309
2014-09-16,,,,
2014-09-17,,-41.55854965,,-74.33206424
2014-09-18,-35.58689265,,,-75.30671132
2014-09-19,-38.72919772,,-42.41875688,
2014-09-20,-42.83216064,,,
2014-09-21,,-47.06893212,,
2014-09-22,,,-42.03880535,
2014-09-23,-45.656371,,,-82.45464241
2014-09-24,,,,
2014-09-25,,-31.86315012,-43.97759173,-83.66562731
2014-09-26,,,,-89.02757551
2014-09-27,,,,-84.59826801
2014-09-28,,,-36.23142153,
2014-09-29,,-30.92666413,,
2014-09-30,,-32.90658165,,-84.31789159
2014-10-01,,,,
2014-10-02,,-39.48143595,,
2014-10-03,,,-46.61106483,
2014-10-04,-29.2986068,,-54.16324041,
2014-10-05,,-48.43696897,,
2014-10-06,,,,
2014-10-07,-30.17602775,,-70.62924151,
2014-10-08,,,-76.63377007,-86.86627814
2014-10-09,,,,
2014-10-10,,-49.04613355,,
2014-10-11,-34.76447165,,,
2014-10-12,,,-79.01546893,
2014-10-13,,,,
2014-10-14,,,-85.48443324,
2014-10-15,-37.96819455,-48.79381941,-90.03807797,
2014-10-16,-39.20850294,,,
2014-10-17,,,-89.27067649,
2014-10-18,-38.78825,,-88.56153083,
2014-10-19,,,,
2014-10-20,,,-85.46662891,
2014-10-21,,,-79.17863185,
2014-10-22,-34.59155213,-45.6996365,,-76.70230643
2014-10-23,-37.09166874,,-80.88178311,
2014-10-24,-37.99282822,,,
2014-10-25,,-46.76113973,,
2014-10-26,,,-80.61427221,
2014-10-27,,,,
2014-10-28,,-43.90511908,,-73.2860059
2014-10-29,-31.96323289,,-73.80401756,-67.51160939
2014-10-30,,,,-67.59825405
2014-10-31,,,,
2014-11-01,,,-81.25435435,-79.75852505
2014-11-02,,,-85.8399371,
2014-11-03,-58.79556572,,,-88.41813443
2014-11-04,-62.66934134,,,-92.58152093
2014-11-05,,,-108.1302304,-97.28992786
2014-11-06,-66.21208826,,,-93.49022492
2014-11-07,-68.53176994,,-108.1683135,-98.11411554
2014-11-08,,,,-94.65402366
2014-11-09,,-66.11849063,,-96.7552663
2014-11-10,,,,
2014-11-11,,-68.19863843,,-100.3347053
2014-11-12,,,-110.1777819,
2014-11-13,,,,
2014-11-14,,,,-106.3897057
2014-11-15,,-68.52131249,,-105.8157075
2014-11-16,,,-119.0917144,
2014-11-17,,,,
2014-11-18,,,-121.489862,
2014-11-19,,,,
2014-11-20,-78.4698001,,,
2014-11-21,,-68.36860405,,-104.5591725
2014-11-22,,,,-104.3522269
2014-11-23,,,-114.9469053,
2014-11-24,,,,-92.95666197
2014-11-25,,,,
2014-11-26,,,,
2014-11-27,,,,-96.85758443
2014-11-28,,,,
2014-11-29,,,,
2014-11-30,,,,
2014-12-01,,,-111.2864342,-94.50208032
2014-12-02,,,-119.671808,
2014-12-03,,,,
2014-12-04,,,,
2014-12-05,,,,-109.1669332
2014-12-06,,-84.43401433,-136.0121901,
2014-12-07,,,,
2014-12-08,,,-140.9134965,
2014-12-09,,-87.19106404,,
2014-12-10,-99.82525103,,,-115.1142113
2014-12-11,,,,
2014-12-12,,,,-112.2106115
2014-12-13,-104.5084551,,,-116.1686475
2014-12-14,-106.3506027,-90.70914564,-149.4643648,-118.482877
2014-12-15,,-90.05793423,,
2014-12-16,,,-150.7031125,
2014-12-17,,,,-117.2258167
2014-12-18,-108.0022279,,-152.7301619,
2014-12-19,,-91.69820709,,
2014-12-20,,,,
2014-12-21,-110.8375569,,-152.5793549,
2014-12-22,,,-153.3363198,
2014-12-23,,-91.55862569,,-117.9238926
2014-12-24,,,-156.9214383,
2014-12-25,,,,-120.3196884
2014-12-26,,,-156.6745004,-117.278506
2014-12-27,-108.8800912,-93.8203033,,-117.5155725
2014-12-28,,,,
2014-12-29,,,,
2014-12-30,,,,
2014-12-31,,-93.58865888,,
2015-01-01,-112.130029,,,
2015-01-02,-114.2357238,,-158.5056997,
2015-01-03,,,,
2015-01-04,,-96.07275554,,
2015-01-05,,,,
2015-01-06,,,,
2015-01-07,-107.7929364,,,
2015-01-08,,,,
2015-01-09,,,,
2015-01-10,,,-153.6259084,
2015-01-11,-113.6818874,,,
2015-01-12,,,-151.0567242,
2015-01-13,,,,
2015-01-14,,,,-120.63982
2015-01-15,,,,-120.3058314
2015-01-16,-112.5837906,,,
2015-01-17,,,,-122.8817047
2015-01-18,,-94.88713032,-151.4000421,
2015-01-19,-115.7180849,,,
2015-01-20,,,,
2015-01-21,,,,
2015-01-22,-114.8321968,-95.64222274,-153.5749136,
2015-01-23,,,,
2015-01-24,,,,-128.1431266
2015-01-25,,-95.35746152,,
2015-01-26,,,-151.9133754,-121.7753343
2015-01-27,-116.2970071,-94.83160286,,
2015-01-28,,,-151.0676916,-120.995005
2015-01-29,,,-152.9482403,
2015-01-30,-110.3056102,,,
2015-01-31,,,,-122.1561871
2015-02-01,,-106.9261801,,-122.179487
2015-02-02,,,,
2015-02-03,,,,
2015-02-04,,,,-128.1739602
2015-02-05,,-110.2912997,,
2015-02-06,,,,
2015-02-07,-129.8213185,-109.4878756,,
2015-02-08,,,-162.6408096,-134.6144198
2015-02-09,,,,
2015-02-10,,,,-136.0281922
2015-02-11,,-107.9175871,,
2015-02-12,-127.7022041,-106.3501553,-160.8564912,-138.1525237
2015-02-13,,-104.566031,,-137.2530515
2015-02-14,-123.9412241,,,-136.7522182
2015-02-15,,,,
2015-02-16,,,-141.4047127,-130.2646861
2015-02-17,,,,
2015-02-18,,,,
2015-02-19,-112.6240047,,-138.2216608,
2015-02-20,,,-136.5125042,
2015-02-21,,-97.96946367,,
2015-02-22,-112.9210185,-98.83084917,,
2015-02-23,,,,
2015-02-24,,-100.3503941,,-125.2481202
2015-02-25,,-101.3918451,-136.4141954,
2015-02-26,,-101.7623192,,
2015-02-27,-117.9200008,,,
2015-02-28,-117.4899962,,,
2015-03-01,-117.2907219,,,-123.8014453
2015-03-02,,,-140.3425163,-131.7367353
2015-03-03,,,,
2015-03-04,,-107.0488574,,
2015-03-05,,-107.5579735,,-136.7078315
2015-03-06,,,,
2015-03-07,-128.0833426,,-150.1504903,
2015-03-08,,-109.1175268,,
2015-03-09,-129.2849447,,,-139.7340336
2015-03-10,,-107.2468855,,
2015-03-11,,,,
2015-03-12,,,,-139.9735051
2015-03-13,,,,
2015-03-14,,,-141.0873279,
2015-03-15,,,-136.0168539,
2015-03-16,-118.2537897,-101.2669594,,
2015-03-17,-117.5837791,,,
2015-03-18,-113.4749671,,,-132.8831385
2015-03-19,,,,
2015-03-20,,,-116.476633,-129.1826075
2015-03-21,,,,
2015-03-22,,,,
2015-03-23,-115.9670631,,-115.0789715,
2015-03-24,-113.3903226,-98.82943131,,-131.6442097
2015-03-25,,,-116.247944,
2015-03-26,,,,
2015-03-27,,,,
2015-03-28,,-94.73162262,-111.1361616,
2015-03-29,-107.4776836,,,-128.1335754
2015-03-30,-104.1971936,,-99.03921197,
2015-03-31,,-90.24108618,-92.61863307,
2015-04-01,,,-83.409719,
2015-04-02,,,-74.74045336,
2015-04-03,,,,
2015-04-04,-96.5652682,,,
2015-04-05,,,,-121.215162
2015-04-06,,-94.54638795,,
2015-04-07,,,,
2015-04-08,,,-95.19341801,
2015-04-09,,,,
2015-04-10,-116.9768209,-102.9082849,,
2015-04-11,-117.4154035,,,
2015-04-12,,-101.7242949,,
2015-04-13,-114.5788461,,,-140.9851507
2015-04-14,,-100.3786609,,
2015-04-15,,-99.36322416,,
2015-04-16,-108.7188177,,,-135.7788271
2015-04-17,,,,
2015-04-18,,,,
2015-04-19,-97.82492181,,,
2015-04-20,,,-84.1750519,
2015-04-21,,,,
2015-04-22,-99.43561814,,-91.6236447,
2015-04-23,,,,-127.532072
2015-04-24,-97.1809949,,-91.49913308,
2015-04-25,,,-88.47613113,
2015-04-26,,,,
2015-04-27,,,,-126.0222758
2015-04-28,,,,
2015-04-29,,-75.61913339,,
2015-04-30,-82.73284811,,-72.74743026,-119.9784715
2015-05-01,,,,
2015-05-02,-75.28356451,,,
2015-05-03,,,,
2015-05-04,,-71.07697622,-61.1416186,
2015-05-05,,,,
2015-05-06,-77.25988077,,,-115.3591684
2015-05-07,,-70.0015101,,
2015-05-08,,-69.08573433,,-116.3384044
2015-05-09,,,,
2015-05-10,,,-56.7181007,
2015-05-11,,,,
2015-05-12,,-68.9726371,,-113.2737614
2015-05-13,,,,
2015-05-14,,,-66.76894659,
2015-05-15,,-67.72303175,,
2015-05-16,,,-50.28645436,-116.1434526
2015-05-17,-73.16482621,,,
2015-05-18,,,,-115.4236054
2015-05-19,,,-44.90040879,
2015-05-20,-70.53469701,,,
2015-05-21,,,-44.64260431,-116.020343
2015-05-22,,-65.20731948,,
2015-05-23,,,,
2015-05-24,-69.21648809,,,
2015-05-25,-69.06853287,-65.41715448,,
2015-05-26,,,,
2015-05-27,-65.95210372,,,-115.9336099
2015-05-28,,,-52.78115226,
2015-05-29,,,,
2015-05-30,,-62.34517262,,-113.1834496
2015-05-31,-66.7282392,-62.95004119,-42.35271173,
2015-06-01,-64.53519736,,,
2015-06-02,,-61.2142841,,
2015-06-03,,,-30.13391927,
2015-06-04,,,,
2015-06-05,,-62.7501247,-40.78587897,-114.6798196
2015-06-06,,,,-115.8162326
2015-06-07,,-63.46678751,,
2015-06-08,-65.73397489,,,-115.1864823
2015-06-09,,,-47.48407874,
2015-06-10,-69.06378883,,,-117.4424075
2015-06-11,,-65.86044203,-42.97962404,
2015-06-12,,-65.78549484,,
2015-06-13,,,-51.38897604,
2015-06-14,,-63.34329399,-46.93456188,
2015-06-15,,,-43.84546419,-118.4840474
2015-06-16,,,,-117.4870616
2015-06-17,-63.38259371,-62.63549698,,
2015-06-18,,,,-117.350984
2015-06-19,-68.75960155,,,
2015-06-20,,,-37.29555104,
2015-06-21,,-61.58718263,,
2015-06-22,-65.94260736,,,-121.1452371
2015-06-23,,,-38.42298106,
2015-06-24,-64.46523055,,,-121.1690735
2015-06-25,,,,
2015-06-26,-58.24237337,-59.46523341,,-120.2502722
2015-06-27,,-62.27000479,,
2015-06-28,,,-12.89343399,-112.6840836
2015-06-29,-57.22917437,,,-111.6850621
2015-06-30,,,,-108.9703037
2015-07-01,,-50.28202036,,
2015-07-02,,,,
2015-07-03,,,,
2015-07-04,,,-11.99637988,
2015-07-05,-52.49628821,,-20.97437612,
2015-07-06,,,,
2015-07-07,,-53.67789683,,
2015-07-08,,,,
2015-07-09,,,-50.49231589,
2015-07-10,,,-47.47843191,-116.1329195
2015-07-11,,,,-115.1929805
2015-07-12,,-56.32687001,,
2015-07-13,,-54.45211432,-38.9870501,
2015-07-14,-51.40110703,-47.75658402,,
2015-07-15,-47.91856714,,,-102.8209391
2015-07-16,,,,-104.17903
2015-07-17,,-43.87364532,,-106.8258409
2015-07-18,-47.64506435,,,-106.931691
2015-07-19,,,,-107.657837
2015-07-20,-45.02255851,-45.74341727,,
2015-07-21,,,,-106.877191
2015-07-22,,,,-107.1591094
2015-07-23,,,,-107.2298978
2015-07-24,,,-12.34120558,-106.0661002
2015-07-25,,,-15.25807824,
2015-07-26,,,,
2015-07-27,,,-13.75419805,-105.4809112
2015-07-28,,,,
2015-07-29,,,-12.20055451,-100.6169734
2015-07-30,,,,
2015-07-31,,,,
2015-08-01,-31.7766477,,,
2015-08-02,,-36.35856405,-21.33358455,
2015-08-03,,,,-89.17838594
2015-08-04,,-30.71854606,,-87.23081682
2015-08-05,,,,
2015-08-06,-19.3852083,,,
2015-08-07,,,,-83.40297006
2015-08-08,,,,
2015-08-09,,,,-77.72128568
2015-08-10,,,,
2015-08-11,,,-12.65329725,
2015-08-12,,,,
2015-08-13,,,-18.19419593,-79.70117022
2015-08-14,,-21.23885306,-22.05793722,-80.04656066
2015-08-15,-13.66055938,-20.6418615,,-80.7633675
2015-08-16,,-19.93821495,-13.95450422,
2015-08-17,-13.09337829,,,
2015-08-18,,,,-79.76827696
2015-08-19,,-20.45562071,,
2015-08-20,,,-18.77760558,
2015-08-21,,,-24.73509935,-85.20608048
2015-08-22,,,,
2015-08-23,,,,-85.30736061
2015-08-24,-17.89785826,,,
2015-08-25,,-25.99555726,-36.18432026,
2015-08-26,-19.03659297,-26.45047892,-39.87962888,
2015-08-27,,,-42.34056939,
2015-08-28,,,,
2015-08-29,-18.61819642,-25.72091239,,-88.13077628
2015-08-30,,,,-86.71946901
2015-08-31,,-25.86210526,,-87.02573999
2015-09-01,-19.27390182,,,
2015-09-02,,,,-86.51953714
2015-09-03,,,,-86.36935728
2015-09-04,,-25.8354663,,
2015-09-05,-16.52327556,,-41.00719491,
2015-09-06,-18.64457734,,,
2015-09-07,,,,-86.26317765
2015-09-08,,,-42.74175541,
2015-09-09,-21.50524878,-26.85439612,,
2015-09-10,,-26.94965562,-49.20032343,
2015-09-11,,-27.32315681,-51.96618996,
2015-09-12,-21.55562522,,,-91.41600391
2015-09-13,,,,-92.9966233
2015-09-14,,-32.21502144,,
2015-09-15,,,,-98.08548145
2015-09-16,,,,
2015-09-17,-32.78615386,,,
2015-09-18,-33.01894424,,-73.69749099,
2015-09-19,-30.56916976,,,
2015-09-20,,,,
2015-09-21,,,-70.13893726,
2015-09-22,-37.57965171,,-70.86428693,-100.2607447
2015-09-23,,,,
2015-09-24,,,,
2015-09-25,,-38.46725022,,
2015-09-26,,,,-98.63293295
2015-09-27,,,,
2015-09-28,,,,-100.2600398
2015-09-29,,,,
2015-09-30,-35.76223891,,-63.54515216,
2015-10-01,-36.91788169,,-62.96165756,
2015-10-02,-41.05841332,,,-103.3719189
2015-10-03,,-42.11304564,-78.91820566,
2015-10-04,,-43.07972852,,
2015-10-05,,-42.63425738,,
2015-10-06,,,-79.57524926,-103.8280494
2015-10-07,-43.04088621,,,-102.5355036
2015-10-08,-45.17448758,-44.28606444,,-102.2668897
2015-10-09,-47.21049515,-45.34433743,,-104.1898094
2015-10-10,-50.57620188,,,
2015-10-11,-51.50434675,,-85.67617246,
2015-10-12,-52.75920857,-48.42266751,,-108.3910928
2015-10-13,,-48.44349546,,
2015-10-14,-53.39486188,,,-110.9084201
2015-10-15,,,,
2015-10-16,,-47.76772131,,-110.8159311
2015-10-17,-52.28448062,,-90.34396382,
2015-10-18,,-46.54510399,-91.03794244,-108.8834721
2015-10-19,-50.89072327,,,
2015-10-20,-51.05330225,,-93.45837767,-109.5666388
2015-10-21,-50.11413438,-45.87394889,-92.23286976,
2015-10-22,-50.263682,,,-107.9460099
2015-10-23,,,,
2015-10-24,,,-89.21072051,
2015-10-25,,,,
2015-10-26,-46.94407334,,,-104.407027
2015-10-27,-44.19157443,,-82.37300116,-100.841539
2015-10-28,,,,
2015-10-29,,,,
2015-10-30,,-46.85347384,,
2015-10-31,,,-91.62150303,-101.7741777
2015-11-01,,,-98.01576962,
2015-11-02,,,,
2015-11-03,-64.32300667,-56.39969227,-107.9877848,
2015-11-04,,,,-114.3791226
2015-11-05,-67.38017343,,,-114.4127692
2015-11-06,,-58.37391228,,-115.8724612
2015-11-07,,,,
2015-11-08,,,-106.4991698,
2015-11-09,,,,-114.9974615
2015-11-10,,,,
2015-11-11,-73.55333559,,-115.6901231,
2015-11-12,,-65.66109062,-115.7595602,
2015-11-13,-77.456999,,,
2015-11-14,,,,
2015-11-15,,,-117.4136376,
2015-11-16,,,,
2015-11-17,-86.05757252,,,
2015-11-18,,,-115.8283566,
2015-11-19,,-77.06070271,,
2015-11-20,,,-117.4396753,
2015-11-21,,-79.77590146,,
2015-11-22,-96.57760228,-80.1498996,,
2015-11-23,,,-118.5702119,
2015-11-24,,-82.03646462,,
2015-11-25,,,,
2015-11-26,,-88.01592749,,
2015-11-27,-99.85735628,,,
2015-11-28,-109.3073086,-90.83976598,,
2015-11-29,-109.1655081,-91.1078844,-141.7395352,-139.1873216
2015-11-30,-109.012848,-90.07401069,,
2015-12-01,,,,
2015-12-02,,-88.89703584,,
2015-12-03,-106.3842168,,,-139.5544698
2015-12-04,,,-141.1516938,
2015-12-05,,,,
2015-12-06,,,,-135.8469664
2015-12-07,,-89.94299189,,
2015-12-08,,,,-139.1089703
2015-12-09,,-93.14949521,,-142.1809857
2015-12-10,,,,
2015-12-11,,,,
2015-12-12,,,-149.3712782,
2015-12-13,,,-150.0899328,
2015-12-14,-117.1570227,,,
2015-12-15,-119.8406897,,,
2015-12-16,,,,
2015-12-17,,-98.74858179,,
2015-12-18,,,,
2015-12-19,-125.3618633,,,
2015-12-20,,-102.6458052,,
2015-12-21,,,,
2015-12-22,,,-166.342327,
2015-12-23,,,,-151.6123126
2015-12-24,,,,
2015-12-25,,-102.5871745,,
2015-12-26,-127.1175106,,-160.8247281,
2015-12-27,,,,-152.9562011
2015-12-28,,,-161.8203379,
2015-12-29,,,,-150.7305105
2015-12-30,,,,
2015-12-31,-127.3136046,,-162.3793166,
2016-01-01,,,,-153.9462995
2016-01-02,,,,
2016-01-03,,-102.3537781,-161.4621925,-152.9307643
2016-01-04,-125.3687266,,,-150.7475443
2016-01-05,-117.0640461,,-152.0998176,
2016-01-06,,,,-145.6493307
2016-01-07,,,,
2016-01-08,-118.1357686,,,
2016-01-09,,,,
2016-01-10,,,,-147.4667092
2016-01-11,,-103.8423644,,
2016-01-12,,,-154.996239,
2016-01-13,,-108.8688018,-162.1630538,
2016-01-14,,-111.2259743,,-150.5456972
2016-01-15,-135.2809005,,,
2016-01-16,-136.7173179,,-168.8003455,-156.0622177
2016-01-17,,-112.7127131,,
2016-01-18,,-112.504938,,-158.4407132
2016-01-19,,-113.480852,,-157.527298
2016-01-20,,,,
2016-01-21,-139.447322,-114.7348151,,-158.9211747
2016-01-22,,,,-157.4308763
2016-01-23,-139.6573799,,-173.8230798,-154.3816119
2016-01-24,,,,
2016-01-25,,-118.5683727,,
2016-01-26,,-122.4585448,,
2016-01-27,-150.0035644,,-187.6793788,
2016-01-28,,,-187.0797826,-168.1227467
2016-01-29,,-121.7697275,,-168.7894527
2016-01-30,-147.1243415,,,-163.1338927
2016-01-31,-147.4887811,,,
2016-02-01,-145.7177346,,,
2016-02-02,,,,
2016-02-03,,-125.2908366,,-166.4667166
2016-02-04,,,,
2016-02-05,,-125.4378586,,
2016-02-06,-155.2235824,,-186.9400864,-169.5952103
2016-02-07,-155.2501295,-124.5919259,-188.0657015,
2016-02-08,,,,-172.557812
2016-02-09,,-122.7942812,-186.0545682,
2016-02-10,,,,-172.1504498
2016-02-11,,,,
2016-02-12,,,-166.6102062,
2016-02-13,,,-153.4254039,
2016-02-14,-133.2176595,,,
2016-02-15,,-110.4131516,,
2016-02-16,,-112.6202589,,
2016-02-17,,,,
2016-02-18,,,-167.3671738,
2016-02-19,,-113.6496178,-168.065882,
2016-02-20,,,,
2016-02-21,,-112.8706253,,
2016-02-22,-136.6863932,,,
2016-02-23,,-112.4072006,,
2016-02-24,,-112.470581,,
2016-02-25,,,,-161.2165362
2016-02-26,,-112.4118,,
2016-02-27,-136.9351912,,,
2016-02-28,-135.2137809,,,
2016-02-29,,,,-159.4765886
2016-03-01,-132.4216042,,,
2016-03-02,-131.1364325,,,
2016-03-03,-128.4702287,,-156.7591347,
2016-03-04,,,,-154.1611066
2016-03-05,-120.0270245,-98.80032067,,-150.9778813
2016-03-06,,,,
2016-03-08,,,,
2016-03-09,,,-125.6177228,
2016-03-10,,-96.24224062,-131.8762309,-133.8339542
2016-03-11,,,,
2016-03-12,,,,-149.7457942
2016-03-13,,,-148.6286298,
2016-03-14,,-105.2278732,-148.8534222,-156.064012
2016-03-15,,,,
2016-03-16,,,,
2016-03-17,,,,
2016-03-18,-125.5049482,,,
2016-03-19,,,-141.8178068,-156.7439395
2016-03-20,,,,
2016-03-21,,,,
2016-03-22,,-98.66035883,,-151.4766579
2016-03-23,,-97.98614429,,
2016-03-24,,,,
2016-03-25,,,,
2016-03-26,-124.1560977,,-148.6721385,
2016-03-27,-124.2008956,,,
2016-03-28,,,,-160.9458792
2016-03-29,-127.1384106,,,
2016-03-30,,,,
2016-03-31,,,-140.9118763,
2016-04-01,-122.4627021,,,
2016-04-02,,,,
2016-04-03,,-95.3934167,-123.4171721,-153.1396169
2016-04-04,-114.0460987,-95.36138606,,-148.6030492
2016-04-05,,,,
2016-04-06,,-95.58971749,-116.8432292,
2016-04-07,-115.3795062,,,
2016-04-08,,,,-152.7125634
2016-04-09,-116.3739873,,,
2016-04-10,-115.0424362,,,
2016-04-11,,,,-154.2207892
2016-04-12,,-96.20983288,,
2016-04-13,,,,
2016-04-14,,,-99.68341866,-155.05063
2016-04-15,,-92.26057301,-96.26771438,-154.0520235
2016-04-16,,,,
2016-04-17,,-92.10233305,-95.78735868,
2016-04-18,,,,
2016-04-19,-111.3173414,-94.35709081,-103.2394774,
2016-04-20,,-93.80545292,,-155.2574211
2016-04-21,,,-99.42862784,
2016-04-22,-111.7955906,,,
2016-04-23,,,-96.43248826,
2016-04-24,-111.0558492,-94.31893722,,
2016-04-25,,-95.02807976,,
2016-04-26,,,,-157.099608
2016-04-27,-111.1604384,,,-156.6520167
2016-04-28,,,,-157.2266147
2016-04-29,,,,-158.5725679
2016-04-30,,,,
2016-05-01,,,,
2016-05-02,,,-94.74817967,-154.5859472
2016-05-03,,,,
2016-05-04,,,-93.34352609,
2016-05-05,,,,
2016-05-06,,-85.22434422,,-150.6007429
2016-05-07,,,-77.98886168,
2016-05-08,,-83.33104093,,
2016-05-09,,-85.09523725,,
2016-05-10,,,,
2016-05-11,,,-89.55060135,-152.2385296
2016-05-12,,-87.75963337,,
2016-05-13,,,,
2016-05-14,,-85.90541895,,-155.0844491
2016-05-15,-98.31276666,,-86.25239981,-152.6996976
2016-05-16,-100.2728764,,-92.55936836,
2016-05-17,,,,
2016-05-18,,-87.1906001,,-154.8910253
2016-05-19,-99.59364349,,,
2016-05-20,,-86.38722115,-93.65480819,
2016-05-21,,,,-151.7296833
2016-05-22,,,-92.50993177,-150.8383946
2016-05-23,-100.1628658,,-93.43079915,-149.9114093
2016-05-24,,,-91.13965531,-150.2210948
2016-05-25,,,,
2016-05-26,,,,
2016-05-27,,,-85.36402594,-150.5165161
2016-05-28,-99.0182945,,,-150.9010831
2016-05-29,-99.89762786,,-85.71386297,
2016-05-30,,,,
2016-05-31,,,-84.40032937,
2016-06-01,,,-72.76501644,
2016-06-02,-92.63204146,-81.48814219,,
2016-06-03,,-83.66862531,,
2016-06-04,,-84.46920085,,
2016-06-05,,,,-149.5778811
2016-06-06,,-82.25882317,,
2016-06-07,,,,
2016-06-08,,,-64.33933776,-146.9048797
2016-06-09,-87.01083,,,
2016-06-10,,,-59.57003648,
2016-06-11,,-74.32281298,-55.44275473,
2016-06-12,-82.39094866,,,-143.9747774
2016-06-13,,,,
2016-06-14,,-72.91650363,,
2016-06-15,,,,
2016-06-16,,-67.90700199,,
2016-06-17,-76.13486776,,,-138.2430997
2016-06-18,,,,
2016-06-19,,-65.87626877,,
2016-06-20,-73.55496451,,-49.79871159,
2016-06-21,,,-49.30193861,-137.9361312
2016-06-22,-73.67433532,,,
2016-06-23,,,,
2016-06-24,,,,
2016-06-25,,-65.02296355,,-134.6215742
2016-06-26,,,-44.59002671,-135.8738686
2016-06-27,,-70.87788851,-48.74429793,
2016-06-28,-76.53940104,,,
2016-06-29,,,-54.67795066,-140.705771
2016-06-30,,-74.60613187,,-142.7410552
2016-07-01,,,,
2016-07-02,,-79.2763075,-49.87020486,-146.7591076
2016-07-03,,,,
2016-07-04,,,-48.9321267,-148.140921
2016-07-05,,,,-149.7745622
2016-07-06,,,,
2016-07-07,,,,
2016-07-08,,,-53.91003575,-147.2740235
2016-07-09,-82.74566015,,,
2016-07-10,,,,-152.6215076
2016-07-11,-84.88334328,,-31.75736059,-142.9346279
2016-07-12,-79.63598135,,,-143.4150725
2016-07-13,,,-18.9134888,
2016-07-14,,,,
2016-07-15,-63.14902656,,,
2016-07-16,,,,
2016-07-17,-71.04466927,-77.15494314,,
2016-07-18,,,,-133.5838447
2016-07-19,,,-21.19903284,
2016-07-20,,-76.290063,,
2016-07-21,,-67.4779634,,
2016-07-22,-76.14170392,,-22.98937132,
2016-07-23,,,,-136.1840531
2016-07-24,,,,
2016-07-25,-56.6991619,,-12.11951097,-136.7735768
2016-07-26,,,-8.954992157,
2016-07-27,-51.18557477,,,
2016-07-28,-44.22522887,-65.09627948,-10.59606308,
2016-07-29,,,,
2016-07-30,,-55.82963093,-6.194265366,-121.8862163
2016-07-31,,,,
2016-08-01,-43.64754818,,-9.14359615,
2016-08-02,-46.72213653,-48.00873143,-10.86755461,-117.6735811
2016-08-03,,-45.29933591,,
2016-08-04,,,-9.773613834,
2016-08-05,,,,
2016-08-06,,,-18.68395892,
2016-08-07,-45.983895,,-19.27452734,-124.6233393
2016-08-08,,,,
2016-08-09,-46.74601614,,,
2016-08-10,,,-12.61551196,-124.3233612
2016-08-11,-41.88989871,,,-122.0366021
2016-08-12,,,,-123.7017329
2016-08-13,,,,
2016-08-14,,-51.74794863,,
2016-08-15,,-48.47699897,,
2016-08-16,,,,-114.6890856
2016-08-17,-27.94832483,,,
2016-08-18,,,-3.709939712,-110.477341
2016-08-19,,-46.4511558,,-111.4595835
2016-08-20,,,,
2016-08-21,,-42.73100299,-6.385808508,
2016-08-22,,,,-106.0030795
2016-08-23,,,,
2016-08-24,,,,
2016-08-25,,,,
2016-08-26,-19.23609342,-38.05595597,,-102.4011486
2016-08-27,,,,-103.3301903
2016-08-28,,-42.09476316,,-105.9596962
2016-08-29,-28.32064806,-43.474241,,
2016-08-30,,-44.48682265,,-110.2091014
2016-08-31,,,,
2016-09-01,,,-64.67274643,-109.8232617
2016-09-02,-26.12009604,-42.98337244,-63.33398121,-109.4622758
2016-09-03,,-40.96791766,,-106.3445379
2016-09-04,,,-60.34842078,
2016-09-05,,,,-105.2358193
2016-09-06,,-39.29130547,,
2016-09-07,-19.12801466,,,
2016-09-08,,-37.78891679,,
2016-09-09,,-37.39201,-62.52308545,
2016-09-10,,,,
2016-09-11,,,,
2016-09-12,,-37.27672781,,
2016-09-13,,-36.72184997,,-102.1436279
2016-09-14,-17.81526799,,-62.2983557,
2016-09-15,,-34.2456572,,
2016-09-16,,,,
2016-09-17,,-33.74038878,-64.43682699,-97.4055441
2016-09-18,,,,
2016-09-19,,-33.01889975,,
2016-09-20,,,-72.9366335,
2016-09-21,,,,
2016-09-22,,,-82.76224751,
2016-09-23,-22.47314908,-35.58658348,-84.20849239,
2016-09-24,-23.08561618,,-84.46692823,
2016-09-25,,,,
2016-09-26,,,,
2016-09-27,,-32.00917848,,-94.36999468
2016-09-28,,,,
2016-09-29,-18.49798538,,-69.98801405,
2016-09-30,,,,
2016-10-01,,,,
2016-10-02,-29.10177728,-39.77288792,,-96.36985109
2016-10-03,,,,
2016-10-04,,-42.381261,,-100.5871251
2016-10-05,-36.39307773,-42.43594276,,
2016-10-06,,-42.29262702,-70.74692737,
2016-10-07,,,-68.10218905,
2016-10-08,-34.52196095,-41.25152157,,
2016-10-09,-34.58754129,,-70.75444302,
2016-10-10,,,,
2016-10-11,,-42.97105525,,-106.6118323
2016-10-12,-37.3020342,,-85.37941338,-105.4441045
2016-10-13,-38.37796425,,,
2016-10-14,,-45.80856865,,
2016-10-15,,,,
2016-10-16,,,,
2016-10-17,,,,-107.4441912
2016-10-18,,,,-106.7239938
2016-10-19,-45.098002,,-82.16196277,-108.6619465
2016-10-20,,,,
2016-10-21,,,,
2016-10-22,-43.68772973,,-69.18431581,
2016-10-23,,,,
2016-10-24,-46.03314496,-50.20684685,-75.11352351,
2016-10-25,-48.84678557,,,
2016-10-26,,-55.63039459,,
2016-10-27,-53.5951142,,,
2016-10-28,,,,
2016-10-29,-58.25684383,,-90.43618841,-115.2782661
2016-10-30,,,,
2016-10-31,-66.70588428,,,
2016-11-01,-69.22128737,,,
2016-11-02,-71.12448674,-69.80993068,,
2016-11-03,,,,-126.2782543
2016-11-04,,,,-130.2182074
2016-11-05,,,,-133.1731601
2016-11-06,,-74.65824205,-114.6405751,
2016-11-07,,,,-134.6498538
2016-11-08,,-73.56523148,-110.0405162,-129.8325986
2016-11-09,-78.07424177,-75.33601174,,
2016-11-10,,,-117.7289154,-129.5825497
2016-11-11,,,-122.9165135,
2016-11-12,,,-126.5264471,-140.3967035
2016-11-13,,-82.8148425,,-144.8761039
2016-11-14,,-82.10641321,-124.1590822,
2016-11-15,,,-120.5164841,
2016-11-16,,,-118.8193983,
2016-11-17,,,-116.7807997,
2016-11-18,,,,
2016-11-19,,,-112.8852559,
2016-11-20,-87.37141099,-80.63550218,,
2016-11-21,-87.03728889,,-109.6180293,
2016-11-22,,,,
2016-11-23,,,,
2016-11-24,,,,
2016-11-25,-92.2045698,,,
2016-11-26,-96.53270936,,-136.0607889,
2016-11-27,,,,
2016-11-28,,-93.1130773,-140.6978043,-147.1725289
2016-11-29,,,,-148.891557
2016-11-30,,,,
2016-12-01,-103.3858086,,-143.1041787,
2016-12-02,,,,
2016-12-03,,,,
2016-12-04,,,-142.839567,-150.4996744
2016-12-05,,,-141.7564382,-149.632737
2016-12-06,-102.5326547,,,-149.7320422
2016-12-07,-103.5203607,,-144.782924,-149.6695492
2016-12-08,,,-145.8909176,-150.4616269
2016-12-09,,,,
2016-12-10,,,,
2016-12-11,,,,
2016-12-12,,,,-147.4482176
2016-12-13,-101.5393896,,,
2016-12-14,,-93.71583213,,-146.6327718
2016-12-15,,,,-144.7665546
2016-12-16,,,,
2016-12-17,,,,
2016-12-18,-110.9432916,,,
2016-12-19,,,,
2016-12-20,,-97.58292216,,
2016-12-21,,,,
2016-12-22,-106.8314309,,,
2016-12-23,,,,-151.090913
2016-12-24,,,-150.3339165,
2016-12-25,-109.1473883,-100.2331309,-151.3822221,
2016-12-26,,-101.5643842,,-148.7364005
2016-12-27,-110.5700365,-102.8218258,,
2016-12-28,,,-156.3780986,-152.401328
2016-12-29,,,,
2016-12-30,,,,
2016-12-31,,,-164.5526858,
2017-01-01,,,,
2017-01-02,-123.2283156,,,-161.4907644
2017-01-03,,,,
2017-01-04,-120.6729354,,,
2017-01-05,,-105.167904,-157.4939721,
2017-01-06,-115.3611452,,-154.9507592,
2017-01-07,,,,-155.1780474
2017-01-08,-117.9132342,,-155.3887225,-156.2401466
2017-01-09,,,-158.1921891,
2017-01-10,,-111.379298,,
2017-01-11,,-112.3961272,,
2017-01-12,,,,-161.5501582
2017-01-13,,,,
2017-01-14,,,-166.3522036,-163.7588322
2017-01-15,,,-169.1202307,-166.0994642
2017-01-16,,-117.0779972,-172.4472779,
2017-01-17,-132.1637632,,,
2017-01-18,,,,
2017-01-19,,,-174.6218527,
2017-01-20,,-117.470786,,
2017-01-21,,-118.0777369,,-168.7630205
2017-01-22,,-119.3407562,,
2017-01-23,,,,-173.2440742
2017-01-24,-136.1043561,,,
2017-01-25,,,,
2017-01-26,,-118.2072915,,
2017-01-27,,,-179.6496486,-170.4018309
2017-01-28,,,,
2017-01-29,-130.7978374,,,
2017-01-30,,-115.3564678,,
2017-01-31,-127.5660772,,,
2017-02-01,,,,-163.5862803
2017-02-02,,-117.6475675,,-162.0555052
2017-02-03,,-119.1278436,,
2017-02-04,,-120.1256896,-180.520706,
2017-02-05,,,-179.5070711,
2017-02-06,,,,
2017-02-07,,-120.130584,,
2017-02-08,,-120.5577595,,
2017-02-09,,-121.3701153,,
2017-02-10,-137.849358,,,
2017-02-11,-140.0788462,-122.9643371,,
2017-02-12,-140.860407,,,
2017-02-13,,-123.4918429,,-174.7533757
2017-02-14,-141.7325789,,,
2017-02-15,,,-184.5979615,
2017-02-16,,,,-174.5862411
2017-02-17,,,-175.5379114,
2017-02-18,-127.9140684,,,
2017-02-19,-127.8898212,,,-166.313569
2017-02-20,,,,-167.2364617
2017-02-21,-122.9092179,,,
2017-02-22,-120.5248199,,-166.1121095,-158.4314463
2017-02-23,,,,
2017-02-24,,,,
2017-02-25,,,,
2017-02-26,,,,
2017-02-27,-132.9602731,,,
2017-02-28,,,-174.9186492,
2017-03-01,-131.6368795,,,
2017-03-02,-130.2251074,,,
2017-03-03,-129.9362568,,-175.7632179,
2017-03-04,,,,-171.7291691
2017-03-05,,,,-168.2309148
2017-03-06,,,-170.0829601,
2017-03-07,-126.6699463,-114.0421601,-169.2787392,
2017-03-08,,,,
2017-03-09,-127.6721737,,,
2017-03-10,-127.1875173,,,
2017-03-11,,-112.2406391,-167.9208095,-167.6117175
2017-03-12,,-111.3131838,,
2017-03-13,,,-160.0491221,
2017-03-14,-120.0179076,,,
2017-03-15,,,,
2017-03-16,,-116.9815614,-169.3671858,-168.4212695
2017-03-17,,,,
2017-03-18,,,-169.6783191,
2017-03-19,,-118.5730277,,
2017-03-20,,,,
2017-03-21,,,,-174.5860354
2017-03-22,-135.3200601,,,
2017-03-23,,,,
2017-03-24,,-124.204084,,
2017-03-25,-140.2870758,-125.8607242,-169.1290788,
2017-03-26,,-125.9166625,-169.5433313,
2017-03-27,,-125.2393436,,
2017-03-28,,-123.7082618,,
2017-03-29,,,,
2017-03-30,,,-158.6041347,
2017-03-31,,,,
2017-04-01,,-118.656352,-154.9233357,
2017-04-02,,,-155.0360913,
2017-04-03,-133.3812266,,-154.5485013,
2017-04-04,,-117.0093034,,
2017-04-05,,-115.9982453,-151.2570194,
2017-04-06,,,,
2017-04-07,,,,
2017-04-08,-124.4433189,,-134.4291697,-174.3507101
2017-04-09,,,,-173.0304777
2017-04-10,,,,
2017-04-11,,-113.2580565,,-166.8024932
2017-04-12,,,-134.7620413,
2017-04-13,,,,
2017-04-14,,,-132.6876684,
2017-04-15,,,,
2017-04-16,,,,
2017-04-17,-117.226735,,,-171.017247
2017-04-18,,,,-169.1069735
2017-04-19,-114.7629111,,,
2017-04-20,,-102.2173475,,
2017-04-21,,,-109.3457398,
2017-04-22,,,-112.7225885,
2017-04-23,,,,
2017-04-24,-112.6130919,,,
2017-04-25,,-99.92253127,,-163.5803472
2017-04-26,,,-111.7697564,-160.7160435
2017-04-27,-108.5557344,,,
2017-04-28,,,,
2017-04-29,,,,-164.6047862
2017-04-30,,,,
2017-05-01,,-95.65444649,,
2017-05-02,-104.5208541,,-114.8516156,
2017-05-03,,,-111.4326985,
2017-05-04,,-91.57434685,,
2017-05-05,,,,-158.0043819
2017-05-06,-100.4799341,,,
2017-05-07,-101.0663612,-91.17170253,,
2017-05-08,,,,-158.3078945
2017-05-09,-100.5054591,,,-157.181378
2017-05-10,,,,
2017-05-11,-97.35727306,-88.65565469,,
2017-05-12,,,-95.61341402,
2017-05-13,,-87.29409472,,
2017-05-14,,-86.01051176,,
2017-05-15,-93.532101,,,-157.6380669
2017-05-16,,-84.37449085,,
2017-05-17,,,-90.00391189,-155.7780476
2017-05-18,,,,
2017-05-19,,,,
2017-05-20,,,,
2017-05-21,,,,
2017-05-22,-80.67892217,,,
2017-05-23,-77.88707599,,,
2017-05-24,,-76.54427269,,
2017-05-25,-81.15796189,-78.11758355,,
2017-05-26,,,,
2017-05-27,-81.5233315,,,
2017-05-28,,-76.75404061,,
2017-05-29,,,,-150.7984301
2017-05-30,-73.85947838,,,
2017-05-31,-71.81278557,,,-146.9922398
2017-06-01,,-69.83598206,,
2017-06-02,,,,
2017-06-03,-66.05941554,-67.01010333,,-143.4736666
2017-06-04,,-65.04810251,,
2017-06-05,-64.54566282,,,-142.0749791
2017-06-06,,,-71.96329846,
2017-06-07,,,-78.57189422,
2017-06-08,,,,
2017-06-09,,,,
2017-06-10,,,-73.66497028,
2017-06-11,,-71.13753743,,
2017-06-12,-71.18614515,,-70.06280166,
2017-06-13,,,,
2017-06-14,-74.51590895,-75.13432934,,
2017-06-15,,-76.56761938,-69.29123573,-147.6480892
2017-06-16,-78.24529028,,,
2017-06-17,-77.9306858,,,-149.6690453
2017-06-18,,,-68.88855838,
2017-06-19,-75.72429932,-76.48375547,,
2017-06-20,,,-66.95761651,
2017-06-21,,,,-150.2220273
2017-06-22,-67.39318856,,-62.83311224,
2017-06-23,,-74.59031064,,
2017-06-24,,,-57.32509229,
2017-06-25,,-69.94070926,-56.68343222,
2017-06-26,,-71.38503957,,-149.1540788
2017-06-27,-69.16673092,,-57.30517377,
2017-06-28,-67.89573753,-74.77499505,,-149.9270128
2017-06-29,-68.5776062,,,
2017-06-30,,-81.0329874,,
2017-07-01,,-81.06155572,,
2017-07-02,,,-74.93325381,
2017-07-03,-85.82899798,-88.1914379,,
2017-07-04,-81.13106915,,,
2017-07-05,,,,
2017-07-06,,,-58.95463242,
2017-07-07,-72.5093061,,-49.41280409,
2017-07-08,-72.59531912,,,-152.7600562
2017-07-09,-77.65022498,-61.01483065,,-149.0470815
2017-07-10,-63.76384634,-75.82965207,,
2017-07-11,,-68.3368389,,
2017-07-12,,,-45.30373261,
2017-07-13,,,,
2017-07-14,-63.91119534,,,-147.3896978
2017-07-15,-57.51153809,,,
2017-07-16,-61.11372822,-58.81938868,,
2017-07-17,,,,-144.6800969
2017-07-18,-61.78999662,,-37.01027663,-134.3491854
2017-07-19,-53.49629668,,-25.58936894,-139.8808105
2017-07-20,,,,-142.4533195
2017-07-21,,,,
2017-07-22,,,,
2017-07-23,,,,-132.5909654
2017-07-24,-41.48768802,-51.26745246,-45.32529483,-129.1664822
2017-07-25,,,-44.99125913,
2017-07-26,,-41.70264472,,-126.7875391
2017-07-27,-36.32025046,,,-125.3346742
2017-07-28,,,-33.97933262,
2017-07-29,,-36.03682605,,
2017-07-30,,,,
2017-07-31,,,,
2017-08-01,-29.71290781,-36.20369411,-36.03091337,-122.6836063
2017-08-02,,,,
2017-08-03,-31.89173621,-40.25828473,,
2017-08-04,,,-28.26643272,-121.0517361
2017-08-05,,-38.50499147,,-122.5389665
2017-08-06,-28.67232283,,,
2017-08-07,-23.72360112,,,
2017-08-08,-20.39948714,-35.06835053,,
2017-08-09,,,,
2017-08-10,-21.53753364,-36.61594748,,
2017-08-11,,,-22.01394852,
2017-08-12,,,,-117.0233596
2017-08-13,,-39.46245625,,
2017-08-14,-26.25814109,,-31.63763835,
2017-08-15,,-46.78774674,,
2017-08-16,-33.97280383,,,-120.6122994
2017-08-17,,,,
2017-08-18,,,,
2017-08-19,-38.20442976,-47.10089027,,
2017-08-20,,-45.33593923,,
2017-08-21,-33.74901579,,,
2017-08-22,-34.06934197,,,
2017-08-23,,,,
2017-08-24,,-36.55003329,-19.71455566,-115.0097974
2017-08-25,-29.41343662,,-16.97120048,
2017-08-26,,-33.69203283,,
2017-08-27,,,,-115.697444
2017-08-28,,-33.83579252,,-115.1034024
2017-08-29,,,-22.33832614,
2017-08-30,,,,
2017-08-31,,-33.80249888,-38.7467395,-116.2116663
2017-09-01,,,-48.6379594,
2017-09-02,,,-54.00322365,
2017-09-03,-32.3845284,-40.47598289,,
2017-09-04,-36.46216296,,,-122.6913951
2017-09-05,,-44.98020364,-61.31546808,
2017-09-06,,,,
2017-09-07,,,,-126.4682588
2017-09-08,-41.62987109,,,
2017-09-09,,-49.44315848,,-128.6530612
2017-09-10,,-48.51053807,,
2017-09-11,-37.84048964,-48.67617019,,-124.9598743
2017-09-12,,-50.33044598,,-125.4530161
2017-09-13,,,,-126.5372835
2017-09-14,-42.45297439,,-69.85797851,
2017-09-15,,,-74.94504791,
2017-09-16,,-48.46305029,,
2017-09-17,,,,-126.4685946
2017-09-18,-42.25737405,,,
2017-09-19,,,,
2017-09-20,,-45.86594819,,
2017-09-21,,,,
2017-09-22,-44.03427328,,-71.21769743,-125.4345205
2017-09-23,,,,
2017-09-24,,,,-126.6414137
2017-09-25,,,,
2017-09-26,,,,-127.5117393
2017-09-27,-42.92904619,,-50.91694903,-127.0536792
2017-09-28,,,,
2017-09-29,,,,
2017-09-30,-46.19106293,,,
2017-10-01,,,,
2017-10-02,,,-64.65357834,
2017-10-03,,,,
2017-10-04,,,,-131.5598869
2017-10-05,,,-76.90049497,
2017-10-06,,,,
2017-10-07,,,,-140.5669996
2017-10-08,-69.58237198,,,-143.8407864
2017-10-09,,-63.04609402,,
2017-10-10,-70.8874293,,,-146.098951
2017-10-11,,,,
2017-10-12,,,,
2017-10-13,,,,
2017-10-14,,,-91.5860276,
2017-10-15,-79.98542313,,-97.61775935,
2017-10-16,,,,
2017-10-17,-86.03653533,,,-150.2195747
2017-10-18,,-59.42469215,,
2017-10-19,,,,
2017-10-20,,,,-157.5617021
2017-10-21,-92.15056593,-63.28626627,-100.5226127,
2017-10-22,-92.3975942,-62.98277487,,-162.7003203
2017-10-23,,-62.06579688,,-163.5186409
2017-10-24,,,,
2017-10-25,,,,
2017-10-26,-99.43757914,,,
2017-10-27,-98.84241297,,,
2017-10-28,,-51.29216759,,
2017-10-29,,,,
2017-10-30,,,-106.7462968,
2017-10-31,-98.85142574,,,-159.9556079
2017-11-01,,,,-165.2573551
2017-11-02,,,-115.5769718,-167.8905311
2017-11-03,,-64.21826735,-121.3655172,-164.7069669
2017-11-04,,-61.38820462,-116.8119781,-164.0562662
2017-11-05,,,,-165.4169335
2017-11-06,,,,
2017-11-07,,,-137.1915254,
2017-11-08,,,-125.1752789,
2017-11-09,,-64.64278664,,
2017-11-10,,,,-150.4092377
2017-11-11,,-47.12937315,,-152.7724862
2017-11-12,,,,-158.4228142
2017-11-13,,-60.91556402,,
2017-11-14,,,,-150.8149756
2017-11-15,-92.35104452,,,-150.0535754
2017-11-16,-92.71329675,,,
2017-11-17,-87.94243396,,,
2017-11-18,,,,-150.33771
2017-11-19,,-59.82746397,-110.6121829,-147.9895365
2017-11-20,-85.33346426,-65.27363515,,
2017-11-21,-91.05916728,-66.14941128,-122.4018301,
2017-11-22,-91.48447798,,-123.0098783,-154.1000613
2017-11-23,,,,
2017-11-24,-94.76626944,,-131.8522535,
2017-11-25,-96.09404381,,,
2017-11-26,,,,-164.3596647
2017-11-27,,-79.27072167,-141.7576687,
2017-11-28,-96.75292159,-82.56289424,,
2017-11-29,,,-145.1718536,-163.233316
2017-11-30,,,-145.1322397,
2017-12-01,,,,-154.7300746
2017-12-02,,,,
2017-12-03,,,,
2017-12-04,-100.8734066,-89.64102928,,-160.4529608
2017-12-05,,,-153.3990836,-158.2419679
2017-12-06,-105.6528942,,,
2017-12-07,-109.0243735,-92.93987039,,
2017-12-08,-110.7071227,,,
2017-12-09,-112.8810488,,-165.293879,-160.6055753
2017-12-10,,-93.23195693,-167.4086564,
2017-12-11,,,,
2017-12-12,,-89.60628241,,
2017-12-13,-118.4647726,,,-159.3917333
2017-12-14,,,-163.6800209,
2017-12-16,-118.549736,,,
2017-12-17,,,,
2017-12-18,,,-163.6989288,-165.7032018
2017-12-19,,,-164.9095083,
2017-12-20,,,,-169.1956972
2017-12-21,,,,
2017-12-22,,,,
2017-12-23,,-93.00958769,-168.6376812,
2017-12-24,,,,
2017-12-25,,,,-170.7168105
2017-12-26,,,,
2017-12-27,,,,-172.4546041
2017-12-28,,,,
2017-12-29,,-91.91502403,,
2017-12-30,,,,
2017-12-31,,,,
2018-01-01,,,,
2018-01-02,,,,
2018-01-03,,,,
2018-01-04,,,,
2018-01-05,,,,-162.5262781
2018-01-06,-124.5566417,,,-169.2624615
2018-01-07,-126.2128857,,,
2018-01-08,,,-176.5503329,-172.9854693
2018-01-09,,,,-178.5545742
2018-01-10,,,,-182.7090378
2018-01-11,,-111.3074117,-184.6830487,-185.4919795
2018-01-12,,-113.9709379,-187.8784762,-185.0051053
2018-01-13,,,,
2018-01-14,,,,
2018-01-15,-144.7852126,,-193.6781,
2018-01-16,-143.1702663,,-193.4796682,
2018-01-17,,-116.3671973,,
2018-01-18,,-116.8257504,,-185.0647969
2018-01-19,-142.4686341,,,
2018-01-20,,,,-182.8510596
2018-01-21,,,,
2018-01-22,-139.6711275,,,-182.9076553
2018-01-23,,-115.1993944,-182.208451,-184.1472559
2018-01-24,,,,
2018-01-25,,,,
2018-01-26,,-120.9004638,,
2018-01-27,-140.2184233,,,-179.8928529
2018-01-28,,,,
2018-01-29,,-126.8308269,,
2018-01-30,,,,
2018-01-31,,,,-194.0462952
2018-02-01,,,,
2018-02-02,,,-204.858772,
2018-02-03,,-131.1860206,,-196.6203532
2018-02-04,,,-205.9132572,
2018-02-05,,-132.1072369,,
2018-02-06,,-132.8442938,,
2018-02-07,,-133.0345186,,
2018-02-08,-159.9485693,,,
2018-02-09,-161.4140379,,-207.9807767,
2018-02-10,,,,
2018-02-11,,,,
2018-02-12,,,,
2018-02-13,-153.2449642,,,
2018-02-14,-152.5510424,,,
2018-02-15,-149.0434986,-122.042214,,-192.6637365
2018-02-16,,,-192.7881344,-189.1892483
2018-02-17,-144.6848378,,,
2018-02-18,,,-188.2076227,-188.8670788
2018-02-19,-139.6390401,-119.1264731,,-185.4989079
2018-02-20,-138.7993406,,,
2018-02-21,,,,-184.5774865
2018-02-22,,,,
2018-02-23,-142.7632154,,-183.0130265,
2018-02-24,-143.341457,,,
2018-02-25,,,,-188.6715106
2018-02-26,-140.8452171,,,
2018-02-27,,,,
2018-02-28,,,,-184.7480069
2018-03-01,,,,
2018-03-02,,-118.7770792,,
2018-03-03,-134.7868508,,,
2018-03-04,,-117.0989136,,-183.3571851
2018-03-05,,-115.5637182,-156.6355575,-178.564649
2018-03-06,-131.5679284,,-156.5034873,
2018-03-07,,,,-175.5058125
2018-03-08,,-117.300451,-160.739026,-178.1970812
2018-03-09,,,-163.8419941,
2018-03-10,-138.4907333,,,
2018-03-11,,-119.5792781,,-188.1460745
2018-03-12,,,-165.2089801,
2018-03-13,,,,
2018-03-14,,-114.0027889,,-185.0404571
2018-03-15,-127.5442407,,-145.7794516,
2018-03-16,-122.484047,,,
2018-03-17,-122.2936749,,,
2018-03-18,,-109.629376,,-174.1808262
2018-03-19,,,,
2018-03-20,,,-146.6598524,
2018-03-21,-128.8332449,,,
2018-03-22,,-116.7791036,,
2018-03-23,,,,
2018-03-24,-133.5582266,,-154.3647297,-188.4230997
2018-03-25,-130.3992385,,-150.2376087,
2018-03-26,-128.0235561,,-146.0011982,
2018-03-27,-125.5048744,,,
2018-03-28,,,,-181.6794658
2018-03-29,-118.2612862,,,
2018-03-30,,,,
2018-03-31,,,,
2018-04-01,,-98.95543825,-123.2638227,-173.0209129
2018-04-02,,,,
2018-04-03,-103.3364715,,,-168.892542
2018-04-04,,,,
2018-04-05,-99.10480355,-90.9978413,,
2018-04-06,-97.61547715,-93.25810091,,-156.980376
2018-04-07,,,,
2018-04-08,-108.5448358,,,
2018-04-09,,-98.01769604,,
2018-04-10,,-96.70828134,,-173.3668272
2018-04-11,-103.3344406,,,
2018-04-12,,,,
2018-04-13,,-89.89278004,,-164.5321565
2018-04-14,,,,
2018-04-15,,,,-163.4322445
2018-04-16,-104.8037083,,,-166.8536024
2018-04-17,,,-130.370066,
2018-04-18,,-95.46954736,,
2018-04-19,-104.1473215,,,
2018-04-20,,-91.65183073,,-170.0707686
2018-04-21,,-89.12319965,-120.5825056,-168.1502163
2018-04-22,-94.7321605,,-111.5947685,
2018-04-23,,,-106.43323,
2018-04-24,,-88.67334171,,
2018-04-25,-99.28303986,-90.64625411,,
2018-04-26,,,-116.4653725,
2018-04-27,,,,-169.7297738
2018-04-28,,-89.66524956,-113.7101352,
2018-04-29,,,,
2018-04-30,,,,-165.2018691
2018-05-01,,-82.17864434,,
2018-05-02,-86.80457611,,-87.70859348,-161.6592925
2018-05-03,-85.92765647,,-88.49535565,
2018-05-04,,,,-163.3893453
2018-05-05,,,,-164.491749
2018-05-06,-84.03007782,-78.68507226,,
2018-05-07,,,,
2018-05-08,-87.67114035,-81.64956021,,
2018-05-09,,,-98.04928962,-164.2124527
2018-05-10,-90.08756719,,-101.896633,
2018-05-11,,,,-166.6388922
2018-05-12,,,-101.1771894,
2018-05-13,,-84.53546783,-97.13518118,
2018-05-14,,-83.77673756,-95.64013437,
2018-05-15,-85.095284,,,
2018-05-16,,,,-163.4289713
2018-05-17,-77.31833842,-74.24129035,-72.14569267,-161.0065003
2018-05-18,,,,
2018-05-19,-72.84133357,,,-157.4434054
2018-05-20,,,,
2018-05-21,,,,
2018-05-22,,,,
2018-05-23,-76.10634932,,-69.29884784,
2018-05-24,-79.28991822,,-75.34486528,
2018-05-25,-79.24211705,-76.24257068,,
2018-05-26,-78.11019641,,,-159.9994125
2018-05-27,,,-67.98773026,-160.1834736
2018-05-28,,,,-160.1743579
2018-05-29,,,,
2018-05-30,-77.25898647,,-82.40646017,-161.102116
2018-05-31,-75.48133389,-75.22602619,,-161.5453068
2018-06-01,,,-85.1629528,
2018-06-02,,,-88.08485279,
2018-06-03,,-80.93850826,,
2018-06-04,,,-96.27007819,
2018-06-05,,,,
2018-06-06,-77.79143875,,,
2018-06-07,,,-86.85802097,-162.0391432
2018-06-08,-75.20968454,,-83.02359162,
2018-06-09,-72.84062148,-70.72771827,,-158.1596594
2018-06-10,,,-76.92664937,-158.2887586
2018-06-11,,,,
2018-06-12,-72.05884618,,-82.9289444,
2018-06-13,,-69.50164789,-81.71607491,
2018-06-14,-67.41660239,,,
2018-06-15,,,,
2018-06-16,,,-81.45765475,
2018-06-17,-56.81880341,,,
2018-06-18,,,-81.70226965,-147.2729987
2018-06-19,,-56.82042496,,
2018-06-20,-52.70728238,,-75.33710154,
2018-06-21,,,,
2018-06-22,,,,
2018-06-23,,,,
2018-06-24,,,,
2018-06-26,-51.85700237,,,
2018-06-27,-50.55964572,,,-143.6276188
2018-06-28,,-54.02474851,,
2018-06-29,-45.68906791,-51.9138492,,
2018-06-30,,,,
2018-07-01,,,,-140.2236501
2018-07-02,,-51.76891113,,-140.1877002
2018-07-03,,,-47.14978469,
2018-07-04,,,-44.10495843,
2018-07-05,-46.94452634,-55.83098117,,
2018-07-06,,,,
2018-07-07,,,,
2018-07-08,,-58.64270735,,
2018-07-09,,,-45.23644393,-148.031381
2018-07-10,,-60.44006845,,
2018-07-11,-54.08464098,-61.57834416,,
2018-07-12,,,-37.29528896,
2018-07-13,,-64.13267537,,
2018-07-14,,,,-147.6349706
2018-07-15,,,,-146.2491566
2018-07-16,,-60.92132844,,
2018-07-17,-42.29877295,-63.34898793,-49.95495796,
2018-07-18,,-60.54517452,,
2018-07-19,,,-58.90155222,
2018-07-20,,-47.17185047,-54.10314203,
2018-07-21,-38.78871463,,-57.14423885,
2018-07-22,,,,
2018-07-23,,,,
2018-07-24,-33.33622917,-55.05706293,,
2018-07-25,-34.68565621,,-70.96736495,-141.7003159
2018-07-26,,,,-138.6632047
2018-07-27,-41.65913986,,,
2018-07-28,-34.51823948,,-57.121556,
2018-07-29,,,-63.11991453,-144.7846487
2018-07-30,-33.57566274,,-63.45252395,
2018-07-31,-33.08678534,,,
2018-08-01,,,,-141.2076367
2018-08-02,,-46.62862605,,
2018-08-03,,,,
2018-08-04,,-50.23682929,-65.1167421,
2018-08-05,-33.40307773,,,
2018-08-06,,-45.63809121,,-136.0275825
2018-08-07,-32.00161678,-49.21569016,,
2018-08-08,,,,
2018-08-09,,,,
2018-08-10,,-41.95763629,-50.02068352,-134.2178047
2018-08-11,-27.28614103,-43.87804447,,
2018-08-12,-27.93500742,,,
2018-08-13,,,,
2018-08-14,,-43.778984,,
2018-08-15,,-45.63815491,,
2018-08-16,-26.47186188,,,
2018-08-17,,,,
2018-08-18,,,,
2018-08-19,,-44.24778229,,-134.7918821
2018-08-20,,,,
2018-08-21,-36.0408973,,,
2018-08-22,,,,
2018-08-23,-33.05973535,,,-138.3588172
2018-08-24,,-40.8447192,,
2018-08-25,,,,
2018-08-26,,-40.13303868,-80.04701212,-139.1619344
2018-08-27,,,-79.00490718,
2018-08-28,-33.72917099,,,
2018-08-29,,,,
2018-08-30,,-39.46853127,-65.77606196,
2018-08-31,,,,
2018-09-01,-26.95978577,,,
2018-09-02,,-40.20450072,,
2018-09-03,,,,
2018-09-04,-26.89851785,,,
2018-09-05,-28.46977816,,-62.03651422,
2018-09-06,-27.97460886,,,
2018-09-07,-27.5923865,,-70.08112791,-131.7912453
2018-09-08,,,-81.08074702,-133.9908088
2018-09-09,,,-89.83483615,-135.8169684
2018-09-10,,,,
2018-09-11,,-41.83309992,,
2018-09-12,,,,-136.5986686
2018-09-13,,,,-136.3651126
2018-09-14,,-41.43949285,-94.15742974,-135.0716889
2018-09-15,-35.74956332,-40.99093034,,
2018-09-16,,,,
2018-09-17,,,,
2018-09-18,,,-81.78402694,
2018-09-19,,,-75.98549515,-130.6029168
2018-09-20,,,,
2018-09-21,-26.90835277,,,-127.7027277
2018-09-22,-28.9315279,,,
2018-09-23,,,,
2018-09-24,,,,
2018-09-25,,-38.02103447,-89.24818004,
2018-09-26,-34.01970129,,,
2018-09-27,-34.96497985,-40.25993721,,
2018-09-28,,-43.34403163,,
2018-09-29,,,-105.3765413,
2018-09-30,-46.09530083,,,
2018-10-01,,,-115.6685275,-149.0092402
2018-10-02,-48.92330432,,,
2018-10-03,,,-127.9197786,
2018-10-04,-51.14236831,,,
2018-10-05,-52.26202192,-52.15270458,-133.0188449,-150.5429099
2018-10-06,,-51.86244569,,
2018-10-07,,,-136.0871428,-151.3161405
2018-10-08,,,,
2018-10-09,,,-135.9857774,
2018-10-10,-53.57023383,-55.14412123,-135.4741398,
2018-10-11,-58.60238548,,,-153.6525309
2018-10-12,,,,
2018-10-13,-63.50194963,,,-159.9175978
2018-10-14,-63.15795785,,,
2018-10-15,,,,-153.9293163
2018-10-16,-64.65640027,,,
2018-10-17,,,,
2018-10-18,,-64.52248583,,
2018-10-19,,-64.24306626,,-159.0496189
2018-10-20,-66.33654405,,-144.5052398,
2018-10-21,-68.02307108,,,-156.8246733
2018-10-22,-69.75138148,-67.87818155,,-156.607009
2018-10-23,,,,
2018-10-24,,-69.86552411,,
2018-10-25,-75.8670881,,,-162.1600469
2018-10-26,-73.62243144,,,
2018-10-27,,-69.64418864,,
2018-10-28,,-70.70532464,,-165.5501974
2018-10-29,-78.09006946,-71.39863601,-147.4360413,
2018-10-30,,,,
2018-10-31,,,,
2018-11-01,-77.68292688,-70.57753627,,
2018-11-02,,,,
2018-11-03,-77.21076905,,,
2018-11-04,,-69.76604942,-152.3865374,
2018-11-05,-75.0982728,-68.83286403,-147.9964014,
2018-11-06,,,,
2018-11-07,,-71.15891155,-146.1224059,-153.332315
2018-11-08,,,-148.6852064,
2018-11-09,,,,
2018-11-10,,,,
2018-11-11,,-79.66852823,,-161.3530157
2018-11-12,,,-151.5845653,
2018-11-13,,,-152.0103756,
2018-11-14,,,,-168.023213
2018-11-15,,,,
2018-11-16,-93.18948285,,,
2018-11-17,,,,
2018-11-18,,-88.88134702,-155.4357234,-168.0323812
2018-11-19,,,,
2018-11-20,,,,
2018-11-21,,,-164.1720191,
2018-11-22,-106.8180296,,-164.7528567,
2018-11-23,,,,
2018-11-24,-110.7398023,-96.3275929,,-184.7451046
2018-11-25,,-96.77283084,,
2018-11-26,-108.853256,,,
2018-11-27,,,,-182.7496496
2018-11-28,,,,-182.2065601
2018-11-29,,,,-181.0962502
2018-11-30,,,,-179.8273264
2018-12-01,,,,
2018-12-02,,-90.87864307,,-175.5628021
2018-12-03,,,-155.5512833,
2018-12-04,,,-153.122688,
2018-12-05,-99.61505146,,,-171.0687585
2018-12-06,,,-156.6517443,-169.8011056
2018-12-07,,,,-167.0055876
2018-12-08,,,,
2018-12-09,,-101.4902031,-169.7317297,
2018-12-10,,-104.5447243,,
2018-12-11,,,,
2018-12-12,,,,
2018-12-13,-125.0223771,,,
2018-12-14,,,,-187.7433341
2018-12-15,,,,
2018-12-16,,-113.6526267,,-191.178908
2018-12-17,,,,
2018-12-18,,,,-192.9634416
2018-12-19,,,,
2018-12-20,-130.173785,,-189.7502838,
2018-12-21,,,,-190.1544403
2018-12-22,,,,
2018-12-23,,,-177.8823162,-184.2172183
2018-12-24,,-109.3433466,,-185.0771749
2018-12-25,,-109.0415366,-180.2945213,-186.5678729
2018-12-26,-121.1447226,,,
2018-12-27,-121.602823,-109.5468072,,-180.7949958
2018-12-28,,,,
2018-12-29,,-112.2325978,,
2018-12-30,,,,
2018-12-31,,,-193.0380497,-181.0494119
2019-01-01,,,-196.1685931,
2019-01-02,,,,
2019-01-03,,,-199.8904918,-193.8146699
2019-01-04,,,-200.9642648,-198.5713576
2019-01-05,-142.3112867,,,-197.5380095
2019-01-06,,,,
2019-01-07,,,,
2019-01-08,,,-203.7900437,
2019-01-09,,,,-198.9552128
2019-01-10,,,,
2019-01-11,,,,-201.585537
2019-01-12,,,,
2019-01-13,,-133.4118117,-207.0423026,-206.6973633
2019-01-14,,-134.4493908,-207.9699787,-208.726733
2019-01-15,,,,
2019-01-16,,-136.2349713,-208.1288136,-207.0075027
2019-01-17,,,,
2019-01-18,-159.4020341,-137.8222355,,
2019-01-19,,,-211.5516821,-213.0174976
2019-01-20,-157.4195015,-137.4157057,,
2019-01-21,,-137.0483672,,
2019-01-22,,-137.5252538,-211.7894113,-213.4378534
2019-01-23,,,-211.6463174,-214.4684429
2019-01-24,-157.547354,-135.5749877,,
2019-01-25,-156.9756343,,-209.8919433,
2019-01-26,,,,
2019-01-27,,,,
2019-01-28,,-132.0180133,,
2019-01-29,,,-204.9472365,-204.2180253
2019-01-30,,-130.1695103,-202.6205353,-203.1310995
2019-01-31,-146.817215,,,-202.4587895
2019-02-01,-146.2772215,,,
2019-02-02,,-131.2589831,,-203.1275573
2019-02-03,,,-200.4028894,-203.7432451
2019-02-04,,-130.0921628,,-203.9196037
2019-02-05,,-130.0348724,-199.6421832,
2019-02-06,,,-199.1853245,
2019-02-07,-148.2831197,,,-203.777949
2019-02-08,-142.275194,-129.0524793,,
2019-02-09,-141.076578,,,
2019-02-10,,,,-197.9665095
2019-02-11,,,,
2019-02-12,-152.2183509,,,
2019-02-13,-150.4831967,,,-203.1520442
2019-02-14,,-137.4332272,,
2019-02-15,,,,
2019-02-16,,,,
2019-02-17,-158.2380349,,,-207.3774471
2019-02-18,,,,
2019-02-19,,,-205.4758703,-206.5115685
2019-02-20,,-141.7513408,,-210.0000543
2019-02-21,,-143.2247564,,-211.3924148
2019-02-22,,,,
2019-02-23,,,,
2019-02-24,,-145.6819224,,
2019-02-25,,,-209.5827155,
2019-02-26,,-144.4600191,-208.0310097,-220.6637782
2019-02-27,-165.6194698,,,
2019-02-28,-164.2014999,-142.960559,,
2019-03-01,-164.4071495,,,-216.785513
2019-03-02,-163.5957168,,,
2019-03-03,-162.3486387,,,
2019-03-04,,-142.2143742,,-218.5814542
2019-03-05,,-141.7267603,,-219.6024573
2019-03-06,-162.0645739,,,
2019-03-07,,-141.3195931,,-219.0451995
2019-03-08,,,,
2019-03-09,-162.6836509,-141.9295524,,
2019-03-10,-162.232804,,-198.0839944,
2019-03-11,,,,
2019-03-12,-159.4905352,-138.5533597,,
2019-03-13,,-136.3094453,,
2019-03-14,-153.6997269,-133.6255984,-191.4893363,-216.4660155
2019-03-15,,,-187.2637744,
2019-03-16,,,,
2019-03-17,,,-181.9659439,
2019-03-18,,-125.8144756,,
2019-03-19,-141.3187604,-124.1816032,,
2019-03-20,,-123.1751815,-171.8527601,
2019-03-21,,,,
2019-03-22,,,,-199.7671528
2019-03-23,,-120.1025658,,
2019-03-24,-135.5824891,,,
2019-03-25,-135.7209111,,-168.696609,
2019-03-26,-137.3323047,-120.6572229,,
2019-03-27,-136.6449705,-119.4865771,,
2019-03-28,,,,
2019-03-29,-132.720049,,,
2019-03-30,-131.8609522,,,
2019-03-31,,,,
2019-04-01,,-116.8670041,,
2019-04-02,,,,
2019-04-03,-127.9339953,,-155.5884809,
2019-04-04,,,,
2019-04-05,,,-153.903201,-197.9117611
2019-04-06,,-114.77884,-150.6259813,
2019-04-07,-127.481579,-113.087587,,-197.9474816
2019-04-08,,,-141.8320071,
2019-04-09,,,,-194.9456597
2019-04-10,,-106.7937209,-133.9212907,
2019-04-11,,-109.1007281,,
2019-04-12,,,,-190.778971
2019-04-13,,-110.7442197,,
2019-04-14,,,,
2019-04-15,,-108.9073283,,
2019-04-16,,,,-194.2528294
2019-04-17,,,-139.4434092,
2019-04-18,-117.531027,-105.1033074,-136.5826765,-194.7491426
2019-04-19,,,-131.0537012,
2019-04-20,,,-125.3838953,
2019-04-21,,,-122.6448716,
2019-04-22,-108.7590278,-99.8245084,,-187.4441906
2019-04-23,,,,
2019-04-24,,,-118.0114,
2019-04-25,,,-113.7748409,
2019-04-26,,-98.40611931,,
2019-04-27,,-98.56953227,,
2019-04-28,,-98.92443108,,
2019-04-29,-106.8871586,,-119.1743977,
2019-04-30,,,,-186.0236438
2019-05-01,,,,
2019-05-02,-111.6227262,,-126.4123666,
2019-05-03,,,-130.4753898,-192.4062491
2019-05-04,,,,-191.5386204
2019-05-05,,,,-190.1514023
2019-05-06,,-97.18081921,,
2019-05-07,-105.6415103,,,
2019-05-08,,,,
2019-05-09,-107.7901086,-97.30245801,,
2019-05-10,,,,
2019-05-11,-106.3781674,,,
2019-05-12,,,,
2019-05-13,-100.004104,,-128.6407541,
2019-05-14,,,,
2019-05-15,,-92.99557433,-126.5724289,
2019-05-16,,,-121.3493295,
2019-05-17,-102.5903169,-94.92005677,,
2019-05-18,,-94.14511724,-112.6921496,
2019-05-19,,,,-186.8572599
2019-05-20,,,,
2019-05-21,,,-111.2768528,
2019-05-22,,,-119.7552205,-190.0769952
2019-05-23,,,-120.6968137,
2019-05-24,,,-125.5985916,
2019-05-25,-100.8661485,,,
2019-05-26,-99.95398158,,-112.4312413,-189.419374
2019-05-27,-104.1607045,,,-188.7941907
2019-05-28,-96.08868093,,-103.4357681,
2019-05-29,,,,
2019-05-30,,-93.77849377,,
2019-05-31,-100.0665529,-92.67424424,,
2019-06-01,,,,
2019-06-02,,-92.66759079,-116.7187563,-191.8876544
2019-06-03,,-89.78960438,-112.0638438,
2019-06-04,,,-106.8259236,-189.3489997
2019-06-05,,,,
2019-06-06,,,,
2019-06-07,,-79.77907126,-95.69366692,
2019-06-08,-84.45480557,,-94.00672001,
2019-06-09,,,,
2019-06-10,,,,
2019-06-11,-78.85145295,,,
2019-06-12,,,,
2019-06-13,-77.33689241,,,
2019-06-14,,-80.41333833,-96.3866011,
2019-06-15,,-80.41312584,-100.9586626,
2019-06-16,-81.712864,,,
2019-06-17,,,,
2019-06-18,,-81.42075904,,
2019-06-19,,-82.02951141,-98.52152117,-180.2796093
2019-06-20,,,-95.1210959,
2019-06-21,,,-85.81657558,
2019-06-22,,,,
2019-06-23,,-81.6475168,,
2019-06-24,,-84.74033505,,
2019-06-25,-87.85785571,,,
2019-06-26,-90.64519937,-83.24969931,,-182.6679531
2019-06-27,,-77.3161294,,
2019-06-28,,-78.45198012,,
2019-06-29,,,-77.36335259,
2019-06-30,-74.33497819,,,
2019-07-01,,-84.35749219,,
2019-07-02,,,,-179.243588
2019-07-03,,,,-168.4302386
2019-07-04,-82.42674113,,,
2019-07-05,,,-76.09891163,
2019-07-06,-74.07300189,,,
2019-07-07,,,-69.23829409,
2019-07-08,-74.63661195,,,-174.1073826
2019-07-09,,,-75.7244534,
2019-07-10,,,-84.12820575,
2019-07-11,-74.53564695,,,
2019-07-12,,,,-170.1014626
2019-07-13,,-70.38786864,,
2019-07-14,,-73.98612098,-94.51365487,
2019-07-15,-82.11506486,,-91.16851882,
2019-07-16,,,,
2019-07-17,,,,-181.337584
2019-07-18,,,-75.09081712,
2019-07-19,,,-75.10056885,-182.2235597
2019-07-20,,,,
2019-07-21,,-62.4044023,-66.96193429,-177.8822376
2019-07-22,-65.31764304,-67.83265486,,
2019-07-23,-63.34410968,,-64.45718029,-176.3748651
2019-07-24,,,-61.75734219,
2019-07-25,,,,-175.6773565
2019-07-26,,,,-169.9203527
2019-07-27,,,,
2019-07-28,,,,
2019-07-29,,,,-160.8374699
2019-07-30,,,,
2019-07-31,,,,
2019-08-01,,,,
2019-08-02,,,,
2019-08-03,-51.85494245,-45.13412475,-56.03588045,
2019-08-04,,,,
2019-08-05,-41.12127758,,,
2019-08-06,-48.98598013,-54.53220801,,-160.6503397
2019-08-07,,-49.94326318,,
2019-08-08,,-50.65372475,,
2019-08-09,-45.36030656,,,
2019-08-10,-45.40705539,,-68.8864328,-159.2874285
2019-08-11,-46.9226446,-46.37903869,,
2019-08-12,,-50.37699628,,
2019-08-13,,-50.92154668,,-160.952528
2019-08-14,,,-77.03091708,
2019-08-15,,,,
2019-08-16,-44.9630899,,-76.05801252,
2019-08-17,,,-76.43282062,
2019-08-18,,,-76.27514465,-155.6134405
2019-08-19,,-44.14189621,,
2019-08-20,,,-78.27226721,
2019-08-21,,,-78.43343809,-150.2784396
2019-08-22,-36.87599908,,,
2019-08-23,,,,
2019-08-24,-34.32866344,,,
2019-08-25,-34.99874886,-38.50626922,-74.72109856,
2019-08-26,,-37.20061112,-74.52924991,-147.3696466
2019-08-27,-31.53899838,,-70.98803358,-147.2021459
2019-08-28,,-36.2996976,,
2019-08-29,-29.07258725,,,
2019-08-30,,-38.90074501,,-148.8021573
2019-08-31,,-42.30276475,,-151.2603903
2019-09-01,,-43.32557526,,
2019-09-02,,,,
2019-09-03,,-46.02158267,,
2019-09-04,,-45.52656675,,-148.8303543
2019-09-05,,,,
2019-09-06,-35.78545176,-43.26704719,-95.04938269,
2019-09-07,,,,
2019-09-08,,,-95.58164323,
2019-09-09,,,-96.8955891,
2019-09-10,,,,
2019-09-11,,-38.26192028,,
2019-09-12,-27.4196167,,-91.70930414,
2019-09-13,,,-86.05518989,
2019-09-14,,,-81.44385087,-137.9225696
2019-09-15,,,,
2019-09-16,-22.23775693,-33.78921339,,
2019-09-17,-24.98607069,-35.68842817,,
2019-09-18,,,-93.09139327,
2019-09-19,,-39.84826725,,
2019-09-20,,,,-143.6896789
2019-09-21,,,,
2019-09-22,,,,
2019-09-23,,-50.07301166,,
2019-09-24,,,,
2019-09-25,,,-127.3382355,
2019-09-26,,,-128.1216094,
2019-09-27,,,,
2019-09-28,,,,-158.3113102
2019-09-29,,,,-157.5376506
2019-09-30,-49.74679581,,,
2019-10-01,,-47.9671754,,
2019-10-02,,,,
2019-10-03,-44.60761538,,-121.6524231,
2019-10-04,,-43.28358873,-117.4461552,
2019-10-05,,,-113.9962956,-152.8538189
2019-10-06,,,,-143.9279344
2019-10-07,-40.96050406,,,-146.3145149
2019-10-08,,,,
2019-10-09,,,-123.3335143,
2019-10-10,,,-124.295201,-154.2195173
2019-10-11,,,,-154.8571827
2019-10-12,-53.06053501,,,
2019-10-13,,,-120.4436002,
2019-10-14,,,-120.3347346,-157.1860441
2019-10-15,-58.56912042,,,
2019-10-16,-59.96187607,-61.93639158,,
2019-10-17,,,,
2019-10-18,,,,
2019-10-19,,-69.2357093,,
2019-10-20,-68.34507483,-69.17463936,-137.1802421,
2019-10-21,-68.99616888,,,
2019-10-22,-68.51206601,-68.02682046,,
2019-10-23,,,-134.5187436,
2019-10-24,-67.70333392,,,
2019-10-25,,-68.68970533,-135.4607249,-164.5437099
2019-10-26,-67.51444247,-69.07889555,-137.3532157,-162.7775174
2019-10-27,,,,
2019-10-28,,,-146.9663397,
2019-10-29,,-75.29967054,,
2019-10-30,-77.8156545,-75.78715556,,
2019-10-31,,-77.1124034,,
2019-11-01,,-77.5495099,,
2019-11-02,,,-152.2069502,
2019-11-03,-81.68750606,-77.48938044,,
2019-11-04,-81.36677893,,,
2019-11-05,,-77.90014811,,
2019-11-06,,-78.59561534,,
2019-11-07,-82.65905916,,,
2019-11-08,-83.02194413,,,-175.957306
2019-11-09,-82.64107413,-79.17415861,,-176.294669
2019-11-10,-82.84036268,,,
2019-11-11,,,-158.6779134,
2019-11-14,,,,
2019-11-15,,-80.63546796,-160.7393847,
2019-11-16,,,,
2019-11-17,,,,
2019-11-18,-79.42044997,,-155.7587851,-170.6781253
2019-11-19,,-80.82294888,,
2019-11-20,,-83.16822799,,
2019-11-21,,,,
2019-11-22,-89.8729128,,-167.8415731,
2019-11-23,,,-167.2285514,-178.9021868
2019-11-24,,-83.60376381,,
2019-11-25,,,-161.4955487,
2019-11-26,,,,
2019-11-27,-85.78566876,-88.95761863,,
2019-11-28,-89.2297113,-92.61173643,-171.0894862,-171.4235901
2019-11-29,,-94.13673455,-173.4877537,
2019-11-30,,,-176.7306519,
2019-12-01,,,,
2019-12-02,,,,
2019-12-03,,,-180.0856867,
2019-12-04,-109.2167848,,,
2019-12-05,,-100.5896125,,-186.5858451
2019-12-06,-110.2661325,-101.9587081,-185.3513629,
2019-12-07,-111.0021288,,,
2019-12-08,,,,
2019-12-09,,,,-190.7415803
2019-12-10,,,,
2019-12-11,,,,
2019-12-12,,-103.0852599,,
2019-12-13,,,,
2019-12-14,,-103.4661489,,-193.1974254
2019-12-15,,,-186.9650547,-191.6608063
2019-12-16,,-103.3430947,,
2019-12-17,,,-184.2278203,
2019-12-18,,,,
2019-12-19,-106.4159679,,,-182.759817
2019-12-20,,,,-187.6133074
2019-12-21,,,,
2019-12-22,,-109.6908618,,
2019-12-23,-120.6513507,,,
2019-12-24,,,,
2019-12-25,,-111.0681163,,
2019-12-26,,,,-192.8583249
2019-12-27,,,,
2019-12-28,,-114.0804205,,-197.3784017
2019-12-29,,-114.7146473,,
2019-12-30,,-115.8461529,,
2019-12-31,-126.9510138,,-192.3323184,-197.5913506
2020-01-01,,-116.9183001,,
2020-01-02,-127.3523801,,,-197.583867
2020-01-03,,,,-198.2850856
2020-01-04,,-118.3522071,,
2020-01-05,,,-194.8037312,
2020-01-06,-132.1763641,-119.3495633,,
2020-01-07,,,,-198.5011638
2020-01-08,,,,
2020-01-09,,,,
2020-01-10,,,,
2020-01-11,-135.1022021,,,-201.8712462
2020-01-12,,,-199.7830859,
2020-01-13,,-128.8136882,,
2020-01-14,,-129.257431,,-209.2771826
2020-01-15,,,-204.8910325,
2020-01-16,,,,
2020-01-17,-143.6944433,,,
2020-01-18,,-133.369807,,-211.1632453
2020-01-19,-149.2397758,,,-212.8587767
2020-01-20,-150.0458386,-134.6511306,-210.3463164,-215.9452635
2020-01-21,-151.4822326,,-210.8613451,
2020-01-22,-148.0096083,,-208.8507401,-213.6737576
2020-01-23,,,-206.3580502,
2020-01-24,,,,
2020-01-25,-145.884869,,,
2020-01-26,,,,
2020-01-27,,,,-215.9395314
2020-01-28,-148.6997375,,,
2020-01-29,,,,
2020-01-30,,,-211.5566559,
2020-01-31,,,,-217.6984477
2020-02-01,,,,
2020-02-02,,,,
2020-02-03,,,,
2020-02-04,-147.8840497,,,-216.4045977
2020-02-05,-147.1095906,,,
2020-02-06,,,,-215.5629047
2020-02-07,-146.4095813,-133.3839645,-205.3652912,
2020-02-08,,-133.2811069,,-213.9525884
2020-02-09,-144.4681085,-133.089653,-206.3775421,-214.5573801
2020-02-10,,,,-214.9087754
2020-02-11,,,,-214.7953445
2020-02-12,,,-204.4809256,
2020-02-13,-145.8784882,-132.7639212,-202.0608841,
2020-02-14,,,,-213.5261931
2020-02-15,,,,
2020-02-16,,-131.9784141,-198.2143604,-214.0506039
2020-02-17,,-132.6600273,,
2020-02-18,,,,-216.1981185
2020-02-19,,,,
2020-02-20,,-135.0694774,,
2020-02-21,,,,-217.089323
2020-02-22,,,,
2020-02-23,,,,
2020-02-24,-144.6855696,-133.2745669,,
2020-02-25,,,-201.7798782,-213.8496904
2020-02-26,-141.4592614,-131.0186413,,
2020-02-27,,-129.4561346,,-211.1049304
2020-02-28,,,-192.6922122,
2020-02-29,,,-192.8835922,-209.8761079
2020-03-01,,,,
2020-03-02,,,-193.7633065,
2020-03-03,,-129.3575483,,
2020-03-04,,,,
2020-03-05,-139.7861157,-130.8663048,,
2020-03-06,,,,
2020-03-07,,-131.7970073,-198.3188019,
2020-03-08,,,,
2020-03-09,,,,
2020-03-10,-141.2784743,,-192.1630788,
2020-03-11,,,,
2020-03-12,,,,-213.1673627
2020-03-13,,-130.4635503,,-212.4749964
2020-03-14,-141.5339762,,,
2020-03-15,,,,
2020-03-16,-142.0353389,,-194.0198524,-213.3597866
2020-03-17,,,-193.8337555,-212.8984486
2020-03-18,,-129.2089614,,-212.6532163
2020-03-19,-140.1839014,-128.8133989,-191.4199509,
2020-03-20,,-128.0646361,,
2020-03-21,-139.1641348,,,
2020-03-22,,,,
2020-03-23,,,-183.2157638,
2020-03-24,,,,
2020-03-25,,-125.2509213,,
2020-03-26,-135.3792515,-123.796959,,-207.65302
2020-03-27,-133.1963581,,-170.0888865,
2020-03-28,,-122.9261835,,
2020-03-29,-133.5723307,-123.9362032,,-208.5954262
2020-03-30,,-125.7764299,-179.5580715,
2020-03-31,-138.4460624,-127.6044616,-182.8994236,
2020-04-01,-141.744016,,,-213.6554737
2020-04-02,,,-187.2470135,
2020-04-03,-145.5527974,-132.1220013,,
2020-04-04,,-132.0935777,-185.7805875,
2020-04-05,,,-185.8349277,
2020-04-06,-145.6593754,,,
2020-04-07,,-131.0529194,,
2020-04-08,,,,
2020-04-09,-143.7004585,-129.6987501,,-221.3645864
2020-04-10,,-127.6819402,-181.3602287,
2020-04-11,-137.0613333,,,
2020-04-12,,,-179.8673725,
2020-04-13,,,,
2020-04-14,-139.2327146,,,-218.0441513
2020-04-15,,-126.4637749,,
2020-04-16,,-123.3555886,,
2020-04-17,,-122.1823995,,
2020-04-18,-129.6498754,,,-212.7428009
2020-04-19,,-117.7099855,-168.1248993,
2020-04-20,,,,-208.638375
2020-04-21,,,,
2020-04-22,,,,-205.9397106
2020-04-23,,-118.5424563,,-207.3476767
2020-04-24,,,,-207.8586919
2020-04-25,,,,
2020-04-26,,,,
2020-04-27,-123.2072341,-113.4934821,,
2020-04-28,,-112.0289876,,
2020-04-29,,,,-204.9310134
2020-04-30,,,-151.65875,
2020-05-01,-109.9195396,,,
2020-05-02,,-103.4667164,-135.4267695,-195.4389663
2020-05-03,,,-128.0610806,-192.6776548
2020-05-04,-101.0149384,,-120.6432144,-190.9433865
2020-05-05,-97.33603882,-95.53060852,-111.3017037,
2020-05-06,,,-107.6144939,
2020-05-07,,-93.91241056,,
2020-05-08,,,,-184.4797596
2020-05-09,,,,
2020-05-10,,-92.93549575,-99.84282978,
2020-05-11,,-95.51238961,,-185.6543792
2020-05-12,,,,
2020-05-13,-97.43700043,,,
2020-05-14,,,,
2020-05-15,,,,
2020-05-16,,,-106.5989343,-187.5887167
2020-05-17,-94.43211658,,,
2020-05-18,-93.7663011,,,
2020-05-19,,,,
2020-05-20,,,-109.8078383,
2020-05-21,,,,-186.7205296
2020-05-22,,,,-186.4424459
2020-05-23,,-89.53174664,,
2020-05-24,,,,-181.9607668
2020-05-25,,,-104.7204583,
2020-05-26,,,,-180.8811393
2020-05-27,-85.03943226,,-101.795768,
2020-05-28,,,,
2020-05-29,-82.5185555,,,-180.2012521
2020-05-30,-81.25344147,,,
2020-05-31,,-84.67334724,,
2020-06-01,-84.14948586,,,
2020-06-02,,,,
