监测时间,WS0202,WS0203,WS0204,WS0205,WS0206,WS0207,WS0208
2018/1/1,0,0.0,0,0,0,0,0
2018/1/2,0.6,0.1,0.2,0,0.2,0,-0.1
2018/1/3,0.7,0.3,0.3,0,0,0.5,-0.1
2018/1/4,0.8,0.3,0.1,0,-0.3,0.6,0
2018/1/5,0.8,0.4,0.4,0,0.3,0.5,0.9
2018/1/6,0.1,0.5,1,0,0.7,1.1,1.4
2018/1/7,0.6,0.6,1.4,0.6,1.1,1,1.7
2018/1/8,1.6,0.8,1.6,1.2,1.4,1,1.9
2018/1/9,1.3,1.6,1.1,1.9,1.1,0.8,2.2
2018/1/10,1.1,2.7,0.7,2.3,1.2,0.8,1.7
2018/1/11,1.1,2.4,1,2.3,1,0.8,1.2
2018/1/12,1.2,2.4,1,2.3,1.1,1.1,1.2
2018/1/13,1.1,2.3,1,2.5,1,1.6,1.4
2018/1/14,1.1,2.1,0.4,2,0.7,1.6,1.1
2018/1/15,0.8,1.9,0.4,1.9,0.3,1.7,0.9
2018/1/16,0.6,2.0,0.6,1.9,0.1,1.4,0.8
2018/1/17,0.7,2.0,0.3,2.3,0.4,1.2,0.8
2018/1/18,0.9,2.0,0.6,2.6,-0.1,1.3,0.7
2018/1/19,0.5,2.0,0.5,2.2,-0.2,1.3,0.7
2018/1/20,0.3,2.0,0.2,2.4,0.1,0.9,0.7
2018/1/21,0.6,1.8,0.2,2.3,0.6,1.2,0.4
2018/1/22,0.9,1.8,0.6,2.3,0.5,1.1,0.1
2018/1/23,0.5,1.8,0.6,2.2,-0.1,1.1,0.1
2018/1/24,1.3,1.5,0.9,2.2,-0.1,1.7,0.5
2018/1/25,1.2,1.3,0.7,2.2,-0.2,1.9,1.5
2018/1/26,1.7,1.1,1.3,2.2,0,2.3,1.9
2018/1/27,2.1,1.0,1.4,3.4,-0.1,2.1,2.1
2018/1/28,1.8,1.0,1.6,3.7,-0.2,1.2,1.9
2018/1/29,1.9,1.0,1.5,3.7,0.2,1.4,1.6
2018/1/30,1.4,1.1,1.3,3.2,0.3,1.7,1.4
2018/1/31,1.2,1.1,1,3.2,0.1,1.9,1
2018/2/1,0.5,1.1,0.5,2.5,0.5,1.4,0.8
2018/2/2,0.5,1.1,0.5,2.5,0.5,1.4,0.8
2018/2/3,0.5,1.1,0.5,2.5,0.5,1.4,0.8
2018/2/4,0.5,1.1,0.5,2.5,0.5,1.4,0.8
2018/2/5,0.5,1.1,0.5,2.5,0.5,1.4,0.8
2018/2/6,0.5,1.1,0.5,2.5,0.5,1.4,0.8
2018/2/7,0.5,1.1,0.5,2.5,0.5,1.4,0.8
2018/2/8,0.5,1.1,0.5,2.5,0.5,1.4,0.8
2018/2/9,0.7,1.1,0.5,2.5,0.4,2.1,0.1
2018/2/10,0.6,1.1,1.5,2.3,0.1,1.8,0.6
2018/2/11,0.7,1.1,1.4,2,0.3,2.1,0.7
2018/2/12,0.7,1.1,1.1,2,0.5,2,0.7
2018/2/13,0.9,1.1,1.5,2.4,0.3,2.3,0.8
2018/2/14,1,1.1,1.5,3.6,0.3,2.6,0.8
2018/2/15,0.8,1.1,1.3,3.3,0.1,2.3,0.8
2018/2/16,0.6,1.1,1.2,2.8,0.5,2.1,0.8
2018/2/17,0.8,1.1,1.5,2.4,0.2,1.5,0.8
2018/2/18,0.8,1.1,1.2,2.4,0.2,1.2,0.5
2018/2/19,0.6,1.1,1.4,2.4,0.5,1.9,0.9
2018/2/20,0.3,1.1,1.4,2.2,0.2,1.7,0.7
2018/2/21,0.2,1.1,1.1,2,0.5,1.7,0.4
2018/2/22,0.1,1.1,1.4,2,0.2,2.2,0.8
2018/2/23,0.5,1.1,1.5,2,0,2.1,1.2
2018/2/24,0.6,1.1,1.3,2.6,0.2,2.6,1.3
2018/2/25,0.6,1.1,1.1,2.6,0.2,2.6,1.3
2018/2/26,0.9,1.1,1.5,3.8,0.2,2.4,1.2
2018/2/27,0.4,1.1,1.5,3.8,0.2,2,1.2
2018/2/28,0.9,1.1,1.3,3.8,0.2,2.1,1.2
2018/3/1,1.1,1.1,0.9,3.8,0.2,1.6,1.2
2018/3/2,1.6,1.1,1.3,3.2,0.5,1.2,0.8
2018/3/3,1.1,1.1,1.5,2.8,0.4,0.9,0.8
2018/3/4,1.4,1.1,1.6,2.4,0.1,1.1,0.9
2018/3/5,1.9,1.1,1.5,2.4,0.1,1.1,1.1
2018/3/6,1.9,1.1,1.5,2.4,0.1,1.1,1.1
2018/3/7,1.9,1.1,1.3,2.4,0.7,1.1,1.1
2018/3/8,1.9,1.1,1.2,2.4,0.4,1.5,1.3
2018/3/9,1.9,1.5,1.2,2.4,0.4,1.5,1.3
2018/3/10,1.9,1.8,0.9,2.4,0.5,2,1.4
2018/3/11,2,2.1,1.3,2.4,0.5,1.9,1.3
2018/3/12,1.4,2.4,1.5,2.1,0.5,1.8,1.7
2018/3/13,1.1,2.7,1.4,2.4,0.4,1.6,1.6
2018/3/14,1.9,3.0,1.1,3.6,0.1,0.8,1.2
2018/3/15,1.9,3.3,0.9,3.6,0.1,0.7,-0.1
2018/3/16,2.1,3.6,0.1,2.9,0.2,0.8,0.2
2018/3/17,1.9,3.9,1.1,2.5,2.4,0.6,1.2
2018/3/18,1.9,4.2,1.1,2.5,7.2,1.8,1.1
2018/3/19,2,4.5,1.4,2.5,7.2,1.8,1
2018/3/20,2,4.8,2.2,7.4,7.3,1.8,1
2018/3/21,2,5.1,2,7.3,7.2,1.8,1.2
2018/3/22,2.2,5.4,2,6.5,6.9,1.5,1.3
2018/3/23,2.5,5.7,2,6.3,7.5,1.4,1.4
2018/3/24,2.6,6.0,2,6.9,7.9,0.9,1.7
2018/3/25,2.4,6.3,2.1,6.9,7.9,1.3,1.8
2018/3/26,2.5,7.4,2.2,6.9,7.9,1.7,1.9
2018/3/27,2.3,8.3,2.2,6.9,7.9,2,1.9
2018/3/28,1.9,8.4,2,6.8,7.8,1.8,1.4
2018/3/29,2.1,8.7,2,6.8,7.8,1.8,1.4
2018/3/30,2.3,9.0,1.5,6.9,6.2,1.9,1.4
2018/3/31,1.6,9.5,2.1,6.8,7.1,2.2,1.8
2018/4/1,1.3,9.7,1.9,6.8,8,2.5,2
2018/4/2,1.1,9.1,2.5,6.8,8.7,2.1,2.8
2018/4/3,1.6,9.1,2.6,7.1,8.2,1.6,2.8
2018/4/4,1.8,9.1,2.1,7.6,7.7,1.6,2.4
2018/4/5,1.8,8.9,1.5,7.8,7.6,1.6,2.2
2018/4/6,1.9,8.7,1.4,7.7,8.1,1.4,2.3
2018/4/7,2,8.1,1.3,6.8,8.5,1.3,2.9
2018/4/8,2,7.6,1.6,6.2,8.6,1.3,3.1
2018/4/9,1.7,7.1,2.2,6.3,8.9,1.2,3.6
2018/4/10,1.9,6.7,2,6.5,8.9,1.9,3.2
2018/4/11,2,6.4,1.4,6.6,8.6,1.7,3.5
2018/4/12,2.2,6.4,1.3,6.6,8.3,1.2,3.5
2018/4/13,2,5.9,1.5,6.7,8.2,1,3.9
2018/4/14,1.4,5.6,2.2,6.9,8.4,1.4,4.3
2018/4/15,1.6,6.0,2.1,6.7,8.2,1.4,4.2
2018/4/16,2,6.1,1.9,6.4,8.1,1.5,3.9
2018/4/17,2.3,5.9,1.9,6,8.5,1.6,3.6
2018/4/18,2.1,6.2,1.8,5.8,8.5,2,3.7
2018/4/19,2.2,6.2,1.7,6,8.2,2,3.8
2018/4/20,1.9,6.4,1.8,6.3,8.1,1.9,4.3
2018/4/21,1.7,6.0,2.3,6.5,8,1.4,4.8
2018/4/22,1.6,5.8,2.2,6.8,7.7,1.2,5
2018/4/23,1.4,6.1,2.4,6.8,8,1.2,5.1
2018/4/24,1.3,6.3,2.3,7.4,8,0.7,5
2018/4/25,1.4,6.3,2.2,7.1,8.3,0.9,4.5
2018/4/26,2.1,6.0,2.4,6.6,8.8,0.8,5
2018/4/27,2.3,6.3,2.6,7.5,9.4,1.1,5.2
2018/4/28,2,6.3,2.4,8,9.1,0.8,5.5
2018/4/29,1.6,6.4,2.4,8.3,8.5,0.9,5
2018/4/30,1.9,6.7,1.9,8.3,8.4,1.1,4.7
2018/5/1,1.7,6.1,2,8.7,8.4,1.3,4.7
2018/5/2,1.7,5.7,2.1,8.3,8.4,1.5,5
2018/5/3,1.6,5.3,2.2,7.7,8.2,1.8,5.4
2018/5/4,1.7,6.5,2.6,7.9,8.6,1.7,4.8
2018/5/5,2.2,6.6,2.5,7.9,8.4,1.4,5.4
2018/5/6,2,6.8,2.3,8.1,9,0.7,6
2018/5/7,1.6,7.4,2.5,8.6,9.8,0.6,6.4
2018/5/8,2,8.4,2.4,9.5,9.1,0.9,5.5
2018/5/9,2.4,8.4,2.2,9.6,9.1,1.8,5.5
2018/5/10,2.1,8.4,2.4,9.1,8.6,1.9,5.3
2018/5/11,1.6,7.9,1.9,9.7,8.8,0.9,5.7
2018/5/12,1.2,7.9,2.5,9.8,9.4,0.2,6.3
2018/5/13,1.3,8.0,2.5,9.3,10.4,0.1,6.3
2018/5/14,1.3,8.0,2.9,9.5,10.8,0.3,5.1
2018/5/15,1.6,8.3,2.9,9,10.6,0.3,4
2018/5/16,1.9,8.4,2.5,9.1,11.2,0.7,3.7
2018/5/17,1.9,8.4,1.9,9.1,11.2,0.7,3.7
2018/5/18,2.2,8.4,2.2,8.3,11.2,0.7,4.3
2018/5/19,2.1,8.7,2.2,8.7,11.2,0.7,4.9
2018/5/20,2.3,8.9,3.5,9.5,11.2,0.7,5.5
2018/5/21,2.7,8.7,3.2,8.9,11.2,0.7,5.4
2018/5/22,2.8,8.7,2.3,8.5,11.2,0.7,4.6
2018/5/23,2.3,8.9,2.8,7.6,11.2,0.7,4.8
2018/5/24,2.3,9.1,3.3,7.5,11.2,1.5,4.9
2018/5/25,2.2,8.9,4.2,9.1,10.8,1.2,5.4
2018/5/26,2,8.8,4.3,9.3,10.5,1.3,5.2
2018/5/27,1.3,8.8,4.2,8.5,10.2,0.9,5.9
2018/5/28,0.9,8.7,5,8.7,11.5,0.5,7
2018/5/29,1.4,9.4,5.1,8.4,11.4,1.3,5.9
2018/5/30,1.1,9.0,4.7,8.1,11,0.8,5.5
2018/5/31,1.3,8.7,4,8.3,11.2,0.6,5.7
2018/6/1,1.7,9.5,3.5,8.7,11.2,1,5.8
2018/6/2,1.4,9.5,3.7,8.7,11.3,0.7,5.9
2018/6/3,1.7,9.3,3.3,8.4,11.5,0.9,5.2
2018/6/4,2.1,9.3,3.7,8.8,11.8,1.2,5.2
2018/6/5,1.8,10.0,4.1,9.1,12.6,1.2,6.1
2018/6/6,1.8,10.4,4.3,9.3,12.2,1.1,5.6
2018/6/7,2,10.2,4,10.1,12.1,0.8,5.6
2018/6/8,2.2,10.0,4,10.1,12.5,0.6,6
2018/6/9,2.4,9.9,4.1,9.2,11.3,0.9,6
2018/6/10,2.7,9.9,3.8,9.6,11.5,1.2,5.7
2018/6/11,2.7,10.3,4.7,10.1,12.2,0.9,6.3
2018/6/12,2.7,9.8,4.9,8.7,11.7,1.5,5.3
2018/6/13,2.7,9.6,5.7,9,12.4,1.8,5.1
2018/6/14,2.9,8.9,6.2,9.2,12.2,1.8,5.5
2018/6/15,2.9,9.6,6.4,9.2,12.7,1.5,5.9
2018/6/16,2,10.0,6.5,9.5,12.3,0.8,5.9
2018/6/17,2.1,8.7,6.6,9.8,12,1.6,5.7
2018/6/18,1.8,8.4,5.8,10.7,11.7,1.6,6.6
2018/6/19,2.7,9.2,4.4,10.9,11.2,2.1,6.2
2018/6/20,2.3,10.4,3.3,13,11.9,1.9,6.2
2018/6/21,1.6,10.4,3.1,13.9,12.4,1.2,6.1
2018/6/22,1.6,10.6,2.7,13.8,12.5,1.1,5.9
2018/6/23,2,11.0,2.7,14.2,12.5,1.3,6.5
2018/6/24,2.3,10.6,3,13.3,11.6,1.5,6
2018/6/25,2.5,10.5,3.8,13,10.6,1.9,6.1
2018/6/26,2.2,10.4,3.4,13.8,11.5,1.9,5.7
2018/6/27,2.4,11.6,4.3,13.5,12.1,1.2,5.4
2018/6/28,2.9,11.7,4.9,13.3,11.5,2,5.2
2018/6/29,3,11.5,5.6,13.4,11.5,2.1,6.1
2018/6/30,3,11.3,6.8,13.1,11.9,1.8,6.6
2018/7/1,3.1,10.4,7.2,12.2,11.5,2.2,6.4
2018/7/2,2.1,11.2,8.2,12.3,12.8,1.2,6.9
2018/7/3,3.6,10.5,8.2,11.7,11.6,2.3,5.9
2018/7/4,3.7,9.9,8.9,11.6,11,2.8,5.5
2018/7/5,2.7,10.5,9.8,11.9,11.6,2.7,6.8
2018/7/6,2.7,11.0,7.3,11.5,11.7,1.6,6.1
2018/7/7,2.6,11.7,5.9,12.4,11.4,0.8,5.9
2018/7/8,2.8,11.7,6.6,11.8,11.7,1.1,5.6
2018/7/9,2.9,11.3,7,11.8,12.4,1.9,5.9
2018/7/10,2.8,11.9,6.9,11.4,12.3,1.8,5.8
2018/7/11,4.1,12.3,7.5,10.9,11.6,2.7,4.9
2018/7/12,3.8,12.2,8.6,11.4,12.1,2.7,5.6
2018/7/13,3.4,11.2,9.8,12.4,11.6,2.3,5.7
2018/7/14,3.9,12.0,10.3,12,11.4,2.7,5.4
2018/7/15,4,12.2,10.8,11.6,11,2.9,5.6
2018/7/16,4,12.3,12.3,12.5,11.7,2.8,5.9
2018/7/17,4.7,12.1,13,11.6,11.7,3.1,5.4
2018/7/18,5.1,12.1,13.8,11.4,11.7,3,5.2
2018/7/19,5.5,12.4,15,11.9,11.7,3.1,5.6
2018/7/20,5.3,13.2,16.2,12.4,11.7,3,6.5
2018/7/21,5.3,12.4,17.4,11.7,11.7,2.9,6.8
2018/7/22,6.1,12.4,17,10.8,11.7,2.9,5.4
2018/7/23,7.3,12.1,17.5,10.8,11.7,3,5.6
2018/7/24,7.1,12.4,18.9,11.3,11.7,2.9,6.8
2018/7/25,7,13.3,19.2,10.7,11.7,3.2,6.1
2018/7/26,7.6,12.5,19.2,10.4,11.7,3.5,6.2
2018/7/27,7.8,12.6,19.5,10.6,11.7,3.6,6.4
2018/7/28,8.3,12.3,20.2,11,10.9,3.2,6.9
2018/7/29,8.4,12.2,19.8,10.9,9.8,3.6,6.7
2018/7/30,8.6,12.7,17.2,10.9,10.4,3.6,7
2018/7/31,8.9,13.7,16,11.1,11.3,3.4,5.9
2018/8/1,8.5,13.1,16.1,11.7,11.1,3.1,7
2018/8/2,7.9,13.7,16.3,11.8,11.9,2.7,7.5
2018/8/3,7.8,13.4,17.2,12.4,12.2,2.1,7.6
2018/8/4,8.5,12.7,17.6,12,11.7,2.5,7.4
2018/8/5,9.2,12.1,17.8,10.6,10.2,3.6,6.4
2018/8/6,9.9,12.5,17.4,10.5,10.3,3.7,5.9
2018/8/7,9.7,13.0,17.6,10.4,11,3.9,5.4
2018/8/8,9.6,13.5,17.8,10.8,11.6,3.6,5.4
2018/8/9,9.8,13.4,18.5,11.7,11.7,3.5,6.1
2018/8/10,10.1,12.7,19,12.4,11.7,3.5,6.7
2018/8/11,10.6,12.0,19.7,12.1,11,3.9,6.2
2018/8/12,10.4,12.0,20.5,12.3,11.2,3.8,6
2018/8/13,10.7,12.0,21.6,13.4,11.5,3.8,7
2018/8/14,10.6,12.8,21.8,15.2,11.9,3.2,7.2
2018/8/15,11.4,12.3,22.2,15.9,11.8,3.6,6.9
2018/8/16,11.8,11.7,22.2,16.2,11.3,3.9,6.7
2018/8/17,11.6,11.4,23.4,16.8,11.1,3.7,6.6
2018/8/18,11.5,10.9,23.9,17.4,11,3.9,7
2018/8/19,12.2,10.3,23.5,17.8,10.6,4.3,7
2018/8/20,12.4,10.6,23.2,18.8,10.9,3.8,7.1
2018/8/21,12.2,11.3,23,20.1,11.4,3.5,6.9
2018/8/22,12.9,10.5,22.4,20.2,11.2,4.4,6.6
2018/8/23,13.4,8.7,21.7,19.8,10.6,4.8,6.7
2018/8/24,13,8.6,21.6,20.2,11.1,4.2,7.1
2018/8/25,12.4,9.2,21.4,20.7,11.7,3.9,7.3
2018/8/26,13,10.0,20.7,20.8,11.3,3.8,7.2
2018/8/27,13.2,10.5,20.5,21.1,11.1,3.8,7.5
2018/8/28,13.1,10.4,20.8,21.5,11.2,3.5,7.7
2018/8/29,13.6,9.9,21,22.6,10.9,4.2,7.5
2018/8/30,14.2,9.0,20.3,23.8,10.4,5.4,6.5
2018/8/31,14.4,8.6,20.3,24.5,10.5,4.9,6.5
2018/9/1,14.3,8.4,20.4,27,10.5,4.4,6.8
2018/9/2,14.4,9.2,20.4,27.1,10,4.6,6.6
2018/9/3,14.4,8.9,20.1,26.7,9.9,5,6.4
2018/9/4,14.6,8.0,19.8,27.2,10.2,5.3,6.2
2018/9/5,14.6,7.5,19.9,27.9,10.4,5.1,6.8
2018/9/6,14.7,7.3,19.6,28.9,9.4,4.9,6.7
2018/9/7,14.5,7.1,20,30.2,9.6,4.2,7.3
2018/9/8,14.7,7.8,19.9,29.4,10,4.4,6.6
2018/9/9,14.7,8.2,20.6,29.9,10.4,5.3,6.6
2018/9/10,15,8.0,20.3,30.7,10.5,5.2,6.9
2018/9/11,14.8,8.4,20,31.5,10.5,5.1,6.4
2018/9/12,14.9,8.5,19.8,31.8,9.8,5.3,6.8
2018/9/13,14.8,9.4,20.4,32.2,10.4,5.1,8.1
2018/9/14,14.3,10.1,20.7,33.6,11.1,4.7,7.6
2018/9/15,14.3,10.1,20.1,33.9,10.9,5,7.5
2018/9/16,15,10.2,19.6,33.5,11,5.7,7.7
2018/9/17,15.6,9.3,18.8,34.2,10.5,5.7,7.9
2018/9/18,14.9,8.6,18.7,34.7,10.2,5.7,6.9
2018/9/19,14.9,9.3,19.1,33.7,9.9,6.2,6.6
2018/9/20,14.8,9.8,18.8,33.7,10.1,6.4,7.3
2018/9/21,12.9,11.2,19.5,33.7,11,5.2,8.4
2018/9/22,11.5,12.2,18.8,34.9,11.5,4.4,8
2018/9/23,11.7,12.0,17.9,34.8,10.8,5.1,7.6
2018/9/24,11.2,12.6,17.4,34.9,10.9,4.4,7
2018/9/25,11.1,12.6,16.7,34.9,11,4,7.8
2018/9/26,11.2,12.5,16.7,34.7,11.5,3.9,7.6
2018/9/27,10.9,13.0,16.7,35.3,11.7,3.8,7.1
2018/9/28,10.4,13.1,16.8,35.4,12.1,4,7.3
2018/9/29,10.6,12.5,16.8,35.2,12.1,4.4,7.1
2018/9/30,10.9,12.3,16.2,35,11.9,4.1,7.1
2018/10/1,11.2,12.2,16.8,34.8,11,4.3,7.2
2018/10/2,11.3,12.3,16.2,34.6,11.1,4.4,6.8
2018/10/3,11.3,12.2,16,34.5,11.4,4.5,6.6
2018/10/4,11.4,12.3,15.8,34.4,11.2,4.7,6.7
2018/10/5,11.4,12.0,16.4,34.1,11.4,4.6,6.9
2018/10/6,11.9,11.5,15.7,33.7,11,4.8,7.4
2018/10/7,11.7,11.9,15.7,34.2,11.5,4.5,7.6
2018/10/8,11.7,13.1,16,34,11.6,4,7
2018/10/9,11.2,12.9,16.3,34.1,11.5,3.9,7.3
2018/10/10,11.3,12.7,17.2,33.6,11.3,4.2,7.7
2018/10/11,11.6,12.9,16,33.7,11.3,4.4,7.1
2018/10/12,12,12.0,16.4,33.7,11.1,4.5,7.2
2018/10/13,11.3,12.6,16.8,34.2,12.1,2.9,7.2
2018/10/14,11.9,12.2,16.2,33.7,11.3,3.2,8.3
2018/10/15,12.1,12.0,16.1,33.3,11,4.3,7.9
2018/10/16,12.1,12.9,16.6,33.6,11.3,4.4,6.8
2018/10/17,12.5,13.0,16.4,33,11.5,4.5,6.6
2018/10/18,12.8,12.6,16.1,33.5,11.2,4.7,6.4
2018/10/19,13,11.4,15.6,33.2,9.8,4.8,6.6
2018/10/20,12.8,11.6,15.8,32.9,9.2,4.8,6
2018/10/21,12,12.7,16.1,33.2,11,4,6.7
2018/10/22,11.6,12.5,16.5,33.2,12,3.8,6.7
2018/10/23,12.1,12.6,16.4,33.1,11.3,4.1,6.7
2018/10/24,11.5,13.1,17,33.6,11.7,4.1,7.2
2018/10/25,11.9,13.1,17.2,33.4,11.5,4.3,5.9
2018/10/26,11.8,13.1,16.8,33.4,11.3,4.3,5.7
2018/10/27,12.2,12.8,16.4,33.6,10.9,4.4,6.3
2018/10/28,12,13.2,16.9,33.5,10.9,4.6,7
2018/10/29,12.7,13.0,16.5,33,11.2,4.8,6.3
2018/10/30,12.4,12.5,16.8,33.3,10.9,4.7,5.7
2018/10/31,12.5,12.9,16.9,33.7,10.8,4.6,6.6
2018/11/1,12.8,12.5,16.5,33.3,10.6,4.9,5.3
2018/11/2,12.8,12.5,17,33.1,10.4,4.6,5.7
2018/11/3,12.9,12.4,16.6,32.9,10,4.3,5.6
2018/11/4,13,12.8,17.4,33.4,10.5,3.7,5.6
2018/11/5,12.7,12.8,17.1,33.3,10.6,3.3,6.7
2018/11/6,12.1,12.3,15.8,33.8,10.6,3.3,6.6
2018/11/7,11.3,12.5,14.5,34.1,10.4,3,6.4
2018/11/8,10.8,12.8,13.1,34.3,10.9,2.8,5.9
2018/11/9,10.1,12.8,13.5,35.7,11.9,2.4,6.8
2018/11/10,10,13.6,13.5,36,11.8,2.4,7.1
2018/11/11,9.6,14.0,13.4,35.1,12.1,2.7,7.4
2018/11/12,9.8,14.5,12.8,35.1,12.1,2.7,6.8
2018/11/13,9.6,14.5,13.1,35.7,11.8,2.9,7.1
2018/11/14,9.8,14.5,12.8,35.5,11.8,3.4,7.9
2018/11/15,9.5,14.5,12.9,35.9,12.1,3.3,8.7
2018/11/16,9.5,14.5,13,35.5,11.6,3.5,8.3
2018/11/17,9.9,14.5,12.9,35.4,11.1,3.2,8.6
2018/11/18,9.5,13.7,13.5,35.3,11.9,3.3,8.4
2018/11/19,9.4,13.7,12.9,35.7,12.3,2.7,8.4
2018/11/20,9.2,13.7,12.5,35.9,12.2,3.1,8.3
2018/11/21,8.9,13.7,13.3,36.3,12.9,3.3,8.2
2018/11/22,8.8,13.7,13.4,36.4,13.2,3.1,8.1
2018/11/23,9.4,13.7,13,35.8,12.8,2.6,7.6
2018/11/24,9.5,13.9,12.7,35.9,12.6,2.4,8.1
2018/11/25,9.1,13.9,12.8,36.1,12.4,2.6,7.7
2018/11/26,9.2,13.9,12.5,36,13.2,2.2,7
2018/11/27,8.9,14.5,12.4,35.9,13.4,1.4,6.6
2018/11/28,8.5,15.1,12.8,36.1,13.6,1.4,6.8
2018/11/29,8.8,15.2,12.7,35.9,13.4,2,6.7
2018/11/30,9.3,14.5,13,35.4,13,2.4,7
2018/12/1,8.7,14.8,13,35.6,13.3,2.3,7.4
2018/12/2,8.7,14.8,13.2,35,12.9,2.2,7.9
2018/12/3,9.3,14.8,12.5,34.2,13.2,2.2,6.9
2018/12/4,8.5,14.8,12.6,34.7,13.6,2.3,7.6
2018/12/5,8.5,14.8,12.6,34.7,13.6,2.3,7.6
2018/12/6,8.8,14.8,12.6,34.7,13.7,2.1,7.6
2018/12/7,8.8,14.8,12.6,34.7,13.7,2.1,7.6
2018/12/8,8.8,14.8,12.6,34.7,13.7,2.1,7.6
2018/12/9,9.2,15.6,11.5,34.7,14.2,1.8,6.9
2018/12/10,8.9,16.5,11.4,34.7,14.3,1.7,6.4
2018/12/11,8.9,16.3,11.9,34.7,14.1,1.8,6.7
2018/12/12,8.8,15.1,12.5,34.7,14,1.8,6.6
2018/12/13,9,15.1,12.7,34.7,14,2.2,6.6
2018/12/14,9,15.1,12.7,34.7,14,2.2,6.6
2018/12/15,9,15.1,12.7,34.7,14,2.2,6.6
2018/12/16,9,15.1,12.7,34.7,14,2.2,6.6
2018/12/17,9,15.1,12.8,34.7,14.1,1,6.9
2018/12/18,9,16.0,12.8,34.7,14.6,0.9,6.5
2018/12/19,9,16.6,12.8,34.7,14.1,1,6.5
2018/12/20,9,17.4,12.7,34.7,14.7,1.1,6.2
2018/12/21,9,16.5,12.7,34.7,14.1,1,5.9
2018/12/22,9,16.5,12.7,34.7,14.7,0.8,5.4
2018/12/23,9,16.5,12.7,34.7,14.7,1,5.5
2018/12/24,9,16.5,12.7,34.7,14.7,1,5.7
2018/12/25,9,16.5,12.7,33.8,14.7,1,5.9
2018/12/26,9,16.5,12.7,33.3,14.7,1,5.9
2018/12/27,9,16.5,12.7,31.8,14.7,1.8,5.9
2018/12/28,9.9,16.5,12.5,32.2,14.2,2.1,6.4
2018/12/29,9.9,16.8,12,31.6,14.2,1.9,6.4
2018/12/30,9.9,16.8,12,31.6,14.2,1.9,6.4
2018/12/31,9.9,16.8,12,31.6,14.2,1.9,6.4
2019/1/1,9.9,16.8,13.2,31.2,14.7,1.2,6.2
2019/1/2,9.8,17.0,13.4,31.3,14.4,1.4,6.2
2019/1/3,9.9,17.6,13.3,31.3,14.3,1.4,6.2
2019/1/4,9.7,17.5,13.5,31,14.7,1.4,6.3
2019/1/5,9.7,17.5,13.5,30.8,14.8,1.4,6.1
2019/1/6,9.3,17.5,13.5,30.8,15.1,1.4,5.7
2019/1/7,9.1,17.2,13.3,30.8,14.9,1.6,5.4
2019/1/8,9.3,17.3,13.3,30.3,14.7,1.9,5.5
2019/1/9,9.7,17.1,13.6,29.7,14.6,2.2,5.6
2019/1/10,9.8,16.9,14,29.4,14.6,2.1,6
2019/1/11,9.8,16.9,14.2,29.3,15,1.9,6.1
2019/1/12,9.2,17.2,14.4,29.5,15.6,1.5,6.6
2019/1/13,8.9,17.3,14.3,29.6,15.7,1.5,6.6
2019/1/14,8.8,17.3,14.1,29.3,15.6,1.8,6.1
2019/1/15,9.2,16.9,13.9,28.9,15.5,1.8,6.2
2019/1/16,9.4,16.1,14.3,29,15.6,1.7,6.2
2019/1/17,9.3,15.6,14.4,28.9,15.8,2,6.2
2019/1/18,9.7,15.9,14.6,28.6,16,2.1,6
2019/1/19,9.5,16.6,14.6,28.7,16.7,1.6,6.1
2019/1/20,9.5,16.6,14.6,28.7,16.2,1.6,6.1
2019/1/21,9.6,16.6,14.6,28.4,16.4,1.9,6.2
2019/1/22,9.1,16.5,15.1,28.7,17.3,1.4,6.3
2019/1/23,9.3,16.1,14.4,27.8,16.8,1.7,6
2019/1/24,9.4,16.4,14.5,27.8,17.3,1.8,6.2
2019/1/25,9,16.9,15.1,28.2,18.3,1.2,6.6
2019/1/26,9.6,17.0,15.5,28,18.1,1.5,6.2
2019/1/27,9.7,17.1,15.5,28,18.2,1.5,6.4
2019/1/28,9.7,17.3,15.7,28,18.2,1.8,6.4
2019/1/29,9.6,16.9,15.3,27.8,18.1,2.3,6.3
2019/1/30,9.7,16.7,14.9,27.3,17.8,2.4,6
2019/1/31,9.7,16.7,14.4,27.2,17.8,2.2,6.1
2019/2/1,9.2,17.5,14.4,28.3,18.5,1.6,6.2
2019/2/2,8.7,17.9,14.8,29,18.8,0.8,6.5
2019/2/3,8.4,17.8,14.8,28.6,18.5,0.4,6.4
2019/2/4,9,17.4,14.7,28.4,18.2,0.9,5.8
2019/2/5,9.2,17.4,15.2,28.9,18.7,1.2,5.8
2019/2/6,9.3,17.3,15,28.8,18.6,1.6,5.7
2019/2/7,9.5,17.5,15,28.2,18.8,1.6,6.2
2019/2/8,9.4,17.3,14.6,28.2,18.9,1.3,6.5
2019/2/9,9.2,17.0,14.5,28.2,18.4,2.3,6.5
2019/2/10,9.6,17.4,14,27.7,18.9,2.1,6.3
2019/2/11,9.3,17.2,14.5,27.7,18.9,1.8,6.4
2019/2/12,9.1,17.3,15.1,27.6,19.3,1.6,6.2
2019/2/13,9.2,17.4,14.8,27.3,19.5,1.6,6.4
2019/2/14,9.3,17.5,14.3,27.1,19.6,1.5,6.5
2019/2/15,9.3,17.8,15.1,27.4,20,1.6,7
2019/2/16,9.4,17.8,15.2,27.3,20,1.9,6.8
2019/2/17,10.5,17.8,15.2,26.3,19.6,2.5,6
2019/2/18,10.4,17.6,15.6,26.5,19.9,2.3,6.2
2019/2/19,9.9,17.6,15.5,26.5,20,1.7,6.4
2019/2/20,9.6,17.5,15.9,26.3,20.1,1.6,6.4
2019/2/21,10,17.5,15.5,26,20.2,1.9,6.4
2019/2/22,9.8,17.6,16,25.6,20.1,2,6.2
2019/2/23,9.5,18.4,15.9,25.8,20.2,1.2,6
2019/2/24,9.4,19.2,16.2,25.3,21.4,1.2,6.2
2019/2/25,9,18.9,16.4,25.5,21.3,1,6.4
2019/2/26,9.4,18.4,16.7,25.2,20.9,1.3,6.3
2019/2/27,9.5,17.8,16.4,24.8,20.4,1.5,6.5
2019/2/28,9.6,17.9,16.2,24.4,20.6,1.6,6.8
2019/3/1,9.5,18.6,16.1,25,21,1.3,6.6
2019/3/2,9.7,18.4,16,24.7,20.6,1.7,6.5
2019/3/3,9.2,18.5,16.2,25,20.8,1.2,6.7
2019/3/4,9.2,19.1,16.4,25.1,21,0.9,6.7
2019/3/5,9.1,18.7,16.3,24.7,21,1.4,6.9
2019/3/6,9.4,18.8,16.8,24.3,21.2,1.8,6.7
2019/3/7,8.9,19.6,16.8,25.1,21.6,1.8,6.3
2019/3/8,8.4,20.0,17,25.5,22.1,1.6,6.1
2019/3/9,8.4,20.2,17.2,25.5,21.9,1.4,6.6
2019/3/10,8.7,20.5,17,25.2,21.6,0.9,6.5
2019/3/11,9,20.3,16.8,24.8,21.8,1,5.9
2019/3/12,8.5,20.4,17.1,24.9,21.7,1.3,6.4
2019/3/13,8.3,20.2,17.4,24.6,21.8,2,6.8
2019/3/14,8.6,20.0,17.1,24.2,21.6,1.6,6.4
2019/3/15,9.2,20.4,16.8,23.8,21.1,1.3,5.8
2019/3/16,8.9,20.6,16.7,23.7,21.4,0.8,5.9
2019/3/17,8.5,20.9,16.7,23.5,21.7,0.7,5.6
2019/3/18,8.7,20.9,17,23.6,21.8,0.8,6
2019/3/19,9.3,20.9,17.1,23.4,21.7,0.7,5.9
2019/3/20,9.1,21.0,16.6,23.4,21.9,1,6.4
2019/3/21,8.8,20.2,15.8,23.6,21.5,1.1,6.4
2019/3/22,8.7,19.6,14.1,27.7,21.5,2.2,7.3
2019/3/23,8.3,19.3,13.1,30.5,22.4,2.4,7.2
2019/3/24,8.6,19.6,12.6,31,21.8,1.9,7.4
2019/3/25,8.5,20.0,13.1,31.5,22.1,1.8,7.2
2019/3/26,8.6,19.7,12.9,31.5,22,2.1,7.1
2019/3/27,8,20.0,12.8,31.5,22.1,2.3,6.7
2019/3/28,8.1,19.9,12.6,31.8,22.1,2.1,7.2
2019/3/29,8.6,19.6,12.4,31.6,21.7,1.8,6.9
2019/3/30,8.7,19.8,12.2,31.3,21.4,1.6,6.5
2019/3/31,8.6,19.6,12.3,31.9,21.8,2.1,7.8
2019/4/1,8.6,19.7,12.3,31.9,21.8,2.1,7.8
2019/4/2,8.6,19.9,12.3,31.9,21.8,2.1,7.8
2019/4/3,8.8,20.0,11.8,32.7,22.3,1.5,7.8
2019/4/4,8.7,19.8,12.4,33.8,22.6,1.8,7.5
2019/4/5,8,19.7,12.6,33.7,23.1,2.2,7.2
2019/4/6,8.3,19.3,12.5,33.3,22.5,1.8,7.6
2019/4/7,8.9,19.5,12.6,33,22.5,2.2,7.5
2019/4/8,9.4,19.6,12.2,32.9,22.7,2,7.3
2019/4/9,8.6,19.9,12.3,33.8,23.4,3.2,8.5
2019/4/10,8.6,20.8,12.3,34.2,23.1,3,7.9
2019/4/11,9.1,20.6,11.4,34.6,22.4,3.1,7.7
2019/4/12,9.1,21.1,11.6,34.4,22.9,3.2,7.7
2019/4/13,9.1,21.4,11.8,34.8,23.6,2.8,7.7
2019/4/14,8.9,19.5,12.2,34.8,22.9,4.1,9.3
2019/4/15,8.8,19.9,12.1,35,22.8,4.5,9.2
2019/4/16,8.8,21.3,11.7,35.5,23.2,3.8,8.2
2019/4/17,8.4,21.4,12.1,36,23.8,3.4,8.4
2019/4/18,9.1,21.3,11.8,35.6,23.8,3.4,8.4
2019/4/19,8.9,21.6,12.6,35.6,24.4,3.6,8.3
2019/4/20,9.3,20.8,12.6,34.9,23.6,3.1,8.6
2019/4/21,8.6,21.1,13.5,35.6,24.4,3.1,8.8
2019/4/22,8.7,21.0,13.3,35.3,24,3.2,8.1
2019/4/23,9.2,20.9,13.8,34.7,23.8,3.3,8.3
2019/4/24,9,21.2,13.6,34.4,23.9,3.4,7.7
2019/4/25,9.4,21.3,13.3,33.9,23.6,2.7,7.7
2019/4/26,9.6,21.4,13.6,33.3,23.7,3.1,8.1
2019/4/27,10.7,21.2,13.2,31.3,23.8,3,8.4
2019/4/28,10.6,21.0,13.8,30.1,23.5,2.9,8.2
2019/4/29,11.1,21.7,14.3,28.7,23.5,2.9,7.6
2019/4/30,11,21.2,15.6,27.8,23.2,3,8.8
2019/5/1,10.6,21.4,15.6,27,23.2,2.8,8.7
2019/5/2,11.1,21.5,16.1,25.7,22.9,2.7,8.6
2019/5/3,10.9,22.0,16.5,25.3,23.4,2.7,8.5
2019/5/4,10.9,21.8,17,24.7,23.2,2.8,9.2
2019/5/5,10.9,22.5,18,24.1,23.1,2.6,8.7
2019/5/6,10.8,21.8,17.9,24.8,23.3,2.8,8.8
2019/5/7,11.7,21.9,16.6,24.4,23.9,2.9,9.3
2019/5/8,11.6,22.1,17.9,24.4,23.8,2.9,8.9
2019/5/9,11.2,23.3,18.6,24.4,24.1,2.3,8.3
2019/5/10,11.5,22.9,18.7,23.2,23.4,2.5,8.3
2019/5/11,12,23.1,19.1,23,23.2,2.8,7.6
2019/5/12,11.8,22.9,19.3,23,23.1,2.9,8
2019/5/13,11.7,22.6,19.1,23.2,23.1,2.7,8.7
2019/5/14,12,23.0,19.3,23.4,23.7,2.7,8.5
2019/5/15,11.8,23.2,19.2,23.4,23.9,3,8.6
2019/5/16,12,23.0,19.4,23,23.7,3.2,8.2
2019/5/17,12.2,23.0,19.3,22.6,23.5,3.7,8.4
2019/5/18,12.6,22.7,19.3,22,23.3,3.8,8.1
2019/5/19,11.8,23.0,19.9,23,24.5,3.9,9.2
2019/5/20,12.1,23.2,19.6,23,24.7,3.9,8.9
2019/5/21,12.4,23.6,20.1,22.9,24.3,4.1,8
2019/5/22,12.5,23.3,19.8,22.5,24.1,4.5,7.7
2019/5/23,13.1,24.0,19.1,21.9,23.5,4.3,6.7
2019/5/24,13.6,23.7,19.4,22.3,23.9,3.6,7.3
2019/5/25,12.6,23.5,20,23.7,24.6,4.5,8.4
2019/5/26,11.4,22.9,19.1,27.7,24.7,6,9.1
2019/5/27,12.8,22.4,18.5,27.8,23.7,6.3,8.2
2019/5/28,14,21.5,18,26.6,23,6,8
2019/5/29,13.8,21.5,18.7,26.2,22.9,5.8,8
2019/5/30,13.5,22.8,19.2,26.1,23.8,5.4,7.2
2019/5/31,13.2,22.5,19.4,25.8,23.9,5.6,7.5
2019/6/1,13.2,22.7,19.9,24.7,24.1,5.3,7.7
2019/6/2,13,23.6,21.2,24.7,25.7,5.3,9.2
2019/6/3,13.4,23.9,21.7,24,25.7,4.5,8.3
2019/6/4,13.7,24.5,21.9,23.3,26.1,4,7.9
2019/6/5,14.4,24.0,21.6,22.5,25.7,3.6,7.9
2019/6/6,13,23.9,19.5,23.7,24.8,5.3,8.3
2019/6/7,13.2,23.5,19.4,24.3,24.6,5.5,8.2
2019/6/8,13.8,22.8,19.7,23.5,24.2,5.6,8.2
2019/6/9,12.7,22.5,18.8,26.4,24.5,5.9,8.8
2019/6/10,12.1,22.7,17.7,29.2,25.1,5.6,8.9
2019/6/11,12.4,22.1,17,29.5,24.8,5.3,8.2
2019/6/12,11.2,21.2,15.1,31.9,24.4,6,9.3
2019/6/13,10.6,22.7,14.3,35.5,24.8,5.7,8.8
2019/6/14,11,22.9,14.3,36.1,24.7,5.2,8.6
2019/6/15,10.7,23.0,14.4,36.3,25.1,5.3,9.3
2019/6/16,10.1,22.6,14.4,36.6,25.3,6,10
2019/6/17,10.3,23.3,14.9,37.4,25,5.9,9.6
2019/6/18,10.2,23.5,14.8,37.7,25,5.6,9.5
2019/6/19,10.5,22.9,14.8,37.8,25,5.7,9.2
2019/6/20,10.9,22.8,14.4,37.4,25,5.5,8.6
2019/6/21,10.9,22.6,14.8,37.2,25.2,5.7,9
2019/6/22,10.7,21.9,14.6,37.4,24.8,6.1,9.8
2019/6/23,10.6,22.4,14.9,38,25,6,10.1
2019/6/24,10.5,23.3,15.4,38.2,25.6,5.5,8.9
2019/6/25,10.6,23.5,15.8,37.7,25.8,5.1,9.3
2019/6/26,11.2,23.0,15.8,36.9,24.8,4.3,8.2
2019/6/27,11.3,23.1,16.8,36.6,25.3,4.8,9
2019/6/28,11.2,23.1,17.1,36.8,25.3,4.8,9.4
2019/6/29,10.1,23.5,16.4,37.8,25.2,5.1,9.3
2019/6/30,10.4,22.6,15.8,38.3,24.9,5.3,9.8
2019/7/1,10.9,22.8,15.5,37.9,25,5.2,8.8
2019/7/2,10.7,23.7,15.4,37.1,24.7,4.5,8
2019/7/3,11.1,23.9,16.1,37.5,25,4.6,8.8
2019/7/4,11.5,23.1,16.8,37.2,25,5.7,10
2019/7/5,12,22.9,17.6,36.6,24.4,6.1,9.8
2019/7/6,11.8,23.9,17.5,36.4,24.7,5.7,9.5
2019/7/7,12.1,24.3,17.6,36.1,25,6,10
2019/7/8,12.6,23.4,17.6,35.3,25.1,6.2,9.5
2019/7/9,12.5,23.7,17.9,34.7,24.6,5.9,8.8
2019/7/10,13.1,23.7,18.3,33.4,23.8,6.1,8.1
2019/7/11,12.9,24.0,18.6,33.6,24.6,6.6,9.3
2019/7/12,12.9,23.4,19.1,33.6,24.3,6.8,9.7
2019/7/13,13.1,23.9,19.1,33.2,24.1,7.3,9.9
2019/7/14,13.6,23.9,19.1,32.2,23.5,7.2,9.1
2019/7/15,14,24.5,19.2,32.2,23.7,7.1,9.4
2019/7/16,14,24.5,19.1,32.3,24.3,6.6,9.2
2019/7/17,14.4,24.6,19.7,31.8,23.8,6.4,8.8
2019/7/18,14.5,24.4,19.8,32.3,23.5,7.1,8.6
2019/7/19,14.9,24.7,20.1,32.8,24,7.1,8.5
2019/7/20,13.4,24.1,19.1,35.4,24.3,7.4,9.4
2019/7/21,13.3,23.0,18,36.2,23.5,7.1,9
2019/7/22,13.3,23.8,18,36.4,24.2,7.8,9.2
2019/7/23,13.6,23.3,17.9,35.6,23.6,7.7,9.3
2019/7/24,13.8,22.7,17.4,34.7,23.3,7.8,9.5
2019/7/25,13.6,23.9,17.3,34.6,24,7,8.7
2019/7/26,14.1,24.8,17.7,35.5,24.2,6.1,8.6
2019/7/27,14.9,25.0,17.7,37.5,24.3,5.7,8.5
2019/7/28,15,25.4,18.2,40.2,25,6.1,8.5
2019/7/29,15.1,24.8,18.3,40.3,25.1,6.2,8.6
2019/7/30,16.3,24.4,18.3,44.8,23.6,5.3,8.4
2019/7/31,16.3,24.6,18.6,46.9,23.3,5.3,8.4
2019/8/1,16.3,25.3,19.1,48.7,23.5,5.8,7.6
2019/8/2,17.4,25.2,19.2,50.4,23.5,5.2,7.8
2019/8/3,17.8,23.9,18.4,51.5,23,5.2,9.3
2019/8/4,17.3,23.6,17.9,53.2,23,5.8,9.8
2019/8/5,17.7,24.7,17.3,53.9,24.1,6.1,8.6
2019/8/6,17.5,24.4,17.2,54.5,23.6,6.5,8.1
2019/8/7,16.3,23.8,17.1,53.4,23.6,6.2,7.9
2019/8/8,16.3,24.1,16.7,53.2,23.9,5.7,7.9
2019/8/9,16.7,25.5,16.7,54.3,25,5.3,7.8
2019/8/10,16.9,25.1,16.7,55.7,24.3,5.1,7.8
2019/8/11,17.5,25.1,16.5,58,23.5,5,7.9
2019/8/12,20,23.8,16.6,57,23.4,5.4,8.6
2019/8/13,20.6,23.5,17,56.5,23.7,5.6,8.3
2019/8/14,20.7,23.4,16.6,56.9,23.9,5.9,8.7
2019/8/15,21.4,23.1,16.3,58,24,5.7,8.4
2019/8/16,22.4,23.1,16.1,59.8,23.9,5.3,8.1
2019/8/17,22.4,22.9,16.5,61.9,24,5.4,8.1
2019/8/18,22.5,23.2,16.9,64,23.9,5.4,8
2019/8/19,22.7,23.2,16.2,65.7,23.6,4.6,7.7
2019/8/20,22.8,23.1,17,67.4,23.2,4.9,8.4
2019/8/21,23,23.1,17.1,68.2,22.7,4.9,8.4
2019/8/22,22.9,22.4,16.6,68.9,22.2,4.8,8.1
2019/8/23,23.3,22.3,16.2,69.8,22.1,4.6,8.3
2019/8/24,23.4,22.6,16.2,70.7,22.1,4.2,8.4
2019/8/25,23.7,22.6,16.1,67.4,22.4,5.1,8.2
2019/8/26,24,23.0,15.2,66.3,23.1,4.8,7.1
2019/8/27,24.1,23.2,15,68,23.4,5.2,8
2019/8/28,23.7,22.7,15.7,70,23.2,5.7,8.4
2019/8/29,23.8,22.0,15.6,71.2,22.2,5.7,8.3
2019/8/30,24.2,22.6,15.3,72.2,21.9,5.4,8.2
2019/8/31,23.7,22.9,16.2,74.8,23.2,5.5,9.1
2019/9/1,23.6,23.3,15.8,75.6,23.4,5.4,8.7
2019/9/2,24.3,23.6,15.1,76,23.7,5.1,8.1
2019/9/3,24.5,23.5,14.9,75.6,23.2,5.2,7.7
2019/9/4,24.4,23.5,14.7,77.3,23.5,5.1,7.5
2019/9/5,24.1,24.0,14.6,78.6,23.5,3.7,7
2019/9/6,23.8,24.0,14.7,78.9,23.4,3.3,7.4
2019/9/7,23.4,23.4,15.5,79.5,23.2,4,8.5
2019/9/8,23.8,23.3,14.7,80.3,23.4,3.6,8.3
2019/9/9,23.8,23.8,14.5,80.8,22.9,3.6,8.1
2019/9/10,23.4,24.4,14.6,80.7,22.8,3.6,8.7
2019/9/11,24.2,23.7,13.9,79.7,21.7,3.8,8
2019/9/12,24.7,23.8,13,80.5,21.4,3.5,7.3
2019/9/13,24.5,24.1,13.7,81.1,21.1,3.1,7.9
2019/9/14,24,24.1,13.7,81.9,21.4,3,8.2
2019/9/15,23.9,24.2,13.4,82.3,20.9,2.8,7.7
2019/9/16,24.1,24.7,13.5,82.9,21,2.6,7.4
2019/9/17,23.9,24.8,13.8,83.2,21,2.5,8.2
2019/9/18,24,24.8,13.9,83.3,21.6,3.1,8.9
2019/9/19,24.6,24.6,13.9,83,22,5,9.2
2019/9/20,23.7,24.6,14.6,83.4,22.7,4.9,9.2
2019/9/21,23.8,25.2,14.9,84.1,22.9,5.1,9.3
2019/9/22,23.3,25.5,13.8,84.6,23.2,5.9,8.8
2019/9/23,23.9,25.4,12.8,83.9,22.7,5.5,7.9
2019/9/24,24.6,25.2,13.8,83.7,21.6,5.9,9
2019/9/25,24,25.4,14.3,84.8,20.8,6,9.1
2019/9/26,23.8,25.9,13.7,84.7,20.9,5.8,8.5
2019/9/27,24,26.0,13.8,84.4,20.5,5.7,9.2
2019/9/28,23.7,26.2,13.3,84.2,20.5,4.8,9.2
2019/9/29,23.5,26.0,13.5,85.1,20.7,4.5,8.4
2019/9/30,23.8,26.2,14.1,85.4,20.7,4.6,8.6
2019/10/1,23.5,26.1,14.2,85.6,20.3,4.9,9.5
2019/10/2,23.9,25.7,14.2,86,20.1,5.9,9.5
2019/10/3,24.1,25.5,13.4,85.7,20,5.5,8.7
2019/10/4,23.6,25.7,15,86.3,20,5.7,9
2019/10/5,23.6,25.7,14.2,86.7,19.2,5.1,9.3
2019/10/6,24.1,25.7,13.7,86.5,19.2,5.3,9.5
2019/10/7,24.2,25.7,13.1,86.2,19.7,5.8,8.9
2019/10/8,24,25.4,12.5,86.1,19.1,5.5,9.7
2019/10/9,23.9,25.6,12.8,86.5,19.2,5.6,9.6
2019/10/10,23.8,25.8,13.2,87,20.2,5.7,10
2019/10/11,23.6,26.1,13,87.2,20.2,5.8,10.6
2019/10/12,23.6,26.3,13.5,85.4,20.4,6.1,10.1
2019/10/13,23.8,26.6,13.3,85.1,20.4,6.3,8.7
2019/10/14,23.4,26.7,13.5,86.3,20.5,6.8,8.8
2019/10/15,23.2,26.1,13.6,87.1,20,7.1,9.6
2019/10/16,23,25.8,13.8,85.7,20.2,7.2,9.8
2019/10/17,22.8,26.9,14.1,85.5,21.2,7.5,8.7
2019/10/18,22.6,27.0,14.1,86.2,21.6,7.8,8.9
2019/10/19,22.6,26.7,13.9,86.2,21.4,8.4,9
2019/10/20,22.9,26.8,13.5,85.8,21.1,7.7,8.6
2019/10/21,22.7,26.6,13.9,86.2,21,7.5,10.2
2019/10/22,22.5,23.7,14.1,85.4,18.8,8.7,11.1
2019/10/23,20.9,24.0,15.9,84.8,19.6,8.7,11.1
2019/10/24,19.8,24.6,17.1,85.8,21.1,9,10.9
2019/10/25,19.5,24.1,16.6,86.3,21.4,8.7,9.9
2019/10/26,19.6,23.6,15.7,84.9,21,8.3,9
2019/10/27,18.4,24.7,16.5,84.9,22.8,9,9.7
2019/10/28,18.3,25.1,16.4,85.9,23.3,8.9,9
2019/10/29,18.1,24.8,16.9,85.7,23.2,9.1,8.9
2019/10/30,18.3,24.1,16.5,84.6,23.2,9.6,8.9
2019/10/31,18,24.4,16.7,85.3,23.3,9.1,9.1
2019/11/1,18,24.6,16.6,85.1,23.4,9.1,9.4
2019/11/2,18.4,24.5,16.6,84.6,23.1,8.1,10
2019/11/3,17.9,24.9,16.4,84.1,23.5,8.2,9.3
2019/11/4,18.3,24.8,15.7,83.5,23.5,8.1,8.5
2019/11/5,18.3,24.6,16.3,83.4,23.4,8.3,10
2019/11/6,18.1,24.7,16.6,83.1,24,8.5,9.5
2019/11/7,18.8,24.4,16.2,82.4,23.4,8.3,9.7
2019/11/8,18.7,24.2,15.8,82.6,23.3,8.1,10.2
2019/11/9,18.4,24.6,16.4,81.9,23.6,8.2,10
2019/11/10,18.5,24.8,16.5,81,23.2,8.4,9.7
2019/11/11,18.4,25.2,16.5,81.7,23.2,7.4,8.9
2019/11/12,18.3,25.2,16.6,82.5,23.3,7.4,8.5
2019/11/13,18.4,25.1,16.3,81,23.4,8.5,8.6
2019/11/14,18.2,25.5,16.2,80.5,23.7,8.4,8.9
2019/11/15,18.3,25.8,16.3,80.6,24.3,7.9,8.5
2019/11/16,18.2,26.1,16.4,78.9,25.2,7.3,8
2019/11/17,18.3,26.1,16.1,78.2,25.4,7.7,8.2
2019/11/18,18.3,26.0,16.5,77.6,25.5,8,8.7
2019/11/19,18.3,26.1,16.9,77.2,25.6,8.6,8.5
2019/11/20,18.1,26.1,17.4,77.7,26,8.6,7.9
2019/11/21,18.8,26.1,17.2,78,26.1,9.3,8
2019/11/22,19,26.3,17,77.8,26,8.2,7.9
2019/11/23,18.2,26.9,17.1,77.9,26.3,8,7.9
2019/11/24,18.2,26.5,16.8,77.6,26.3,8.1,7.9
2019/11/25,18.6,26.0,16.6,76.5,26.3,7.7,8.3
2019/11/26,18.4,26.2,16.9,77.1,26.8,8,8.2
2019/11/27,18,26.4,17.1,77.4,26.8,8.2,8
2019/11/28,18.2,26.8,17.1,77.2,27.1,8.2,7.8
2019/11/29,18.4,26.8,17.2,77.2,27.3,8.1,8
2019/11/30,18.6,26.8,17.2,77.1,27.3,7.4,7.8
2019/12/1,19,26.8,17.4,76.8,26.9,6.6,7.7
2019/12/2,19,26.8,17.5,76.8,27.5,6.6,8.1
2019/12/3,18.9,26.8,17.6,76.9,27.5,7.4,8.1
2019/12/4,18.9,26.8,17.5,76.7,27.9,7.9,8
2019/12/5,18.4,26.8,17.6,76.5,28.6,7.7,7.5
2019/12/6,18.3,26.8,18,76.5,28.6,7.8,7.8
2019/12/7,18.7,26.8,17.5,75.8,28.3,6.8,8
2019/12/8,18.7,26.8,17.2,75.9,28.8,6.3,8.5
2019/12/9,18.4,26.8,17.8,76.7,29.2,6.6,8.5
2019/12/10,18.7,26.8,17.6,76.2,29.3,6.8,8.1
2019/12/11,19.3,26.8,17.1,74.8,29.3,6.6,7.2
2019/12/12,19.1,26.8,17.5,75.5,29.9,6.9,7.7
2019/12/13,18.8,26.8,18.1,76.6,30.1,7.1,8.2
2019/12/14,18.8,26.8,18.1,76.6,30.1,7.1,8.2
2019/12/15,17.5,26.8,20.1,74.5,32,6.9,7.6
2019/12/16,17.5,26.8,20.1,74.4,31.6,6.9,7.2
2019/12/17,17.7,26.8,20.3,74,31.6,7,7.3
2019/12/18,17.9,26.8,20.4,74,31.5,7.3,6.9
2019/12/19,18.2,26.8,20.3,74,32,7.8,7.1
2019/12/20,18,26.8,20.4,74.1,32.3,7.9,6.7
2019/12/21,17.9,26.8,20.4,74,32.6,6.9,6.4
2019/12/22,17.6,26.8,20.4,74.2,32.9,7.5,6.6
2019/12/23,17.7,26.8,20.4,74.2,33.1,7.6,6.6
2019/12/24,18,26.8,20.5,74.1,32.5,7.1,7
2019/12/25,17.9,26.8,20.3,74,32.8,7.5,6.6
2019/12/26,18,26.8,20.5,73.7,33,6.9,6.5
2019/12/27,17.8,26.8,20.7,74.3,33.4,7,6.6
2019/12/28,17.8,26.8,21,74.4,33.4,6.9,6.9
2019/12/29,17.7,26.8,21,74.2,33.6,7.3,6.8
2019/12/30,17.7,26.8,20.8,74.2,33.9,7.5,6.8
2019/12/31,17.8,26.8,20.9,74.1,34,7.2,6.8
2020/1/1,17.9,26.8,20.9,74.2,34.2,7.1,6.9
2020/1/2,17.8,26.8,21,74.4,34.7,7,6.8
2020/1/3,17.7,26.8,21.2,74.4,34.8,6.7,6.6
2020/1/4,17.6,26.8,21.3,74.4,34.7,6.6,6.7
2020/1/5,17.6,26.8,21.4,74.3,34.8,6.6,6.7
2020/1/6,17.5,26.8,21.3,74.2,35,6.7,6.8
2020/1/7,17.5,26.8,20.4,73.9,34.8,7.1,6.5
2020/1/8,16.7,26.8,19.3,73.8,35.4,9,6.2
2020/1/9,16.2,26.8,18.1,73.9,35.9,9.2,6.3
2020/1/10,15.8,26.8,17.7,73.7,36,9.2,6.7
2020/1/11,15.6,26.8,17.8,73.7,36.5,9.3,7.3
2020/1/12,15.6,26.8,18.1,74.3,37.1,9.5,7.4
2020/1/13,15.6,26.8,18.2,74.5,37.4,9.2,7.2
2020/1/14,15.5,26.8,18.1,74.4,37.6,9.5,7.6
2020/1/15,15.5,26.8,18.1,74.3,37.6,9.8,7.6
2020/1/16,15.6,26.8,17.7,74.2,38,9.4,7.6
2020/1/17,15.5,26.8,17.8,74,38.2,9.5,7.3
2020/1/18,15.3,26.8,18.2,74,38.6,9.3,7.3
2020/1/19,15.5,26.8,17.9,73.7,38.4,8.7,7
2020/1/20,15.4,26.8,18,73.7,38.4,9.1,7
2020/1/21,15.4,26.8,18.3,73.8,38.7,9.1,7.3
2020/1/22,15.3,26.8,18.1,73.7,38.9,9.4,7.3
2020/1/23,15.4,26.8,18.2,73.4,38.7,9.5,7.2
2020/1/24,15.4,26.8,18.2,73.4,38.7,9.5,7.2
2020/1/25,15.7,26.8,18.2,73.1,38.8,9.1,6.9
2020/1/26,15.6,26.8,18,73.2,38.8,9,7
2020/1/27,15.5,26.8,17.8,73.3,39.6,9.1,7.3
2020/1/28,15.6,26.8,18,73.2,38.8,9,7
2020/1/29,15.5,26.8,17.8,73.3,39.6,9.1,7.3
2020/1/30,15.7,26.8,17.6,73,39.5,9,7.2
2020/1/31,15.5,26.8,17.9,73.4,39.8,9.1,6.8
2020/2/1,15.4,26.8,17.7,73.2,40,8.7,6.4
2020/2/2,15.7,26.8,17.4,72.5,39.9,8.6,6.3
2020/2/3,15.5,26.8,17.7,72.6,40.1,8.6,6.7
2020/2/4,15.3,26.8,17.9,72.8,40.4,9.1,7.1
2020/2/5,14.9,27.0,18,72.5,40.4,9.5,7.3
2020/2/6,15.2,25.9,18.1,72.5,40.5,9.4,6.9
2020/2/7,15.2,26.7,18.1,72.4,40.4,9.3,6.8
2020/2/8,15.5,26.8,18,72,40.3,9.4,6.9
2020/2/9,15.3,26.8,17.9,71.7,40.3,9.2,6.8
2020/2/10,15.2,26.9,17.9,71.5,40.4,8.9,6.6
2020/2/11,15.3,27.2,18.1,71.3,40.6,9.2,6.7
2020/2/12,15.4,27.2,18.1,71,40.9,9.1,6.3
2020/2/13,15,27.0,18.2,70.8,41.2,9.2,6.3
2020/2/14,15,27.0,18,70.2,41.2,9,5.8
2020/2/15,15.3,26.9,17.7,69.8,41.3,8.8,5.9
2020/2/16,15.3,27.0,17.8,69.7,41.2,8.6,6.1
2020/2/17,15.6,27.0,18.1,69.9,41.6,8.9,7.1
2020/2/18,15.2,26.8,18.4,70.6,41.1,9.7,6.6
2020/2/19,15.1,27.1,18.2,70.8,41,9.3,6.3
2020/2/20,15.2,27.2,18.1,70.9,41.1,9,6.5
2020/2/21,14.9,26.7,18.7,71.4,41.6,9.4,7.1
2020/2/22,15,26.7,18.7,71.2,41.5,9.4,6.9
2020/2/23,14.9,26.7,18.9,71.1,41.6,9.7,7.2
2020/2/24,15.1,26.8,18.8,71,41.7,9.7,6.9
2020/2/25,15,27.1,18.9,71,42,9.5,6.9
2020/2/26,15,26.9,18.7,70.9,41.9,9.4,6.7
2020/2/27,14.9,26.8,18.6,70.8,42.2,9.6,6.9
2020/2/28,14.9,26.8,18.7,70.7,41.8,9.7,7.1
2020/2/29,13.5,26.8,17.6,71.1,42,9.5,6.7
2020/3/1,13.6,26.6,17.7,71.6,42.2,9.3,6.9
2020/3/2,13.8,25.9,17.4,71.6,42.2,9.5,7.6
2020/3/3,13.8,25.9,17.3,71.8,42.1,9.6,7.7
2020/3/4,13.9,26.4,17.2,72.2,42.4,9.3,7.5
2020/3/5,13.9,26.8,16.8,72.3,42.5,9.1,7.4
2020/3/6,13.7,27.0,17.5,73,42.7,9.5,7.9
2020/3/7,13.7,27.0,17.4,73.1,42.9,9.3,7.6
2020/3/8,13.7,26.8,17.2,72.6,42.9,9.6,7.8
2020/3/9,13.7,26.8,17.1,72.6,43,9.5,8
2020/3/10,13.6,26.8,16.8,72.2,43.4,9.3,7.4
2020/3/11,13.6,26.9,17,72.2,43.1,9.1,7.2
2020/3/12,13.8,26.8,17.2,72.4,43.1,9.4,7.6
2020/3/13,13.8,26.8,17,72,42.9,9,7.3
2020/3/14,13.9,26.8,17.1,72,42.9,9.2,7.6
2020/3/15,13.5,27.1,17.3,71.9,43,9.7,7.7
2020/3/16,13.6,26.8,17.2,71.9,42.9,9.2,8.2
2020/3/17,13.8,27.2,17.2,71.8,42.7,8.9,7.9
2020/3/18,13.7,27.7,16.8,71.4,42.9,8.7,7.3
2020/3/19,13.9,27.5,16.1,70.6,42.5,8.1,7.1
2020/3/20,14,27.0,15.9,70,42.7,8.2,7.3
2020/3/21,14,27.6,16.1,69.8,43,7.8,7.4
2020/3/22,13.7,27.7,16.5,69.4,43,8.3,8.3
2020/3/23,14,27.3,16.2,68.6,42.8,7.9,7.9
2020/3/24,14.1,27.3,15.8,67.9,42.7,7.4,7.6
2020/3/25,14,27.0,16,67.5,42.4,7.5,8
2020/3/26,14.2 ,26.0,15.8 ,66.6 ,41.9 ,7.2 ,7.8 
2020/3/27,14.8 ,25.7,16.2 ,65.9 ,41.7 ,7.0 ,8.0 
2020/3/28,14.3 ,26.2,17.3 ,67.8 ,42.0 ,9.2 ,8.5 
2020/3/29,13.7 ,26.8,17.6 ,69.4 ,42.9 ,10.1 ,9.4 
2020/3/30,13.5 ,27.3,17.9 ,70.1 ,43.2 ,10.1 ,9.4 
2020/3/31,13.4 ,27.3,17.5 ,70.4 ,43.3 ,9.8 ,9.0 
2020/4/1,13.6 ,27.3,17.1 ,70.1 ,43.0 ,9.8 ,8.8 
2020/4/2,13.8 ,27.3,16.7 ,69.8 ,42.9 ,9.4 ,9.3 
2020/4/3,13.7 ,27.2,16.5 ,69.4 ,42.3 ,10.0 ,9.6 
2020/4/4,13.5 ,27.2,16.4 ,69.5 ,42.5 ,9.9 ,9.7 
2020/4/5,13.3 ,27.4,16.4 ,69.5 ,42.7 ,10.1 ,9.3 
2020/4/6,13.4 ,27.5,16.2 ,69.1 ,42.6 ,9.8 ,9.3 
2020/4/7,13.9 ,27.3,15.8 ,67.9 ,42.2 ,9.3 ,9.0 
2020/4/8,13.7 ,28.0,16.1 ,67.5 ,42.2 ,8.9 ,9.2 
2020/4/9,14.1 ,27.7,16.7 ,66.8 ,42.2 ,8.7 ,8.8 
2020/4/10,14.3 ,27.0,16.6 ,66.8 ,42.2 ,8.6 ,8.9 
2020/4/11,13.9 ,27.3,16.4 ,68.9 ,43.0 ,10.1 ,8.6 
2020/4/12,13.9 ,27.3,16.3 ,69.5 ,42.6 ,10.2 ,9.0 
2020/4/13,13.9 ,27.0,16.7 ,70.0 ,42.4 ,10.5 ,9.2 
2020/4/14,13.8 ,27.3,16.6 ,69.9 ,42.5 ,10.2 ,9.2 
2020/4/15,13.6 ,28.0,16.4 ,69.9 ,42.8 ,10.3 ,8.8 
2020/4/16,14.0 ,27.8,16.3 ,69.4 ,43.0 ,9.7 ,9.0 
2020/4/17,14.2 ,27.7,16.4 ,68.9 ,43.0 ,9.3 ,9.6 
2020/4/18,14.1 ,26.8,16.6 ,68.4 ,42.8 ,10.1 ,10.5 
2020/4/19,13.1 ,27.2,16.9 ,69.9 ,44.3 ,11.7 ,11.9 
2020/4/20,12.9 ,27.8,16.5 ,72.3 ,44.6 ,11.1 ,11.6 
2020/4/21,13.0 ,27.2,16.3 ,76.2 ,45.3 ,10.9 ,11.6 
2020/4/22,12.8 ,27.8,16.2 ,79.0 ,46.2 ,11.0 ,11.3 
2020/4/23,12.6 ,28.1,16.0 ,80.9 ,46.6 ,11.1 ,10.5 
2020/4/24,12.9 ,28.2,15.6 ,81.6 ,46.1 ,11.2 ,10.0 
2020/4/25,12.9 ,28.7,15.4 ,81.3 ,46.1 ,10.7 ,10.1 
2020/4/26,12.4 ,29.5,15.6 ,82.1 ,46.7 ,10.7 ,9.6 
2020/4/27,12.4,29.5,15,81.9,46.7,10.4,10.3
2020/4/28,12.9,29.3,14.4,81.1,46.3,10.1,10.4
2020/4/29,13.1,28.9,14.5,80.8,46.3,9.9,10.4
2020/4/30,13.2,28.8,14.7,80.9,46.5,9.9,10.3
2020/5/1,13.2,29.0,14.7,81.2,46.5,10.6,10.3
2020/5/2,13,29.4,15,80.9,46.3,10.3,10.2
2020/5/3,13.4,29.0,15.1,80.3,46.2,10.2,9.8
2020/5/4,13.4,29.4,15.8,80.3,46.7,10.1,10
2020/5/5,13.4,29.0,16.5,79.9,46.9,9.8,10.6
2020/5/6,13.5,28.6,16.6,79,46.7,9.3,10.4
2020/5/7,13.8,28.9,16.6,78.2,46.5,9.1,10.2
2020/5/8,13.8,28.9,16.8,77.9,46.6,9,10.3
2020/5/9,13.6,28.9,16.8,77.1,46.2,9.7,10.5
2020/5/10,12.7,28.9,14.6,81.3,46.8,10.9,10.6
2020/5/11,12.5,29.3,14.7,83.1,47.4,11.2,10.6
2020/5/12,12.7,29.5,14.4,84.1,47.3,11.1,10.5
2020/5/13,12.9,29.5,13.7,84.4,46.8,10.8,10.6
2020/5/14,12.5,29.6,13.9,85.1,47.8,11.2,11.1
2020/5/15,12.6,29.8,13.8,85,47.7,10.8,10.7
2020/5/16,12.8,29.7,13.4,84.6,47.6,10.7,10.1
2020/5/17,12.8,29.8,13.1,84.4,47.6,10.9,10
2020/5/18,12.8,30.5,13.6,84.2,46.8,10.4,10.3
2020/5/19,13.1,31.0,14.3,83.2,47.8,9.7,10.3
2020/5/20,13.1,30.6,14.7,82.7,47.7,9.8,10.8
2020/5/21,12.6,29.9,14.2,84.8,47.6,11.4,11.6
2020/5/22,12.5,30.6,14.2,85.6,47.9,11.2,11.1
2020/5/23,12.8,30.5,13.6,84.8,47.5,10.7,10.5
2020/5/24,12.7,31.0,13.3,84.7,47.8,11.1,10.5
2020/5/25,12.4,30.2,13.2,85.1,48,11.7,11.5
2020/5/26,12.6,31.1,13.1,85,48,11.2,11.3
2020/5/27,12.6,31.3,13.4,84.5,48.2,11.2,10.8
2020/5/28,12.6,31.5,13.6,84.8,48.2,11.2,10.9
2020/5/29,12.8,31.6,13.6,84.6,48,11.1,10.5
2020/5/30,13.1,31.6,14,83.6,47.5,10.8,9.9
2020/5/31,13.3,31.3,14.7,82.8,47.1,11.2,10.3
2020/6/1,13.3,31.5,15.4,81.9,46.9,11,10.6
2020/6/2,13.3,31.3,16,80.3,46.9,10.3,10.1
2020/6/3,12.7,32.1,16.1,80.7,48,11,10.9
2020/6/4,12.8,33.0,16.8,80.2,47.9,11.3,10.7
2020/6/5,12.9,33.1,17.5,79.9,47.9,11.3,10.5
2020/6/6,13.5,32.8,18.1,79.1,47.3,11,10.3
2020/6/7,13.6,33.6,19.1,79.6,47.8,11,10.7
2020/6/8,13.8,33.8,19.7,80.4,48.2,11,11
2020/6/9,12.9,34.8,18.2,81.3,48,11.8,11.2
2020/6/10,12.5,36.3,16.9,82.8,47.7,12,11
2020/6/11,12.5,36.5,17,83.2,48,12,11
2020/6/12,12.5,36.9,16.3,83.7,48.2,12.3,11
2020/6/13,12.4,36.8,14.8,85,48.5,11.9,11.5
2020/6/14,12.6,36.2,14.1,86.4,48.2,11.9,11
2020/6/15,12.4,36.4,13.8,86.9,48.6,12.1,11.3
2020/6/16,12.6,36.9,13.3,86.3,48.4,12,10.9
2020/6/17,12.5,36.9,13.2,86.4,48.3,12.1,11.4
2020/6/18,12.3,37.2,13.4,86.8,48.7,12.2,11.4
2020/6/19,12.3,37.2,13.3,86.8,48.4,12.1,11.9
2020/6/20,12.4,37.2,13.4,87.2,48.7,12.2,11.9
2020/6/21,11.7,37.2,13.6,88.8,49.5,12.6,12.5
2020/6/22,11.5,37.2,13.9,92.6,50,13,12.8
2020/6/23,11.6,37.2,13.7,94.7,50.3,12.9,12.6
2020/6/24,11.8,36.8,13.5,95.8,50.2,12.6,13.2
2020/6/25,12.4,37.0,13.4,87.2,48.7,12.2,11.9
2020/6/26,12.3,37.2,13.2,96,50.8,12.1,11.5
2020/6/27,12.7,36.6,12.9,95.2,50.1,12,11.8
2020/6/28,12.3,36.7,12.6,96.5,50.1,12.2,12.1
2020/6/29,11.9,36.7,13.1,96.5,50.5,12.6,12.2
2020/6/30,12.3,36.7,12.6,96.4,50.4,12.1,11.8
2020/7/1,12.3,36.8,12.6,96.5,50.1,12.2,12.1
2020/7/2,12.1,36.1,12.9,97.4,51,12.8,12.5
2020/7/3,11.9,37.7,12.7,99.2,51.1,12.9,12.4
2020/7/4,12.1,38.1,12.4,99.6,51.3,12.8,12.6
2020/7/5,12,38.1,12.3,99.9,51.3,13.1,12.4
2020/7/6,12,38.2,12.2,100.1,51.6,13.4,12.8
2020/7/7,11.7,38.3,12.4,100.5,51.9,13.6,12.8
2020/7/8,11.5,38.1,,101,51.8,13.8,13
2020/7/9,12,38.1,12,101,51.4,13.2,12.9
2020/7/10,12.1,38.1,11.6,101.2,51.5,12.7,12.4
2020/7/11,12.3,38.6,11.9,100.9,52.1,12.7,12.8
2020/7/12,11.8,38.8,12.3,101.8,52.4,13.3,12.9
2020/7/13,12,38.3,11.9,101.6,52.2,13.2,12.7
2020/7/14,12,39.4,12.6,101.5,52.3,12.8,12.4
2020/7/15,12.1,39.4,13.2,101.4,52.4,12.6,12.7
2020/7/16,11.9,39.1,13.4,101.7,52.4,12.8,12.4
2020/7/17,11.4,38.6,12.7,103.3,53,13.8,12.8
2020/7/18,11.4,39.2,12.2,105.1,53.7,14.1,13.9
2020/7/19,11.2,39.6,12.1,105.9,54.2,13.9,13.9
2020/7/20,11.9,40.4,11.7,105.3,53.8,13,12.7
2020/7/21,11.8,40.3,11.4,105.8,53.7,13.4,13.3
2020/7/22,11.7,40.6,11.4,106.7,54.2,14,13.6
2020/7/23,12.1,40.5,11.2,106,53.8,13.6,13
2020/7/24,12.1,40.7,11.4,105.4,53.9,13.7,12.8
2020/7/25,12.1,41.4,11.7,104.7,54,13.4,12.7
2020/7/26,11.1,42.1,12.2,107.1,55.7,13.8,13.4
2020/7/27,10.9,45.8,11.4,110.1,56.7,14.1,13.6
2020/7/28,11.5,46.2,10.7,110.3,56.4,13.8,13.2
2020/7/29,11.8,46.6,10.4,109.6,56.1,13.9,13.4
2020/7/30,12,47.1,10.5,109.7,56.3,13.6,13.3
2020/7/31,12.3,46.9,10.9,108.9,55.6,12.9,12.4
2020/8/1,12.4,46.9,11.4,107.9,55.6,13.7,13.4
2020/8/2,12.1,48.0,12.6,108.5,55.7,14,13.4
2020/8/3,12.1,48.8,13.6,108.9,56,13.6,12.6
2020/8/4,12.3,49.4,14.9,109,56.4,13.2,12.8
2020/8/5,12.9,50.2,16,108.6,56.3,12.6,13
2020/8/6,13.6,50.7,16.6,108.5,55.6,12.1,12.9
2020/8/7,13.9,51.6,17.8,108.9,55.7,12.5,13.1
2020/8/8,13.6,52.7,17.6,109.2,55.6,13.1,14.1
2020/8/9,12.3,54.3,15.2,106.7,55.6,14.5,13.4
2020/8/10,12.3,55.0,15.2,105.4,55.6,14.1,13.4
2020/8/11,12.5,56.1,15.9,105.6,55.7,13.6,12.6
2020/8/12,12.9,56.8,17.3,105.2,56,13.7,12.8
2020/8/13,12.9,58.0,17.7,106.3,56.4,14.2,13
2020/8/14,12.4,58.6,18.1,107.3,56.3,14.3,12.6
2020/8/15,12.8,59.6,18.7,108.9,55.6,13.9,12.8
2020/8/16,13,60.5,18.2,111.3,55.7,14.4,13
2020/8/17,13.3,61.0,18.2,112.8,54.8,13.9,12.9
2020/8/18,13.6,62.1,18,113.8,54.1,13.5,13.1
2020/8/19,13.9,63.5,17.7,115.5,54.3,13.5,14.1
2020/8/20,14.2,64.1,17.7,116.3,53.6,13.4,15
2020/8/21,14,64.1,17.3,116.4,53.8,13.4,15.4
2020/8/22,13.9,64.1,16.7,116.5,54.8,13.7,15.3
2020/8/23,14.2,65.5,16.3,116.3,54.1,13.6,15.1
2020/8/24,14.4,66.9,16,117.4,54.1,13.4,15.2
2020/8/25,14.7,67.9,15.9,118.7,53.8,13.3,15.2
2020/8/26,15,69.2,15.6,118.7,52.9,13.2,15.1
2020/8/27,15.6,70.6,15.4,118.3,52.2,13.1,14.9
2020/8/28,16.1,71.5,15.1,117.1,50.6,12.9,14.6
2020/8/29,16.9,72.8,15,116.3,49.2,12.6,14.7
2020/8/30,17,74.3,15.2,116.7,48.7,13.1,15.7
2020/8/31,17.2,75.6,15.1,116.4,47.8,13,15.8
2020/9/1,17.5,76.5,15,115.9,46.6,12.6,15.3
2020/9/2,16.6,74.4,13.6,112.5,47.9,12.6,16.7
2020/9/3,14.8,69.5,11.1,112.1,51.9,12.3,16.9
2020/9/4,14.8,68.5,11,113.9,51.6,12.8,17.1
2020/9/5,14.9,69.5,11,113.3,51.3,12.9,17.7
2020/9/6,15.3,69.7,10.7,112.6,50.8,13.3,17.9
2020/9/7,15.4,69.7,10.7,113.5,50.6,12.8,17.5
2020/9/8,15.2,69.4,10.6,113.7,50.5,12.9,17.9
2020/9/9,15.5,68.6,10.6,114.7,49.7,13.1,17.6
2020/9/10,15.5,68.1,10.5,116,49.9,13.4,17.8
2020/9/11,15.4,68.1,10.4,115.7,50.8,13.3,18.2
2020/9/12,15.7,68.1,10,115.5,50.1,12.9,17.5
2020/9/13,15.4,67.9,10.1,118.5,50.3,13.7,18.2
2020/9/14,14.6,67.6,10.6,119.4,52.5,14.1,18.3
2020/9/15,14.6,67.1,10.9,119.4,53.2,13.4,17.8
2020/9/16,14.8,66.7,10.7,118.7,53.6,13,17.6
2020/9/17,14.6,66.5,10.9,119.7,53.9,13.5,17.7
2020/9/18,14.7,66.7,10.8,120.1,53.7,13.2,17.4
2020/9/19,14.9,66.2,10.4,119.6,53.6,13,17.1
2020/9/20,15.1,66.1,10.3,119.6,53.2,13.3,17.4
2020/9/21,15.1,65.5,10.3,119.9,53.2,13.6,17.8
2020/9/22,14.7,65.3,10.2,119.6,53,13.1,17.6
2020/9/23,14.8,65.4,10.7,119.6,53.8,13.4,17.2
2020/9/24,15.1,66.1,10.9,119.7,54.1,13.3,16.8
2020/9/25,14.5,65.6,10.7,121,54.2,13.4,17.1
2020/9/26,14.4,65.6,10.7,120.9,54.9,13.7,17.8
2020/9/27,14.8,65.6,10.1,119.5,54.1,13.4,17.6
2020/9/28,14.5,65.3,10,120.9,54.1,13.4,17.6
2020/9/29,14.4,64.9,10.1,120.2,54.4,13.6,17.3
2020/9/30,14.7,65.2,10,120.6,54.4,13.4,17.2
2020/10/1,14.8,65.2,10,120.5,54.6,13.4,17.9
2020/10/2,14.5,65.1,9.9,121.5,55,13.7,17.7
2020/10/3,13.8,63.1,9.6,123.9,58.6,14.5,18.3
2020/10/4,13.6,63.0,9.8,120.9,62.6,14.5,18.7
2020/10/5,13.3,63.1,9.8,123.2,62.8,14.7,19.5
2020/10/6,13.2,63.2,9.8,127.1,62.8,14.9,20.2
2020/10/7,13,64.0,10.1,128.3,63.7,14.9,19.8
2020/10/8,13.3,63.7,9.9,123.9,63.5,14.9,19.8
2020/10/9,13.2,64.0,9.8,120.9,63.1,14.8,20.4
2020/10/10,13.5,63.9,9.7,120.6,64.3,14.8,19.2
2020/10/11,13.5,64.1,9.7,120.9,64.5,15.1,19.7
2020/10/12,13.3,64.3,9.8,120.9,64.6,15,19.5
2020/10/13,13.2,64.7,9.9,121.1,64.7,14.7,20
2020/10/14,13.4,64.2,9.8,120.9,64.8,14.7,19.6
2020/10/15,13.3,64.4,9.8,120.8,64.3,14.8,19.7
2020/10/16,13.2,64.4,9.9,121.1,64.7,14.7,20
2020/10/17,13.1,64.4,9.8,120.5,64.9,14.8,19.1
2020/10/18,13,64.4,9.8,120.4,65.3,14.9,19.1
2020/10/19,12.8,64.8,9.8,120.4,65.6,14.8,19
2020/10/20,12.9,64.8,9.6,120.3,65.7,14.8,18.8
2020/10/21,13.2,64.8,9.8,120.5,65.9,15.1,19.3
2020/10/22,13.3,64.8,9.5,120.2,65.7,15,19
2020/10/23,13.4,64.8,9.5,119.9,65.8,14.7,19.1
2020/10/24,13.5,64.5,9.2,119.5,65.6,14.6,18.5
2020/10/25,13.2,64.7,9.3,119.6,65.5,15,18.9
2020/10/26,13.4,64.8,9.3,119.2,65.2,15,18.9
2020/10/27,13.5,64.8,9,119.2,65.2,14.3,18.2
2020/10/28,13.4,64.7,9,119.1,64.9,14.5,18.6
2020/10/29,13.5,64.6,9.1,119.5,65,14.8,19.6
2020/10/30,13.4,64.8,9.5,119.6,65.7,14.7,19.8
2020/10/31,13.4,65.1,9,119.3,65.8,14.9,19.7
2020/11/1,13.2,64.9,9.2,119.5,65.6,15,19.8
2020/11/2,13.1,64.8,9.2,119.3,65.7,14.8,19.5
2020/11/3,13.1,65.2,9.2,119.5,66,14.7,19
2020/11/4,13.4,65.5,9.4,119.3,66,14.9,18.7
2020/11/5,13.5,65.8,9.4,118.7,66.1,14.7,18.8
2020/11/6,13.4,65.6,9.3,118.5,66.2,14.6,18.8
2020/11/7,13.7,65.5,8.9,117.4,66.1,14.2,17.9
2020/11/8,14,65.8,8.3,116.5,65.8,13.8,16.8
2020/11/9,14.5,65.4,8.1,116.2,65.6,13.6,16.6
2020/11/10,14.5,65.4,8.2,116,65.7,13.7,16.9
2020/11/11,14.8,65.1,8,116.5,66,13.4,16.8
2020/11/12,14.9,65.2,8.2,116.2,65.6,13.2,16.6
2020/11/13,14.9,65.1,8.5,114.5,65.7,13.3,17
2020/11/14,15.2,65.7,8.7,113.3,65.6,13.3,16.8
2020/11/15,15,66.1,8.6,112.6,65.1,12.9,16.6
2020/11/16,15,66.1,8.9,112.3,65,12.8,17
2020/11/17,15.2,66.1,9.1,112.7,66.1,12.5,17.7
2020/11/18,14.8,66.1,9.1,113.1,66,13.6,18
2020/11/19,14.1,65.8,9.2,114.5,66.2,14.5,18.1
2020/11/20,14.9,65.8,9.3,114.2,66.7,14.1,18
2020/11/21,15.2,65.7,9.4,115.2,67.2,13.7,18
2020/11/22,15,65.6,9.3,114.5,67.4,13.7,18.1
2020/11/23,13.4,65.6,9.8,115.1,67.6,13.9,18.2
2020/11/24,14.8,65.6,9.6,113.9,65.8,14.1,18.4
2020/11/25,13.7,65.6,9.6,113.3,65.6,13.7,18.8
2020/11/26,13.8,65.9,9.5,113.1,65.7,13.8,19
2020/11/27,14.8,65.8,9.6,112.9,66,13.7,18.1
2020/11/28,13.7,66.1,9.6,114.6,68.7,14,18.9
2020/11/29,14,66.1,9.5,119.5,,14.3,18.7
2020/11/30,14,66.1,9.6,120.1,68.5,14.1,18.6
2020/12/1,13.9,66.1,9.8,120.3,68.6,13.8,18.5
2020/12/2,14,66.1,9.2,120,70.5,13.2,17.4
2020/12/3,13.9,66.1,9.9,120.3,68.1,13.8,17.5
2020/12/4,14,66.1,9.5,120.2,70.1,13.6,17.7
2020/12/5,14.2,66.1,9.4,120.1,70.8,13.2,17.4
2020/12/6,13.9,66.1,9.3,120,70.8,13.5,17.5
2020/12/7,13.9,66.1,9.5,120.4,70.6,13.6,17.7
2020/12/8,14,66.1,9.2,120,70.5,13.2,17.4
2020/12/9,13.8,66.1,9.3,120.3,71,13.6,17.6
2020/12/10,13.8,66.1,9.4,120.1,70.9,13.5,17.5
2020/12/11,13.9,66.1,9.4,120.3,70.8,13.5,17.7
2020/12/12,14,66.1,9.4,120.2,71,13.4,17.4
2020/12/13,14,66.3,9.3,120.1,71.3,13.4,17.5
2020/12/14,14.2,67.0,9.4,120.8,71.7,13.1,17.7
2020/12/15,14.3,67.0,9.4,120.6,71.5,12.8,17.3
2020/12/16,14.4,66.3,9.4,120.4,71,12.9,17.2
2020/12/17,14.3,66.1,9.3,119.8,71.1,12.6,17
2020/12/18,14.2,66.2,9.4,119.7,71.7,12.4,17
2020/12/19,14.2,66.1,9.3,120,71.7,12.5,17.1
2020/12/20,14.1,66.6,9.5,120,71.9,12.5,16.7
2020/12/21,14.4,66.9,9.2,119.4,72.5,12.5,16.5
2020/12/22,14.3,67.0,9.4,119.5,72.6,12.5,16.5
2020/12/23,14.2,67.0,9.5,119.6,72.8,12.8,16.8
2020/12/24,14.3,67.0,9.5,119.5,72.4,12.8,16.7
2020/12/25,14.3,67.0,9.5,119.5,72.7,12.6,16.9
2020/12/26,14.1,67.0,9.8,119.7,72.8,12.8,17.1
2020/12/27,14.2,67.0,9.4,119.4,72.7,12.7,16.9
2020/12/28,14.2,67.0,8.9,119.2,72.6,12.6,16.9
2020/12/29,13.9,66.4,9,119.1,72.7,13.7,17
2020/12/30,14,67.0,9.2,119.6,73,14,16.9
2020/12/31,14.3,67.0,9.3,119.3,72.6,13.7,16.7
2021/1/1,14,67.0,9.4,119.3,72.8,13.6,16.9
2021/1/2,14,67.0,9.5,119.3,73,13.9,16.9
2021/1/3,14,67.0,9.6,119.1,72.9,13.9,16.8
2021/1/4,13.9,67.0,9.3,119.3,73.2,13.7,16.8
2021/1/5,14,67.0,8.8,119.3,73.2,13.8,16.8
2021/1/6,14.2,66.6,8.6,119.3,74.1,13.6,16.6
2021/1/7,14.2,67.0,8.8,119.5,74,13.4,16.8
2021/1/8,14.2,67.0,9.3,119.1,73.2,13.1,16.6
2021/1/9,14.1,67.0,9.4,118.6,74.1,12.9,16.3
2021/1/10,13.9,67.0,9.7,118.7,74.1,13.1,16.5
2021/1/11,14,67.0,9.4,118.3,74,13.1,16.3
2021/1/12,13.9,67.0,9.4,118.3,74.6,12.9,16.1
2021/1/13,14.2,67.0,9.5,118.2,75,12.8,16
2021/1/14,14.1,67.0,9.5,118.1,74.9,12.8,16
2021/1/15,14.1,67.0,9.7,117.8,75,12.7,16.1
2021/1/16,14.2,67.0,9.3,118.2,75.2,12.7,16.5
2021/1/17,14.2,67.0,9.3,117.3,75.1,12.6,16.7
2021/1/18,14.3,67.3,9.3,117.1,75,12.1,16
2021/1/19,14.5,67.3,9.2,117,75.1,12.3,16
2021/1/20,14.4,67.5,9.2,117.1,75,12.5,16.5
2021/1/21,14.1,67.5,9.3,117.6,75.6,12.5,16.7
2021/1/22,14.2,67.4,9.3,117.4,75.4,12.5,16.7
2021/1/23,14.4,67.2,9.2,116.9,75.5,12.3,16.5
2021/1/24,14.6,67.0,9.4,116.2,74.9,12.3,16.5
2021/1/25,14,67.1,9.5,116.6,75.7,13.1,16.7
2021/1/26,13.9,67.0,9.2,117.4,76.1,13.9,16.7
2021/1/27,14,67.0,8.9,117.6,75.7,14.1,16.7
2021/1/28,13.7,67.2,9.1,117.5,76.1,14.1,16.8
2021/1/29,14.2,67.3,8.8,116.8,75.9,13.5,16.2
2021/1/30,13.8,67.1,9.1,117.4,76,13.8,16.7
2021/1/31,13.8,67.5,9,117.3,76.2,14,16.9
2021/2/1,14,67.4,9.2,117,76.2,13.8,16.7
2021/2/2,14,67.5,8.8,116.9,76.2,13.6,16.4
2021/2/3,14.1,67.4,8.9,117.1,76.2,13.7,16.7
2021/2/4,14.1,67.3,9.1,117,76.1,13.7,16.9
2021/2/5,14,67.3,9.3,116.9,76,13.6,16.8
2021/2/6,13.9,67.9,9.2,116.7,76.3,13.6,16.5
2021/2/7,13.9,67.5,8.8,116.6,75.9,13.9,16.5
2021/2/8,14,68.2,8.7,116.9,76.1,13.8,16.4
2021/2/9,14.2,67.7,8.7,116.5,76.2,13.7,16.3
2021/2/10,14.4,67.5,8.6,115.9,76,13.8,16.1
2021/2/11,14.4,67.5,8.5,116,75.8,13.8,15.8
2021/2/12,14.2,67.8,8.7,116.2,75.9,13.8,16.2
2021/2/13,14,68.3,8.8,116.3,76,13.8,16.7
2021/2/14,14.3,68.3,8.9,116,76.2,13.7,16.5
2021/2/15,14.3,68.2,8.7,115.4,76.2,13.7,16.3
2021/2/16,14,68.4,9.3,115.4,76.2,13.7,16.4
2021/2/17,14.3,68.0,8.5,114.7,75.9,13.8,15.6
2021/2/18,14.3,67.8,8.5,114.7,75.9,13.8,15.6
2021/2/19,14.1,68.3,8.5,115.2,76.6,13.6,16.1
2021/2/20,14,68.3,8.8,115.2,76.8,13.7,15.7
2021/2/21,14.3,68.1,8.2,114.6,76.2,13.7,15.5
2021/2/22,14.4,68.2,8.2,114.5,76.1,13.6,15.6
2021/2/23,14.3,67.9,8.1,114.6,76.1,13.6,16
2021/2/24,14,67.1,9,117.3,76.7,13.7,17.5
2021/2/25,14.2,67.0,9.2,118.1,76.7,14.1,17.3
2021/2/26,14.1,66.4,9,118.1,76.8,14.6,17.7
2021/2/27,13.8,66.9,8.8,118.4,77.4,14.2,17
2021/2/28,13.8,67.0,9,118.5,77.2,15.2,17.5
2021/3/1,13.6,67.0,9,118.1,76.8,15,17.5
2021/3/2,13.8,67.0,9.2,118.4,76.8,14.7,17.4
2021/3/3,13.9,67.0,9,118.5,76.8,14.6,17
2021/3/4,13.8,67.0,8.8,118.4,77.4,14.2,17
2021/3/5,14,67.0,8.6,118.6,77.2,14.4,16.9
2021/3/6,13.6,67.0,9,119,77.6,14.9,17.6
2021/3/7,13.6,67.2,9,119.2,77.7,14.6,17.7
2021/3/8,13.7,67.1,9.1,119.1,77.6,14.6,17.3
2021/3/9,13.7,67.1,9,119.4,77.8,14.9,17.6
2021/3/10,13.7,67.0,8.9,119.1,77.6,14.8,17.2
2021/3/11,13.5,67.0,9,119.3,77.8,14.9,17.3
2021/3/12,13.9,67.0,8.7,118.8,77.4,14.4,16.9
2021/3/13,14,67.0,8.5,118.5,77.5,14.2,16.4
2021/3/14,13.8,67.0,8.2,118.8,78.2,14.5,16.9
2021/3/15,13.8,67.3,8.2,119,78,14.6,17.2
2021/3/16,13.7,67.2,8.4,119,77.7,14.6,16.8
2021/3/17,13.7,67.3,8.5,119.4,78,14.8,17.4
2021/3/18,13.8,66.5,8.3,119,78,14.3,17.2
2021/3/19,13.8,66.7,8.5,119.1,78.1,15.3,17.8
2021/3/20,13.5,66.2,8.7,120,78.5,15.4,18.1
2021/3/21,13.2,66.8,8.9,120,78.6,16,18.3
2021/3/22,13.4,66.8,8.4,120.2,78.1,15.3,17.4
2021/3/23,13.2,67.1,8.5,121.1,78.5,15.3,17.6
2021/3/24,13.5,67.0,8.3,120.7,78.8,15.3,17.7
2021/3/25,13.4,66.6,7.9,120.7,78.5,15.3,17.6
2021/3/26,13.3,66.6,8.1,121,78.8,15.7,18
2021/3/27,13.3,66.7,8.4,121.2,79,15.5,18
2021/3/28,13.1,66.9,8.1,120.7,78.7,15.5,18
2021/3/29,13.4,65.8,7.1,120.3,78.8,15.3,18
2021/3/30,12.9,65.8,7.8,127.1,82,16.2,19.2
2021/3/31,13.1,65.9,8.1,122.6,79.1,15.9,19.1
2021/4/1,13.1,65.8,8.1,123.1,79.1,16,19.4
2021/4/2,13,66.1,8.3,124.6,79.1,15.7,19.2
2021/4/3,13,66.4,8.5,125.7,79.8,15.5,19.1
2021/4/4,12.8,66.1,8.6,125.9,80.2,15.7,19.2
2021/4/5,12.4,66.5,8.8,126.3,81.1,16,19.9
2021/4/6,12.4,66.8,8.6,126.1,81,15.9,19.6
2021/4/7,12.4,66.7,8.6,125.9,81.2,16.2,19.7
2021/4/8,12.8,66.3,8,127.3,80.9,15.7,19.1
2021/4/9,12.6,66.4,7.7,127.8,81.2,15.9,19.4
2021/4/10,12.5,66.7,7.9,128.2,81.8,16.3,19.6
2021/4/11,12.3,66.7,8.1,128,81.8,16.3,19.8
2021/4/12,12.9,66.7,7.8,127.1,82,16.2,19.2
2021/4/13,12.5,66.8,7.9,127.9,81.9,16.5,19.3
2021/4/14,12.5,66.8,7.9,127.9,81.8,16.5,19.2
2021/4/15,12.9,66.8,7.8,127.4,81.8,15.9,19.3
2021/4/16,13.1,67.1,7.7,127.2,82.1,15.8,18.6
2021/4/17,13,67.2,7.7,127,82.1,16.2,19
2021/4/18,12.9,67.1,7.8,127.1,82,16.2,19.2
2021/4/19,13,66.5,7.6,126.9,81.8,16.3,19.4
2021/4/20,12.7,66.6,7.9,127,82.2,16.7,19.4
2021/4/21,12.6,66.6,7.5,127,82.5,16.8,19.2
2021/4/22,12.8,67.2,7.6,127.2,82.2,16.2,19.2
2021/4/23,12.7,67.4,7.5,126.9,82.7,15.9,19
2021/4/24,12.8,67.0,7.7,127.2,82.7,16.3,19.6
2021/4/25,12.4,66.9,7.4,128.6,82.3,16.3,19.8
2021/4/26,12.5,67.4,7.7,129.8,83.2,15.9,19.1
2021/4/27,12.4,67.8,7.8,129,82.8,15.8,18.8
2021/4/28,12.3,67.7,8.1,129.2,82.8,15.8,18.4
2021/4/29,12.1,67.9,8.3,129.1,82.9,16.1,18.8
2021/4/30,12.3,68.2,8.3,128.6,82.9,16,18.7
2021/5/1,12.6,67.7,7.9,127.7,82.6,15.8,18.2
2021/5/2,13.1,67.5,7.8,126.5,82.6,15.6,18
2021/5/3,13.3,67.2,7.9,126.4,82.1,15.5,18
2021/5/4,12.7,67.7,8,128.5,82.5,15.6,18.6
2021/5/5,12.7,67.3,7.5,128.7,82.4,15.2,18.6
2021/5/6,12.8,67.8,7.9,128.6,82.9,15.8,18.6
2021/5/7,12.3,67.6,8.1,128.3,82.8,15.9,19
2021/5/8,12.3,67.4,8.1,128,83.2,15.8,19.1
2021/5/9,12.3,67.7,7.9,127.1,83.1,15.9,18.7
2021/5/10,12.8,67.1,7.7,126.4,82.7,15.7,18.2
2021/5/11,12.9,67.0,7.9,126.6,82.6,15.3,18
2021/5/12,12.8,67.1,7.6,126.6,82.3,15.7,18
2021/5/13,12.6,67.1,7.7,127.1,82.6,16.3,18.6
2021/5/14,12.7,67.2,7.4,126.8,82.1,15.6,18.6
2021/5/15,12.4,67.6,7.9,128,83.4,16.5,18.6
2021/5/16,12,68.3,8.2,130.4,84.1,15.9,19
2021/5/17,11.9,68.8,7.8,131.6,84.5,16.3,19.1
2021/5/18,12,68.7,7.6,131.8,84.2,16.3,19.3
2021/5/19,12.3,69.0,7.5,131.3,84.4,16,19.6
2021/5/20,12.5,68.9,7.7,130.8,84,15.3,19.5
2021/5/21,12.6,68.8,7.7,130.2,84,15.3,19.4
2021/5/22,12.2,69.0,7.9,130.2,84.3,15.5,19.3
2021/5/23,12,69.1,8.5,129.6,84.2,15.9,19.4
2021/5/24,12.3,68.5,7.9,129.2,84,16.3,19.6
2021/5/25,12.3,68.3,7.3,128.8,84,16.4,19.6
2021/5/26,12,68.9,8.3,129.2,84.6,16,19.7
2021/5/27,11.9,69.5,8.3,130,84.9,15.9,19.6
2021/5/28,12.2,69.2,8.3,129.6,84.6,15.7,19.4
2021/5/29,12.6,69.5,8.5,128.2,84.4,16.2,19.3
2021/5/30,12.4,69.6,8.2,127.9,84,15.5,18.8
2021/5/31,12.7,69.7,7.9,127.5,84,15.7,18.8
2021/6/1,12.6,69.8,7.8,127.3,84.1,15.7,19.2
2021/6/2,12.8,69.6,8.5,127.1,84.1,15.9,19.1
2021/6/3,12.6,69.5,8.5,127.2,84.4,16.2,19.3
2021/6/4,12.3,69.9,8.4,127.4,84.6,16.4,19.3
2021/6/5,12.2,70.3,8.3,126.9,84.7,15.8,18.7
2021/6/6,12.8,70.0,8.1,125.6,83.7,15.3,18.5
2021/6/7,13.1,70.1,7.8,125.3,83.6,15.5,18.5
2021/6/8,13.4,69.9,7.5,124.8,83.4,15.6,18.3
2021/6/9,13.4,70.4,7.5,124.4,83.3,15.8,19.1
2021/6/10,13.1,70.2,7.6,124.5,83.8,16.1,20
2021/6/11,12.7,70.1,8,124.5,83.7,15.9,18.7
2021/6/12,12.7,69.5,7.8,124,83.2,16,18.6
2021/6/13,12.9,69.1,7.4,123.8,83.3,16,19.1
2021/6/14,12.6,69.8,7.5,123.9,83.7,15.8,18.7
2021/6/15,12.8,70.4,8,124,83.8,15.1,17.9
2021/6/16,13.1,70.7,7.7,123.6,83.2,15.2,17.3
2021/6/17,13.6,70.9,7.1,123.4,82.3,14.7,17
2021/6/18,13.8,69.9,7.4,123.1,82,15.1,17.5
2021/6/19,12.8,69.9,7.7,124.1,83.2,15.3,18.3
2021/6/20,12.7,70.0,7.9,127.8,83.6,15.2,18.5
2021/6/21,12.6,69.5,7.9,130.1,83.8,14.8,18.7
2021/6/22,12.5,70.3,7.8,131.6,84,15.9,19.2
2021/6/23,13,69.8,8,131.7,83.7,15.1,18.3
2021/6/24,13.2,70.5,8,131.6,83.5,14.4,18.3
2021/6/25,13.3,70.6,7.3,130.9,83.4,15.1,18.5
2021/6/26,13.3,70.4,7.3,130.9,83.4,15.2,18.6
2021/6/27,13.7,70.3,6.9,130.4,83.1,15.3,18.6
2021/6/28,13.7,70.5,7.5,130.8,83.3,15.2,19
2021/6/29,14,70.2,7.4,130.1,82.8,14.6,18.1
2021/6/30,14.6,70.7,7.5,129.2,82.4,14.6,17.8
2021/7/1,14.9,71.5,7.7,129.3,82.8,14.1,18.3
2021/7/2,14.9,71.1,7.9,128.9,82.5,14.3,18.6
2021/7/3,14.2,71.4,8,128.8,82.7,14.9,18
2021/7/4,13.9,71.5,7.7,129.2,83.1,15.4,18
2021/7/5,13.5,71.8,8.3,129.5,83.4,15.6,18.3
2021/7/6,13,71.4,7.9,130.4,83.6,15.8,18.9
2021/7/7,12.6,71.5,8.1,134.4,84.5,16,19.6
2021/7/8,12.3,73.0,7.9,138.1,85.1,16.1,20.3
2021/7/9,12.3,73.2,8.2,138.9,85.1,16.4,20.6
2021/7/10,12.6,73.0,7.8,138.3,84.8,16.4,20.3
2021/7/11,12.8,72.7,7.5,138,84.8,16.6,20.3
2021/7/12,12,73.2,7.9,138.5,85.7,17.2,20.7
2021/7/13,12.5,73.2,7.6,138.3,85,15.7,20.1
2021/7/14,13.2,73.5,7.7,137.9,84.5,14.8,18.8
2021/7/15,13.8,73.4,7.8,137.1,84,14.5,18.4
2021/7/16,13.7,73.4,7.8,136.4,84.3,15.3,19.3
2021/7/17,13.8,73.9,7.8,135.7,83.8,15.4,19.2
2021/7/18,13.7,74.3,8,134.6,83.8,15.1,18.5
2021/7/19,14.4,74.9,7.8,134.2,83.4,14.9,19.1
2021/7/20,14.3,75.2,7.9,134.7,83.7,15.2,19.4
2021/7/21,13.5,75.2,7.6,133.3,83.6,15.9,19.1
2021/7/22,13.4,75.0,7.9,134.2,83.3,15.7,19.5
2021/7/23,13.7,75.5,8,134.1,83.5,15.7,18.8
2021/7/24,13.8,75.3,7.7,133.4,83.6,15.7,19.1
2021/7/25,13.8,75.5,7.8,133.2,83.3,16,19
2021/7/26,14.2,76.0,8.1,132.7,83.3,15.6,18.4
2021/7/27,14.7,75.9,7.7,131.9,82.8,15.1,18
2021/7/28,15.2,76.0,7.6,131.1,82.2,14.6,17.3
2021/7/29,15.7,76.1,7.7,130.9,81.2,14.5,17.1
2021/7/30,15.9,76.4,8,130.7,81.2,14.7,17.1
2021/7/31,16.5,76.3,8.1,130.8,80.4,14.1,17
2021/8/1,16.7,76.2,8.1,130,80,15.1,16.8
2021/8/2,17.4,75.7,7.5,130.2,79.9,14.1,16.4
2021/8/3,17.6,75.9,7.5,131.1,79.9,14.4,16.8
2021/8/4,17.4,76.7,7,132,80.2,14.9,17.2
2021/8/5,17.7,76.4,7.2,132.3,80,14.9,17
2021/8/6,18.2,76.3,6.9,132.6,79.3,15,17.5
2021/8/7,18,76.5,6.6,132.5,79.6,15.3,17.7
2021/8/8,17.7,76.6,7.1,133.3,79.8,16.5,18.1
2021/8/9,17.5,76.2,6.7,133.8,80.1,16.7,18.3
2021/8/10,15.7,76.6,7.1,139.4,81.1,16.2,19.5
2021/8/11,15.2,76.3,7.7,143.2,82.5,16,19.6
2021/8/12,15.2,76.2,7.9,145.4,83.2,15.5,19.7
2021/8/13,15.1,76.1,7.9,146.8,83.6,15.6,19.9
2021/8/14,14.9,76.6,8.1,148.1,84.2,15.4,20.1
2021/8/15,15.3,76.7,7.8,147.9,83.6,15.1,19.8
2021/8/16,15.5,76.2,7.4,148,83.2,15.4,20
2021/8/17,15.5,76.3,7.8,148,83.2,15.4,19.4
2021/8/18,15.5,76.3,7.7,147.2,83,15.2,19.4
2021/8/19,15.6,76.0,7.1,146.2,82.2,15,19.5
2021/8/20,15.3,75.8,6.8,146.5,82.1,16,19.4
2021/8/21,14.9,76.5,7.4,146.5,82.9,16.1,20
2021/8/22,15.2,76.3,7.3,145.6,82.5,16.4,20.4
2021/8/23,15.1,76.1,7.5,146.2,82.4,16.1,19.5
2021/8/24,14.5,76.4,7.5,146.7,83.1,16.6,20
2021/8/25,14.6,76.3,7.4,146.5,82.8,16.4,19.6
2021/8/26,14.6,76.3,7.6,149,83.7,16.8,20.6
2021/8/27,14.5,76.3,7.6,152.3,84.2,16.3,20.9
2021/8/28,15.6,75.2,5.4,152.1,83.6,15.2,20.1
2021/8/29,15.6,75.4,5.4,153.5,84.2,15.3,19.9
2021/8/30,15.8,75.4,5.3,152.8,84.1,15.2,19.8
2021/8/31,16.1,75.4,5.1,151.6,83.4,14.6,18.8
2021/9/1,16.1,75.7,5.4,151.6,83.4,15.1,19.1
2021/9/2,15.9,75.6,5.1,150.8,83.3,15.6,19.6
2021/9/3,16.2,74.9,4.5,150.2,83.5,15.9,19.7
2021/9/4,16,75.5,4.8,149.9,83.1,15.6,19.5
2021/9/5,16.6,75.2,4.5,149.5,83,15.6,19.9
2021/9/6,16.3,75.1,4.6,151.3,83.1,16,20.2
2021/9/7,15.5,75.7,4.5,154.6,84.3,16.8,20.8
2021/9/8,15.4,76.0,4.5,154,84.3,16.2,20.2
2021/9/9,15.6,76.0,4.6,153.8,84.2,16,19.2
2021/9/10,16.2,76.0,4.8,153.8,83.5,15.6,19.1
2021/9/11,16.6,75.6,4.2,153.3,82.7,15,18.8
2021/9/12,16.5,75.5,4.3,153.1,82.5,15.5,19.2
2021/9/13,16.6,75.8,4.3,153,82.4,15.5,19.2
2021/9/14,16.5,76.0,3.9,153,82.7,15.7,20.3
2021/9/15,16.6,75.3,3.7,152.7,82.5,16.2,20.7
2021/9/16,17.3,75.1,4.6,151.6,82.1,14.8,18.8
2021/9/17,17.6,74.3,4,151.1,81.7,15.1,19.2
2021/9/18,16.8,75.3,4.1,151.5,83.1,16.5,20.1
2021/9/19,16.2,75.9,4.5,,83.9,17,20.1
2021/9/20,15.6,76.4,4.9,149.2,84.5,16.6,20.1
2021/9/21,16.2,76.0,4.2,145.6,83.8,16.4,20
2021/9/22,16.4,76.0,3.8,143.7,83.5,16.2,19.6
2021/9/23,16.3,76.3,4,143.9,83.9,16.4,19.7
2021/9/24,16.7,75.6,4.2,143.6,83.1,16,19.7
2021/9/25,16.9,75.8,4.2,143.1,83,15.5,19.4
2021/9/26,17.6,75.4,3.9,142,82.3,15.7,19
2021/9/27,17.7,75.1,3.6,141.3,81.9,15.6,18.7
2021/9/28,17.4,75.6,3.6,141.6,82.6,16,19.6
2021/9/29,17.5,75.8,4.7,141.2,82.3,15.3,19.1
2021/9/30,18.1,75.3,3.9,140.1,81.9,14.9,18.9
2021/10/1,18,75.1,3.6,140,81.9,15.1,18.7
2021/10/2,17.7,75.6,3.9,140.1,82.1,15.5,18.5
2021/10/3,18,76.0,3.6,139.6,83,16,19.8
2021/10/4,18,76.2,4.2,139.7,83.7,15.6,20
2021/10/5,18.4,74.6,4,138.7,83.2,15.2,19.7
2021/10/6,18.8,75.0,4.4,137.1,82.3,14.8,19.3
2021/10/7,18.8,75.7,4.6,136.7,82.4,14.8,19.3
2021/10/8,18.4,76.2,4.4,136.6,83.3,15.6,19.2
2021/10/9,18.9,76.3,4.5,135.9,83,15.2,18.7
2021/10/10,19.1,75.8,4.2,135.9,83.2,15.3,18.4
2021/10/11,19.1,75.1,4.2,135.8,82.6,15.4,18.5
2021/10/12,18.9,75.4,4.4,135.8,82.8,15.8,18.9
2021/10/13,19.2,75.9,4.8,135.4,82.7,15.2,18.8
2021/10/14,18.9,76.4,5.1,135.8,83.3,16.1,18.7
2021/10/15,19,76.1,5,135.8,83.3,17.4,18.7
2021/10/16,18.5,76.5,4.7,136.8,83.6,17.3,19
2021/10/17,18.2,75.6,3.9,136.8,83.2,17.4,19.4
2021/10/18,17.7,76.4,4.6,137.3,83.7,17.4,18.7
2021/10/19,17.5,76.6,4.5,137.3,83.7,17.4,18.5
2021/10/20,17.3,76.0,4.3,137.4,83.5,17.9,19.3
2021/10/21,17.4,76.5,4.6,137.4,83.4,17.5,18.7
2021/10/22,17.5,76.3,4.7,137.4,83.6,17.4,18.7
2021/10/23,17.8,76.8,4.6,136.8,83.4,17.2,18.1
2021/10/24,18.3,76.8,4.1,136.9,83.3,16.9,17.8
2021/10/25,18.4,76.6,4.3,137.2,83.3,16.9,18.3
2021/10/26,18,76.5,4.4,137.5,83.4,17.7,18.4
2021/10/27,18.1,76.2,4.3,137.5,83.3,17.8,18.3
2021/10/28,18.3,76.3,4.9,137,82.9,17,17.7
2021/10/29,17.9,76.5,5.2,137.4,83.5,16.9,18.2
2021/10/30,18,76.5,4.7,136.9,82.9,16.4,17.9
2021/10/31,18,76.9,4.9,137.3,83.6,16.8,18.1
2021/11/1,18,76.9,5.3,137.7,83.8,16.8,18.4
2021/11/2,18.3,76.7,4.8,136.7,83.7,16.8,18.3
2021/11/3,18.2,76.8,4.9,136.5,83.5,16.6,17.7
2021/11/4,18,76.8,5.1,136.5,83.7,16.7,17.9
2021/11/5,18.1,76.8,5.3,136,83.6,16.3,17.5
2021/11/6,18.2,77.4,5.4,136.8,83.8,16,17.3
2021/11/7,18.1,77.1,5.3,136.8,83.9,16.3,17.2
2021/11/8,17.8,77.2,5.5,138.1,84,16.2,17.5
2021/11/9,17.6,84.3,5.3,137.7,84.1,16.1,17.5
2021/11/10,17.3,84.6,5.5,138.3,84.1,16.5,17.9
2021/11/11,17.2,84.7,5.5,138.7,84.9,16.8,18.2
2021/11/12,17,84.6,5.4,139.3,85,17.3,18.8
2021/11/13,17.2,84.9,5.4,138.5,85.4,16.5,17.8
2021/11/14,17.4,85.0,5.5,138.2,84.8,16.4,17.4
2021/11/15,17.2,85.2,6,138.3,84.6,16.3,17.4
2021/11/16,16.9,84.9,5.9,138.8,84.5,16.6,18
2021/11/17,17.1,85.6,6.6,138.7,85.3,16.2,17.6
2021/11/18,18.4,90.9,14,139.8,87.2,11.3,14.1
2021/11/19,19,92.0,15.1,139.7,87.5,10.2,13
2021/11/20,18.9,92.1,15.4,140.4,87.9,10.4,13.5
2021/11/21,18.7,92.4,15.7,141.3,88.4,10.7,14
2021/11/22,18.9,92.1,15.7,141.5,88.2,10.5,13.6
2021/11/23,19,92.8,16.1,142.6,88.6,10.4,13.7
2021/11/24,19.3,92.8,16.4,142.9,88.6,10.2,13.7
2021/11/25,19.5,92.7,16.3,143.4,88.9,10.3,13.9
2021/11/26,19.3,92.7,16.1,143.7,88.9,10.2,13.9
2021/11/27,19.5,92.7,16.1,143.6,88.6,10.1,13.6
2021/11/28,19.7,92.9,16.3,144.1,89.1,10.3,14.2
2021/11/29,19.7,92.9,16.3,144.1,89.1,10.3,14.2
2021/11/30,19.2,92.9,16.8,144.5,89.3,10.6,14.3
2021/12/1,19.6,92.7,16.9,144.3,89,10.2,13.8
2021/12/2,19.8,93.2,17.1,144.7,89.5,10,13.4
2021/12/3,19.5,93.1,16.9,144.7,89.8,10.2,13.8
2021/12/4,19.8,93.2,17.4,144.4,90,10.2,13.8
2021/12/5,19.8,93.3,17.4,144.4,90.2,10,13.7
2021/12/6,20.1,93.3,17.4,144.3,90.4,9.8,13.5
2021/12/7,19.9,93.4,17.5,144.8,90.5,9.9,13.6
2021/12/8,20,93.4,17.4,145.1,90.9,10.1,14.1
2021/12/9,19.7,93.7,17.8,146,91.5,10.3,14.6
2021/12/10,19.9,93.4,18,145.1,91.1,10,14.1
2021/12/11,19.3,93.0,17.7,145.8,91.1,10.4,14.6
2021/12/12,19.4,93.2,17.6,145.9,91.6,10.6,14.3
2021/12/13,19.5,93.6,17.8,145.9,91.6,10.7,14.1
2021/12/14,19.5,93.9,17.9,146.1,92.1,10.7,14.6
2021/12/15,19.3,93.8,17.9,145.9,92.2,10.8,14.4
2021/12/16,19.4,93.7,18.1,146.2,92.5,10.8,14.4
2021/12/17,19.8,93.5,18.1,146,92.3,10.6,14.1
2021/12/18,19.8,93.8,18.1,145.9,92.5,10.7,14.4
2021/12/19,19.2,93.9,18,146.2,92.6,10.9,14.7
2021/12/20,19.1,94.1,18.1,146.4,93,11.1,14.6
2021/12/21,19.1,94.0,18.1,145.6,92.9,10.6,14.3
2021/12/22,19.4,93.8,18.1,145.3,92.8,10.4,13.8
2021/12/23,19.4,93.8,18.2,145.5,93,10.3,14
2021/12/24,19,94.0,18.1,146,93,10.9,14.7
2021/12/25,19.1,93.8,18.1,145.8,93.2,11.1,14.9
2021/12/26,18.8,94.5,18.1,145.9,93.8,11.3,14.9
2021/12/27,18.9,94.7,18.2,145.8,93.4,11,14.5
2021/12/28,18.8,94.7,18.1,146,93.6,11,14.4
2021/12/29,18.9,94.8,18.1,145.8,93.6,10.9,14.2
2021/12/30,18.8,94.8,18.2,145.7,93.9,10.9,14.2
2021/12/31,19.3,94.6,18.1,145.2,93.4,10.8,13.7
2022/1/1,19.1,94.7,18,145.4,93.5,11,14.2
2022/1/2,18.9,94.9,18.1,145.8,93.9,11.1,14.4
2022/1/3,18.9,94.7,18,145.6,93.6,10.8,14
2022/1/4,18.8,95.0,18.2,145.9,94,10.9,14.5
2022/1/5,18.9,94.8,18.1,145.8,94,10.8,14.5
2022/1/6,18.9,94.7,18.1,145.6,93.8,10.7,14.2
2022/1/7,18.8,94.8,18.2,145.2,93.8,10.7,14.1
2022/1/8,18.8,94.9,18.1,145.7,94,11,14.2
2022/1/9,18.9,94.9,18.2,145.3,93.8,11,14
2022/1/10,18.8,94.8,18,,93.9,11,14.3
2022/1/11,18.9,94.8,18,145.1,93.7,10.8,13.7
2022/1/12,19,95.0,17.9,145.2,93.6,10.7,13.4
2022/1/13,19.1,95.0,18,145.1,93.7,10.6,13.5
2022/1/14,19,95.1,18.2,145.5,94,11,14.2
2022/1/15,19,95.1,18.1,145.4,94,11.3,14.1
2022/1/16,19.1,95.3,18.2,145.4,94,11.3,13.8
2022/1/17,18.9,95.3,18.3,144.9,93.9,10.9,13.8
2022/1/18,19.2,95.6,18.3,144.9,94,10.5,13.4
2022/1/19,19.1,95.3,18.1,144.6,93.5,10.5,13
2022/1/20,19,95.4,18.1,144.9,93.9,10.8,13.7
2022/1/21,18.8,95.2,18,145.2,94,11.4,14.1
2022/1/22,18.5,96.0,17.8,145.4,94.2,12,14.2
2022/1/23,18.7,96.1,17.9,145.2,94.1,11.8,14.2
2022/1/24,18.7,96.2,17.9,145.3,93.9,11.6,14
2022/1/25,18.7,96.5,18,145.3,94.2,11.8,14.1
2022/1/26,18.6,96.3,17.8,145.1,94,12,14
2022/1/27,18.7,96.4,17.9,145.3,94,11.9,14
2022/1/28,18.8,96.6,18,145.6,94.1,11.9,14.2
2022/1/29,19.1,96.3,18,145.6,94,11.8,13.9
2022/1/30,19.2,96.4,17.9,146.1,94,11.9,14.1
2022/1/31,19.3,96.5,17.9,146.2,94,11.8,14.1
2022/2/1,19.5,96.4,18,146,94.1,11.6,14
2022/2/2,19.4,96.4,18.1,145.9,94.2,11.4,14
2022/2/3,19.4,96.5,17.9,145.5,94.2,11.5,13.9
2022/2/4,19.3,96.9,17.9,145.5,94.1,11.4,13.5
2022/2/5,19.2,96.9,17.9,145.5,94.3,11.4,13.8
2022/2/6,19.2,97.0,18.2,145.7,94.4,11.5,14.5
2022/2/7,19.1,96.6,17.8,145.7,94.3,11.9,14.3
2022/2/8,19.1,96.9,17.9,145.5,94.3,11.8,13.9
2022/2/9,19.1,97.2,17.8,145.6,94.5,11.9,14.2
2022/2/10,18.7,97.4,17.8,145.8,94.6,12,14.3
2022/2/11,18.7,97.4,18,145.9,94.6,12,14.4
2022/2/12,18.9,97.2,17.9,145.5,94.2,11.7,14
2022/2/13,19.2,97.3,17.9,145.4,94.1,11.6,14.2
2022/2/14,19.4,97.5,18,145.3,94.2,11.4,13.9
2022/2/15,19.3,97.5,18.2,145.2,94.4,11.2,13.9
2022/2/16,19.5,97.4,18.6,144.9,94.2,11.3,14.2
2022/2/17,19.3,97.1,18.5,145,94.4,11.3,14.5
2022/2/18,19.3,97.4,18.7,145.2,94.5,11.2,14.4
2022/2/19,19.3,97.3,18.7,144.9,94.6,11,14.3
2022/2/20,19.3,97.3,18.5,144.6,94.6,10.8,14
2022/2/21,19.4,97.4,18.8,144.5,94.4,10.5,13.7
2022/2/22,19.3,97.3,18.7,144.6,94.3,10.7,13.8
2022/2/23,19.3,97.2,18.8,144.7,94.5,10.7,14
2022/2/24,19.4,97.0,18.8,144.4,94.4,10.6,13.7
2022/2/25,19.5,96.8,18.8,144.2,94.2,10.5,13.4
2022/2/26,19.6,96.7,18.8,144,94.2,10.5,13.4
2022/2/27,19.3,97.3,18.7,144.6,94.3,10.7,13.8
2022/2/28,19.3,96.8,18.9,144.5,94.5,10.9,14.3
2022/3/1,19.4,96.7,19.2,144.3,94.3,10.9,14.4
2022/3/2,19.5,96.6,19,143.8,94.2,10.5,14
2022/3/3,19.6,96.5,19.1,144.2,94.5,10.5,14.1
2022/3/4,19.5,96.6,19.2,144.5,94.8,10.9,14.6
2022/3/5,19.7,96.2,19.4,144.6,94.5,10.4,14
2022/3/6,19.4,96.4,19.1,145.3,95,11.1,14.6
2022/3/7,19.3,96.7,18.5,144.8,94.7,11.1,13.9
2022/3/8,19.1,96.9,18.3,144.5,94.8,11.2,13.5
2022/3/9,19.1,96.9,18.4,144.8,95.1,11.1,13.5
2022/3/10,19.2,96.7,18.5,145.1,95.3,11.2,13.7
2022/3/11,19.3,96.5,18.4,144.4,95.1,10.8,13.4
2022/3/12,19.5,96.2,18.4,144.1,95,10.8,13.3
2022/3/13,19.8,95.9,18.4,143.9,95.1,10.8,13.1
2022/3/14,19.9,95.8,18.6,143.8,94.7,10.5,12.9
2022/3/15,20.1,95.6,18.8,143.2,94.6,9.9,12.5
2022/3/16,19.8,95.5,18.6,143.7,95,10.3,13.2
2022/3/17,19.4,95.2,18.4,143.9,95,10.7,13.5
2022/3/18,19.5,95.0,18.4,144.8,95.5,10.9,13.4
2022/3/19,19.2,95.1,18.2,145.7,96,11.3,14
2022/3/20,19.2,94.6,17.9,145.7,95.7,11.4,14.4
2022/3/21,18.9,96.1,17.3,146.5,95.3,12.2,14.5
2022/3/22,19.3,97.2,17.7,149.3,95.9,12,15.3
2022/3/23,19.5,97.2,17.4,149.5,95.9,11.9,15.4
2022/3/24,19.3,97.5,17.5,149.4,96,11.8,15.1
2022/3/25,19.1,97.4,17.6,149.6,96.3,11.7,15.7
2022/3/26,19.1,96.9,17.3,149.5,96.1,11.8,15.7
2022/3/27,19.1,96.7,17.2,149.2,95.6,11.6,15.1
2022/3/28,19.5,96.8,16.9,148.8,95.6,11.4,14.6
2022/3/29,19.1,96.8,16.7,149.1,96,11.8,15.2
2022/3/30,18.8,97.1,16.8,149.8,97,12.2,16.5
2022/3/31,18.5,96.6,16.4,149.6,96.9,12.3,17.1
2022/4/1,18.6,96.5,16.4,149.9,96.5,11.9,15.9
2022/4/2,18.6,96.8,16.5,150.4,96.9,11.8,15.6
2022/4/3,19,96.1,15.8,149.6,96.2,11.7,14.9
2022/4/4,18.7,96.0,15.5,149.3,96.2,11.5,15.3
2022/4/5,18.4,96.0,15.7,149.6,96.3,11.7,15.7
2022/4/6,18.5,96.2,15.5,149.9,96.8,12,15.7
2022/4/7,18.5,96.3,15.3,149.6,96.7,12,15.6
2022/4/8,18.4,95.8,14.8,148.5,96.1,11.4,15.3
2022/4/9,18.6,95.1,13.9,148.6,96.3,11.2,15.7
2022/4/10,18.8,94.3,13.6,148.2,96,10.7,15.6
2022/4/11,19,94.3,14,147.8,95.9,10.3,15.6
2022/4/12,18.9,94.1,14.7,148.3,96.4,10.5,16.2
2022/4/13,17.8,95.5,15.3,151,97.1,12.3,16.9
2022/4/14,18.2,95.7,14.6,151.4,97.2,12.1,16.4
2022/4/15,18.1,94.8,14.6,151.5,97.1,11.8,16.6
2022/4/16,18.2,94.4,14.4,151.4,96.6,11.9,16.2
2022/4/17,17.9,95.2,14.1,152.6,98.1,12.4,17
2022/4/18,17.7,95.6,13.9,152.9,98.5,12.8,17.4
2022/4/19,17.3,95.7,13.6,153.2,99,13.2,17.5
2022/4/20,17.8,96.0,14.3,153,99.5,12.8,17.1
2022/4/21,17.4,96.2,14.3,153.2,99.7,12.6,17.3
2022/4/22,17.7,96.5,14.1,152.5,99.5,11.8,16.4
2022/4/23,18.6,96.6,14.2,152.5,100,11.5,16.8
2022/4/24,18.7,96.3,14,151.5,99.2,10.7,16
2022/4/25,17.3,96.6,15.2,152.3,99.9,11.6,16.8
2022/4/26,17.5,96.5,14.7,153,99.5,12,16.2
2022/4/27,18.3,96.1,14.3,152.5,98.9,11.6,15.8
2022/4/28,18.5,95.8,14.3,152.8,99.2,12.1,17
2022/4/29,18.2,95.7,14.1,153.4,99.1,12.1,16.8
2022/4/30,18.1,95.9,14,153.8,100,12.1,16.7
2022/5/1,18.2,96.7,14.3,154,100.1,12.2,16.6
2022/5/2,18.2,96.9,14.3,154.4,100.8,13.1,17.4
2022/5/3,17.8,97.3,14.4,154.3,101.3,13.3,17.6
2022/5/4,17.6,97.1,13.7,151.2,101,12.8,17.6
2022/5/5,18.4,97.3,13.8,150.4,100.4,12.7,16.9
2022/5/6,18.9,97.6,14,150.5,100.9,11.7,16.6
2022/5/7,19.2,97.9,14.6,150.6,100.8,11.4,17
2022/5/8,19.6,97.5,14.3,154,100.8,10.9,16.4
2022/5/9,19.4,97.1,14.3,151.9,100.6,11.4,16.4
2022/5/10,18.4,96.5,13.5,151.8,100.8,12.1,16.6
2022/5/11,18.6,96.7,13.3,151.8,101,12.2,16.8
2022/5/12,18.3,97.0,13.3,152,101.5,12.2,17.5
2022/5/13,18.4,96.9,13.3,151.4,101,12.1,16.4
2022/5/14,18.3,96.6,13.7,151.5,101,12.1,16.6
2022/5/15,18.3,97.2,13.7,151.2,101.2,11.8,16.6
2022/5/16,18.2,97.1,13.6,150.4,101.1,11.6,16.1
2022/5/17,18.4,97.2,13.7,150.5,101.1,11.7,15.5
2022/5/18,18.4,97.1,13.8,150.6,101.3,12.2,16.2
2022/5/19,17.9,96.5,13.2,151.1,101.6,12.8,17.2
2022/5/20,18.2,96.9,13.1,150.9,101.4,12.3,16.6
2022/5/21,18.1,96.8,13.4,150.4,101.3,11.7,15.7
2022/5/22,18.2,96.8,14,150.3,101,11.5,15.7
2022/5/23,18.6,96.6,13.9,149.5,100.5,11.1,15.1
2022/5/24,18.9,96.9,14,149.3,100.5,10.7,15.2
2022/5/25,18.7,96.4,13.7,149.4,101,11.4,15.9
2022/5/26,18.3,96.2,13.8,149.9,101.2,12.2,16.3
2022/5/27,18,96.5,14.2,150.2,101.6,12.3,16.1
2022/5/28,17.9,96.7,13.8,150,101.8,11.6,16.2
2022/5/29,17.6,96.9,14.4,150.2,102.3,12.1,16.3
2022/5/30,18.2,97.3,14.5,149.6,101.5,11.8,15.6
2022/5/31,18.4,97.2,14.4,149.6,102.1,11.7,15.8
2022/6/1,18.4,97.2,14.3,149.7,102.3,11.8,16.4
2022/6/2,18.5,97.6,14.7,150.1,102.5,12,16.5
2022/6/3,18.7,97.5,14.8,149.3,102,11.4,16
2022/6/4,19.4,97.5,15.3,148.7,101.7,11,15.7
2022/6/5,19.3,96.7,14.9,147.4,100.9,10.9,15.5
2022/6/6,19.1,96.5,14.3,147,100.4,11.7,15.7
2022/6/7,19.7,97.0,14.8,146.3,100.3,10.3,14.5
2022/6/8,19.9,96.8,14.7,146,100.3,10.4,15.1
2022/6/9,19.3,96.7,14.6,146.4,101.2,10.9,16.6
2022/6/10,19.7,96.2,14.7,145.4,100.2,10.3,15.6
2022/6/11,19.7,96.4,14.8,145.4,100.8,10,15.7
2022/6/12,19.5,95.5,14,145.2,100.9,9.9,16
2022/6/13,20.2,95.4,13.9,144.7,100.3,9.9,15.1
2022/6/14,19.5,96.1,13.6,144.9,101,9.6,15.3
2022/6/15,19.2,95.8,13.3,145.2,101.3,9.8,15.9
2022/6/16,20.2,94.9,12.3,143.4,100.3,9.5,14.9
2022/6/17,20.2,94.1,12,143.4,100.7,9.1,15.2
2022/6/18,20.3,93.2,11.6,142.6,100,8.7,14.9
2022/6/19,20.6,93.4,11.8,142.3,99.8,8.8,14.4
2022/6/20,20.2,94.6,11.5,145.2,100.7,10.7,15.4
2022/6/21,20.2,95.2,10.9,145.9,100.7,10.9,15.7
2022/6/22,20.3,96.0,10.5,146.6,100.7,11.4,15.5
2022/6/23,20.3,95.9,10.3,146.5,100.6,11.3,15.5
2022/6/24,20.1,94.9,9.2,146.1,100.4,11.5,15.3
2022/6/25,20.1,95.2,8.8,145.5,100.3,11.6,14.9
2022/6/26,20.2,95.4,8.5,145.6,100.2,11.7,15
2022/6/27,19.6,95.8,8.8,147.1,101.1,12.6,16.1
2022/6/28,18.3,96.4,12.3,155.8,102.4,13.9,17.3
2022/6/29,18.5,97.6,13.5,158.5,102.6,13.5,17.8
2022/6/30,19.2,97.6,13.6,157.7,101.9,12.7,17.1
2022/7/1,19.5,96.8,12.8,157.3,101.8,12.7,17.6
2022/7/2,19.5,96.6,12.2,157.2,101.7,12.5,17.8
2022/7/3,19.2,96.9,11.5,156.7,101.3,12.4,17.4
2022/7/4,19.8,97.0,11.2,156.7,101.2,12,17.1
2022/7/5,19.5,97.0,11.5,157.1,101.7,11.9,18.1
2022/7/6,20.2,96.9,11,156.7,101.5,10.9,17.9
2022/7/7,20.3,96.7,10.8,156.3,101.4,10.2,16.7
2022/7/8,20.4,96.5,10.1,156.4,101.5,10,16.6
2022/7/9,21.1,96.3,9.6,156,101.2,9.8,16.3
2022/7/10,21.1,95.5,9.3,155.7,100.7,9.3,16.2
2022/7/11,21.3,95.1,9,156,101,8.9,16
2022/7/12,21.5,94.3,8.7,155.1,100.4,8,15.8
2022/7/13,21.5,93.6,8.6,154.8,100.7,8,15.8
2022/7/14,21.7,93.1,8.5,154.4,100.6,8,15.9
2022/7/15,22,92.3,8.5,153.8,100.4,8,15.7
2022/7/16,22.6,91.6,8.3,153.4,100.2,7.7,15.3
2022/7/17,22.7,90.2,8.2,152.2,99.5,7.8,14.9
2022/7/18,22.7,89.6,7.9,151.8,99.2,7.9,14.7
2022/7/19,22.9,88.7,7.7,151.3,98.8,7.9,14.8
2022/7/20,22.2,90.2,6.8,151,100.7,10.6,16.1
2022/7/21,22.5,90.8,6.1,150.2,100.6,11.5,15.9
2022/7/22,23.1,90.0,5.7,150.2,99.9,11.9,15.4
2022/7/23,22,91.9,4.8,153.2,100.7,14.1,16.2
2022/7/24,21.5,92.4,3.9,154.2,100,14.8,15.3
2022/7/25,22.1,92.3,4.1,154.4,100.1,14.5,15
2022/7/26,20.9,93.6,3.8,154.7,100.5,14.6,15.7
2022/7/27,20.6,93.5,3.4,154.5,100,14.6,15.4
2022/7/28,20.5,93.2,3.1,154.2,100.2,14.8,15.6
2022/7/29,20.8,93.7,3.2,154.1,100.4,14.8,15.4
2022/7/30,21.4,93.9,3.2,153.8,100.1,14.5,14.8
2022/7/31,22.2,93.1,3.1,153.2,99.3,14.4,14.4
2022/8/1,22.7,93.2,3.6,153.1,99,14.6,14.4
2022/8/2,22.8,93.3,4.3,153.2,99.6,14.4,14.4
2022/8/3,22.9,92.9,4.8,153.3,99.7,14.3,14.6
2022/8/4,23.1,92.4,5.2,153.2,99.7,14,14.3
2022/8/5,23.2,91.7,5.8,152.8,99.5,13.7,13.8
2022/8/6,23.5,90.8,6.2,152.7,99.6,13.8,13.9
2022/8/7,23.5,89.5,6.5,152.4,98.9,14.1,13.9
2022/8/8,23.8,88.3,6.6,151.7,99.7,13.8,13.2
2022/8/9,23.8,87.9,7.1,151.5,99.5,13.4,12.7
2022/8/10,24.1,86.7,6.9,151.1,98.1,13.1,12.5
2022/8/11,24.2,86.1,7.1,151.6,99.7,13.2,12.6
2022/8/12,24.3,84.8,7.3,151.3,99.5,13.1,12.2
2022/8/13,24.3,83.5,7.2,151.4,97.2,13.4,12.2
2022/8/14,24.2,82.9,7.4,151.4,95.9,13.4,11.9
2022/8/15,24.2,81.6,7,151.8,95.5,13.7,12.6
2022/8/16,24.6,80.5,6.5,151.1,94.6,13.1,12.4
2022/8/17,24.5,81.4,6.6,150.5,95.8,14.2,12.7
2022/8/18,24.9,81.3,6.8,151.4,95.4,14.3,12.9
2022/8/19,24.8,80.5,6.7,152.4,94.7,14.2,12.1
2022/8/20,24.8,80.0,6,153,94.7,14.3,13.2
2022/8/21,25,79.9,6.8,153.4,94.7,14,12.7
2022/8/22,25.1,78.8,6.5,153.8,94.3,14.3,13.3
2022/8/23,25.2,77.9,6.4,154.4,94.2,14.6,13.7
2022/8/24,25.3,78.1,7.1,155.2,94.6,14.4,14.1
2022/8/25,25.2,77.7,7.1,156.2,95,14.4,14.8
2022/8/26,25.7,76.7,7.1,156.3,93.8,13.9,14.9
2022/8/27,25.5,76.2,7.1,156.8,93.4,14,15.2
2022/8/28,25.8,76.1,7.4,156.7,93,14,15.3
2022/8/29,25.9,75.7,7.9,157.4,92.9,14.3,16
2022/8/30,25.9,75.1,7.9,157.9,92.7,14.6,16.7
2022/8/31,26.3,74.8,7.9,158,92.5,15,16.8
2022/9/1,26.3,75.3,8,157.1,92.8,15.3,16.7
2022/9/2,26.1,75.7,7.3,157.2,93.6,15.3,17
2022/9/3,26.8,74.8,7.1,156.5,93.3,15.4,17.7
2022/9/4,26.3,74.6,7,156.2,93.2,15.6,17.4
2022/9/5,26.3,74.9,6.9,156.7,94.2,15.9,17.2
2022/9/6,27,74.5,7.8,156.1,93.3,15.5,16.3
2022/9/7,26.8,74,7.2,157.2,93.6,15.4,17.4
2022/9/8,26.6,73.7,7.1,157.7,93.1,15.3,18.6
2022/9/9,26.4,74.2,7.1,158.5,93.1,15.5,18.8
2022/9/10,26.8,73.6,7.2,157.5,93,15.3,18.7
2022/9/11,26.9,73.9,7.3,157.9,93.6,15.4,18.6
2022/9/12,27,73.5,7.3,158.2,93.2,15.1,18.7
2022/9/13,26.6,72.8,6.9,159,92.3,14.9,19.6
2022/9/14,26.3,73.3,6.2,160.1,93.1,15.5,19.9
2022/9/15,26.4,73.6,6,160.1,93.4,15.8,20.1
2022/9/16,26.7,73.1,6.5,160.4,93.2,15.5,20.2
2022/9/17,26.7,73.2,6.3,160.8,93.1,16.3,20.4
2022/9/18,26.6,73.6,6.2,161.1,93.6,16.5,21.4
2022/9/19,26.5,73.5,6.3,161.1,93.6,16.3,21.5
2022/9/20,26.7,73.2,6.6,161.1,93,16.1,21.8
2022/9/21,27,72.8,6.9,161.4,93.1,16.2,21.9
2022/9/22,26.5,73.9,6.4,161.6,94.4,16.1,21.6
2022/9/23,26.2,74.5,6,162.1,94.8,16.2,21.4
2022/9/24,26.2,75.1,6.1,162.6,94.7,16,21.4
2022/9/25,25.9,77.6,5.4,162.8,96.6,16.3,22.1
2022/9/26,25.5,78.7,5.4,162.4,97,16,21.5
2022/9/27,25.3,79.4,5.3,163.2,97.5,16.6,22
2022/9/28,25.5,80.1,5,163.6,97.4,16.5,22
2022/9/29,26.6,80.2,4.5,163.4,98,16.5,23
2022/9/30,27.3,80,4.7,163.1,97.3,15.8,22.1
2022/10/1,27.3,80,5.5,163.7,96.9,15.9,22.4
2022/10/2,26.8,80.5,5.1,164.8,97.7,16,22.3
2022/10/3,27.5,79.7,5.9,164.7,96.5,16.1,22.7
2022/10/4,28,79.8,6,164.7,95.9,16.1,22.6
2022/10/5,28.1,80.8,7.5,164.6,95.8,15.2,21.5
2022/10/6,27.1,82.5,6.3,166,97.7,17,22
2022/10/7,24.9,86.5,4.7,172.6,99.7,22.8,22.8
2022/10/8,23.9,88,4.4,174.6,100,24.1,22.2
2022/10/9,23.1,89.3,4.7,176.8,100.9,25.6,22.9
2022/10/10,22.9,89.6,4.6,176.1,100.3,25.3,21.7
2022/10/11,23,89.8,4.9,175.7,100.3,24.7,20.4
2022/10/12,23.3,89.5,5.2,175.4,100.2,24.2,19.8
2022/10/13,22.8,89.8,4.8,175.8,100.2,24.1,19.6
2022/10/14,22.5,90,4.3,176.3,100.3,24.2,20.8
2022/10/15,22.4,89.8,4.2,176,99.9,24,20.7
2022/10/16,22.6,89.7,4.4,175.9,100.1,23.5,20
2022/10/17,23.1,89.2,4.6,175.5,99.5,23.1,19.9
2022/10/18,23.1,89.2,4.8,174.7,99,22.5,19.3
2022/10/19,23.2,89,4.3,175.5,99.7,22.6,19.6
2022/10/20,23.3,89,4.2,175.2,98.9,22.7,18.9
2022/10/21,23.2,89,3.6,174.2,99.2,22.8,19.8
2022/10/22,23,88.8,4,174.3,99.5,22.8,20.1
2022/10/23,23.4,88.7,4.5,173.7,98.4,22.2,18.6
2022/10/24,23.7,87.9,4.5,173.7,97.7,22.5,19.2
2022/10/25,23.6,88.1,4.1,174.7,98.4,22.9,20.1
2022/10/26,23.3,88.5,3.5,176.9,99.1,23.6,20.6
2022/10/27,22.9,88.7,3,179,99.7,24.3,21.2
2022/10/28,22.7,88.8,3.3,180.8,99.4,23.8,20.5
2022/10/29,22.9,89.4,3.4,182.3,99.4,23.4,19.7
2022/10/30,23.1,89.5,3.5,183,99.6,23.7,19.6
2022/10/31,23,89.2,3.5,183.2,99.4,23,18.9
2022/11/1,23.4,89.3,3.7,183.2,99.2,22.7,17.9
2022/11/2,23.2,89.5,3.6,183.5,99.4,22.4,18
2022/11/3,23.4,89.5,3.6,183.8,99.3,22.6,18.5
2022/11/4,23.6,89.6,3.4,184.5,99.4,23,18.9
2022/11/5,23.7,89.7,3.5,184.2,99,22.5,18.9
2022/11/6,23.9,89.9,3.3,183.9,99.3,22.3,18.4
2022/11/7,24.1,89.9,3.3,183.9,99.3,22.5,18.8
2022/11/8,24.1,89.8,3.1,184,99.2,22.6,19.1
2022/11/9,23.9,89.5,2.5,184.3,99.8,23.3,20.6
2022/11/10,23.8,90.2,3.1,184.1,99.4,22.7,19.4
2022/11/11,23.8,90.7,3.3,184.4,99.6,22.7,18.8
2022/11/12,23.9,90.7,3.3,184.8,99.9,22.9,19.2
2022/11/13,24.4,90.4,3.6,184.5,99.4,22.9,19.7
2022/11/14,23.9,90.5,3,184.7,99.6,23.2,19.8
2022/11/15,23.3,91.9,2.5,185.7,100.8,23.8,20.1
2022/11/16,23.3,92.1,2.8,185.4,100.4,23.8,19.8
2022/11/17,23.4,92.4,3,185,100.2,23.4,19.4
2022/11/18,23.4,92.4,3,184.8,100.3,23.5,19.6
2022/11/19,23.3,92.6,3,185.2,100.3,23.4,19.6
2022/11/20,23.4,92.5,2.9,185,100.2,23.1,19.4
2022/11/21,23.5,92.6,3.1,184.6,100.1,23.1,19.2
2022/11/22,23.3,92.2,2.7,184.5,100.2,23.4,20.6
2022/11/23,23.4,93,2.8,184.6,100.2,23.7,19.8
2022/11/24,23.3,92.8,2.8,184.3,100,23.5,20
2022/11/25,23.3,93.2,3.1,183.8,99.8,23.3,18.7
2022/11/26,23.2,93.6,3.1,183.7,100,23.2,18.3
2022/11/27,23,94,2.9,183.6,100.3,23.5,18.7
2022/11/28,22.7,93.9,2.7,184.5,100.8,23.9,19.5
2022/11/29,23.3,94.2,3.1,184.2,100.6,23.8,20.1
2022/11/30,24.2,95.4,4.3,184.4,101.2,22.8,20
2022/12/1,23.8,95.3,3.5,184.1,101,22.7,20
2022/12/2,23.3,95,2.5,183.6,100.5,23.1,19.8
2022/12/3,23.1,95,2.5,183.5,100.6,22.8,19.9
2022/12/4,23.3,95.2,2.7,183.3,100.5,22.9,19.8
2022/12/5,23.2,95.5,2.6,183,100.6,23,20
2022/12/6,22.9,95.3,2.3,182.7,100.7,22.9,19.9
2022/12/7,23,95.4,2.1,182.5,100.7,22.8,20.1
2022/12/8,23,95.3,2.1,182.4,100.6,22.9,20.5
2022/12/9,22.8,95.7,2.1,182.5,100.6,23,20.3
2022/12/10,22.9,95.6,2.4,182,100.3,22.7,20.2
2022/12/11,23.1,95.9,2.7,181.9,100.6,22.7,19.9
2022/12/12,23.2,95.8,2.7,181.6,100.6,22.5,19.9
2022/12/13,23.1,95.8,2.4,181.5,100.9,22.8,20.1
2022/12/14,23.1,96,2.2,181.5,101.1,23.1,20.5
2022/12/15,23,95.9,2.3,181.1,100.9,23,20.2
2022/12/16,23.2,95.7,2.5,181.1,100.5,23.1,20.6
2022/12/17,23.3,95.7,2.8,180.2,100.5,22.6,20.3
2022/12/18,22.9,95.9,2.9,180.2,100.9,22.7,20.1
2022/12/19,23,95.4,2.8,179.8,100.5,22.7,20
2022/12/20,23.3,95.6,2.8,179.3,100.1,22.3,20
2022/12/21,23.2,95.2,2.8,179.2,100.5,22.6,20.3
2022/12/22,23.4,95.3,2.9,178.7,100.4,22.4,20
2022/12/23,23.5,95.8,3.1,178.7,100.6,22.5,20.1
2022/12/24,23.5,96.1,3.2,178.7,100.8,22.7,20.1
2022/12/25,23.6,96,3.3,178.5,100.6,22.7,20
2022/12/26,23.6,96,3.4,178.6,100.8,23,20.2
2022/12/27,23.7,96.3,3.4,178.6,100.9,23,20.2
2022/12/28,23.7,96.3,3.5,178.5,101.1,23.1,20.4
2022/12/29,,,,,,,
2022/12/30,23.5,96.6,3.7,178.2,101.5,23.2,20
2022/12/31,23.5,96.7,4,177.8,101.3,23.2,19.8
2023/1/1,23.4,96.9,4.1,178.1,101.5,23.5,20
2023/1/2,23.4,96.8,4.2,178,101.8,23.4,20.2
2023/1/3,23.3,96.8,4,177.7,101.6,23.2,20.2
2023/1/4,23.2,96.4,4,177.5,101.5,23,20.3
2023/1/5,23.4,96.5,4.3,177.3,101.5,23.1,20.1
2023/1/6,23.2,96.4,4.6,177.2,101.6,23.1,19.9
2023/1/7,23.4,95.6,4.6,175.8,100.6,22.5,19.6
2023/1/8,23.7,96,4.6,175.4,101,22.9,19.3
2023/1/9,23.5,96.2,4.7,175.5,101.2,22.9,18.3
2023/1/10,23.5,96.4,4.7,175.4,101.1,22.9,18
2023/1/11,23.6,96.3,4.9,175.4,101.2,23,18.2
2023/1/12,23.5,96.4,5.1,175.6,101.5,23.2,18.1
2023/1/13,23.7,96.2,5.1,175.1,101.1,23,18.5
2023/1/14,23.6,96.4,5.1,175.4,101.8,23.4,18.5
2023/1/15,23.7,96.8,4.9,175.8,102.4,23.7,18.8
2023/1/16,23.1,96.4,4.4,175,101.4,23.4,18.7
2023/1/17,23.3,96.5,4.6,174.8,101.2,23.1,18.7
2023/1/18,,,,,,,
2023/1/19,23.2,96.5,4.4,174.1,101.6,23.4,18.9
2023/1/20,23.1,96.4,4.6,173.7,101.3,23.1,18.7
2023/1/21,22.9,96.6,4.8,174,101.4,23.4,18.8
2023/1/22,22.9,96.7,4.8,174.1,101.6,23.7,19
2023/1/23,22.9,96.7,4.7,174.2,101.8,23.9,19.2
2023/1/24,23,96.7,4.4,173.7,101.7,23.7,19.1
2023/1/25,23.2,96.5,4.2,173.5,102.1,23.5,19.3
2023/1/26,23,96,4.2,173.2,101.7,23.3,19.3
2023/1/27,23.1,96.2,4.7,172.7,101.5,23.2,19.1
2023/1/28,23.3,96.1,5.2,171.7,101.1,23,18.9
2023/1/29,23.2,95.9,4.9,172,101.4,23.3,19.2
2023/1/30,23,95.8,5.3,172.1,101.6,23.1,19
2023/1/31,23.2,95.9,5.4,171.7,101.6,23.2,18.9
2023/2/1,23,95.9,5.4,171.7,101.5,23.6,19.1
2023/2/2,23,96.4,6.3,172.8,102.3,24.2,19.5
2023/2/3,23.1,95.8,6.2,172.1,101.8,23.9,19.4
2023/2/4,23.1,95.7,5.9,172,102.1,24.1,19.5
2023/2/5,22.8,95.4,5.9,172.1,102.1,24.1,20
2023/2/6,22.9,95.6,6.2,171.7,101.7,24,19.4
2023/2/7,23.2,95.4,6.3,171.5,101.6,23.9,19.6
2023/2/8,23.3,94.9,6.3,171.2,101.1,23.8,19.4
2023/2/9,23,95.3,6.3,171.2,101.3,23.9,19
2023/2/10,23.1,95.4,6.5,171,101.2,23.6,17.9
2023/2/11,23.2,95.3,6.7,171.2,101.5,23.7,17.3
2023/2/12,23,95.5,6.7,171.2,101.7,23.8,17.7
2023/2/13,23.1,95.7,6.8,171.5,102,24.1,17.9
2023/2/14,23.4,95.4,7,171.1,101.8,23.5,17.2
2023/2/15,22.8,95.5,6.9,171.7,102.6,24.5,17.7
2023/2/16,22.9,95.4,7.1,171.4,101.9,24.1,17.4
2023/2/17,22.8,95.7,7,170.8,101.3,23.8,17.4
2023/2/18,22.9,95.4,7.1,171.2,101.6,24.3,17.9
2023/2/19,23,95.4,6.6,171.3,101.4,24.3,17.9
2023/2/20,22.9,95.3,7,172.7,101.8,24.6,18.5
2023/2/21,23.2,95.3,7.3,,101.2,24.3,17.4
2023/2/22,23.3,95.4,6.8,173,101.4,24.2,17.7
2023/2/23,22.8,95.8,7.1,173.4,101.9,24.3,17.8
2023/2/24,22.8,95.8,6.9,173.5,101.9,24.4,17.8
2023/2/25,22.9,96.1,7.3,173.3,101.6,24.2,17.4
2023/2/26,22.9,96.3,7.6,173.7,101.8,24.4,17.9
2023/2/27,22.6,95.4,8,173.4,101.4,24.3,17.7
2023/2/28,22.9,96.1,7.3,173.3,101.6,24.2,17.4
2023/3/1,22.6,95.4,7.9,173.5,101.4,24.6,18.1
2023/3/2,22.7,95.1,7.8,173.7,101.9,24.6,18.6
2023/3/3,22.8,95.2,7.9,173.4,101.8,24.4,18.3
2023/3/4,22.9,94.9,8.3,172.5,101,23.6,17.4
2023/3/5,22.7,95,8.2,172.7,101.7,23.7,17.8
2023/3/6,22.7,94.7,8.5,172.7,101.6,24,17.6
2023/3/7,22.4,95.5,8,173.8,102,24.9,18.6
2023/3/8,22.1,96.5,,174.5,101.7,24.1,19
2023/3/9,22.2,96.9,7.4,174,101.2,22.4,18.3
2023/3/10,21.9,97,7.9,174.4,101.7,22.1,18.3
2023/3/11,22.1,96.8,7.4,174.9,101.5,22.1,19
2023/3/12,22.2,96.6,7.5,174.8,101.4,21.8,18.9
2023/3/13,21.7,96.6,8,175.4,101.8,21.6,18.9
2023/3/14,21.5,96.4,7.9,175.4,102.1,21.4,18.6
2023/3/15,21.8,95.8,7.8,174.9,101.5,20.9,18.8
2023/3/16,22.4,95.8,8.8,175,101.6,20.5,18.3
2023/3/17,22.5,95,8.9,175.5,101.8,20.7,19
2023/3/18,22.3,95,8.8,175.4,101.5,20.7,19
2023/3/19,22.1,95.1,8.6,175.4,101.6,20.6,19.1
2023/3/20,21.9,95.4,8.8,176.3,102.6,21.2,19.8
2023/3/21,22.1,95.2,8.8,175.8,102.1,20.8,19.4
2023/3/22,22.1,94.7,8.7,175.6,102.1,20.7,19.6
2023/3/23,22.1,94.4,8.7,175.4,101.6,20.6,19.6
2023/3/24,22.2,94.1,8.5,175.1,101.6,20.6,20
2023/3/25,22,94.8,8.8,175,101.4,20.6,19.3
2023/3/26,22,95.1,8.9,175.3,102.1,20.8,19.6
2023/3/27,21.7,95.3,9,175.5,102.3,20.9,19.6
2023/3/28,21.9,94.9,9.3,176.1,102.6,21.1,19.8
2023/3/29,22,94.4,9.2,175.8,102.1,20.7,19.5
2023/3/30,21.8,93.8,9.3,175.1,101.6,20.1,18.9
2023/3/31,21.6,93.2,9.3,174.9,101.7,20.1,18.9
2023/4/1,21.7,92.4,9.4,174.4,101.1,19.7,18.7
2023/4/2,21.9,91.8,9.6,174.6,101.5,19.6,18.4
2023/4/3,22,91.6,9.6,174.8,101.4,19.6,18.9
2023/4/4,21.9,94.4,9,176.1,102.2,21.5,19.5
2023/4/5,22.5,96,8.8,176.5,101.1,21.8,20.1
2023/4/6,22.5,96.2,9,177.4,101.6,22.3,20.7
2023/4/7,22.2,96.7,9.6,177.9,101.7,22.4,20.5
2023/4/8,22.3,96.9,9.9,178.3,102,22.2,20.7
2023/4/9,22.5,96.4,9.7,178,101.8,22.1,20.6
2023/4/10,22.3,95.9,9.6,178.3,102.3,21.4,20.7
2023/4/11,22.2,95.2,9.6,177.9,102,21,20.3
2023/4/12,22.4,94.4,9.8,177.7,101.8,20.8,20.7
2023/4/13,22.4,93.3,9.6,177.4,101.3,20.6,21.3
2023/4/14,22.3,92.8,9.6,177.9,102,21.3,22.1
2023/4/15,22.1,92.7,9,177,101.2,20.9,21.3
2023/4/16,22,92.2,9.3,176.7,101,21,20.5
2023/4/17,22.1,91.2,9.5,177.7,101.7,21.4,21.8
2023/4/18,22.5,90.4,9.4,177.4,100.8,20.7,21.7
2023/4/19,22.1,92.7,9,177,101.2,20.9,21.3
2023/4/20,22,,,,102,21,
2023/4/21,22.4,86.4,9.6,178.4,101.3,21.1,21.5
2023/4/22,22.7,86.8,9.6,178.3,100.9,21,21.6
2023/4/23,22.9,87.7,9.5,178.4,100.9,21.1,21.6
2023/4/24,22.4,88.6,9.1,178.7,101,21.9,22.3
2023/4/25,21.9,89.1,9.6,179.5,101.9,21.7,22.2
2023/4/26,22,92.2,9.3,176.7,101,21,20.5
2023/4/27,22.1,91.2,9.5,177.7,101.7,21.4,21.8
2023/4/28,21.9,86.2,9.2,178.8,101.4,21.6,22
2023/4/29,22.1,86.6,9.1,178.8,101.4,22.1,22
2023/4/30,22.5,86.2,9.3,178.5,100.8,21.7,20.8
2023/5/1,22.4,85.4,9.5,178.6,101.2,21.9,20.8
2023/5/2,22.5,83.9,9.3,178.2,100.8,21.6,21.2
2023/5/3,22.2,84.1,9.6,178.7,101.3,21.9,21.5
2023/5/4,22.5,85.3,9.6,178.5,101.1,22.1,21.1
2023/5/5,22.6,85.4,9.5,178.3,101.2,21.9,21
2023/5/6,22.6,86.5,10,178.8,101.8,22.9,22
2023/5/7,22.7,88.3,10.7,178.7,101.4,22.7,22.3
2023/5/8,22.6,89.6,11.7,179.2,101.7,22.7,22.3
2023/5/9,22.8,89.5,11.8,179.2,101.6,22.9,22.6
2023/5/10,22.5,89.3,11.5,178.7,101.4,22.4,22.8
2023/5/11,22.2,89.2,12,178.6,101.8,22.4,22.8
2023/5/12,22.1,89.2,12.3,178.6,102.1,22.5,22.5
2023/5/13,22,89.5,12.4,178.4,101.7,21.9,21.8
2023/5/14,22.5,88.8,12.6,177.6,100.6,21.4,21.5
2023/5/15,22.5,87.6,12.4,177.1,100.3,21.5,21.7
2023/5/16,22.3,86.9,12.4,177.4,100.4,21.5,21.5
2023/5/17,22.5,87.3,12.4,177.6,100.7,21.3,21.5
2023/5/18,22.3,86.6,12.7,177.4,100.9,21.1,20.8
2023/5/19,22.3,86,12.5,177,100.3,21.1,21.3
2023/5/20,22.2,85.9,12.5,177.1,100.5,21.3,21.8
2023/5/21,22.1,86.1,12.5,176.9,100.7,21.2,21.7
2023/5/22,22.5,86.4,12.8,177.9,101.7,22.2,21.6
2023/5/23,22.6,87.6,13.1,178.6,101.7,22.8,22
2023/5/24,22.5,89.1,13.7,178.2,101.4,22.1,21.3
2023/5/25,22.8,88.8,13.6,177.6,101.1,21.9,21.5
2023/5/26,22.7,88.9,13.7,178.1,101.3,22,21.7
2023/5/27,23.1,90.1,14.2,178.2,101.7,21.8,21.5
2023/5/28,23.4,90.3,14.2,178.1,101.5,21.3,21.5
