Datetime,WS0202,WS0203,WS0204,WS0205,WS0206,WS0207,WS0208
2018-01-01,0.0,,,,,,
2018-01-02,,0.1,,,,,
2018-01-03,,,,,,0.5,
2018-01-04,0.8,,,,-0.3,,
2018-01-05,,,0.4,,0.3,0.5,0.9
2018-01-06,,0.5,,,0.7,,1.4
2018-01-07,,0.6,1.4,,,1.0,
2018-01-08,,,1.6,,,,
2018-01-09,,1.6,,,1.1,,
2018-01-10,1.1,,0.7,,,,
2018-01-11,,,,,,,1.2
2018-01-12,,,,,,,1.2
2018-01-13,1.1,,1.0,,,,1.4
2018-01-14,,,,,0.7,,
2018-01-15,,,,,,1.7,
2018-01-16,,,,,,,
2018-01-17,0.7,,0.3,,,,
2018-01-18,,2.0,,,,,
2018-01-19,,,,,,,0.7
2018-01-20,0.3,2.0,,2.4,,,0.7
2018-01-21,,,,,0.6,,
2018-01-22,,1.8,,,,,
2018-01-23,0.5,,0.6,,,1.1,
2018-01-24,,,,,,,
2018-01-25,1.2,,,2.2,-0.2,,
2018-01-26,1.7,,,2.2,,2.3,
2018-01-27,,1.0,1.4,3.4,,,
2018-01-28,,,,3.7,,,
2018-01-29,1.9,,1.5,,,,
2018-01-30,,1.1,,,,,
2018-01-31,1.2,,1.0,,,,
2018-02-01,0.5,,,,,1.4,
2018-02-02,,,,,,,
2018-02-03,,,,,,,0.8
2018-02-04,0.5,,,,,1.4,
2018-02-05,,1.1,,,,,0.8
2018-02-06,,1.1,,,,,
2018-02-07,0.5,,,,,,
2018-02-08,,,,,0.5,,0.8
2018-02-09,,,0.5,2.5,0.4,,
2018-02-10,0.6,,,,,,
2018-02-11,,,,2.0,,,
2018-02-12,0.7,,,,,2.0,
2018-02-13,,,,,,2.3,0.8
2018-02-14,1.0,1.1,,,0.3,2.6,
2018-02-15,0.8,,,,,,
2018-02-16,,,,,,,
2018-02-17,,1.1,,,,,0.8
2018-02-18,,,,,,,0.5
2018-02-19,,,,,,,0.9
2018-02-20,,,1.4,,,1.7,0.7
2018-02-21,,1.1,1.1,,,,
2018-02-22,0.1,,,2.0,,2.2,
2018-02-23,0.5,,,,0.0,,
2018-02-24,,,,2.6,0.2,,
2018-02-25,,,1.1,,,,
2018-02-26,,1.1,1.5,,,2.4,
2018-02-27,,1.1,,3.8,,2.0,1.2
2018-02-28,0.9,1.1,,,,,
2018-03-01,1.1,1.1,,,,,
2018-03-02,,,,,,,0.8
2018-03-03,1.1,,,2.8,0.4,0.9,
2018-03-04,,1.1,,2.4,,,0.9
2018-03-05,,,1.5,2.4,,,
2018-03-06,,1.1,,,0.1,,1.1
2018-03-07,1.9,1.1,1.3,,0.7,1.1,1.1
2018-03-08,,1.1,,,,,1.3
2018-03-09,,1.5,,,,,1.3
2018-03-10,,,,,,2.0,
2018-03-11,,,,,,,1.3
2018-03-12,,2.4,,,,1.8,
2018-03-13,,,1.4,,,1.6,
2018-03-14,,,,,0.1,,
2018-03-15,,,,,,0.7,
2018-03-16,,,,,,,
2018-03-17,,,,,,,
2018-03-18,1.9,4.2,1.1,,7.2,1.8,1.1
2018-03-19,,,1.4,,7.2,,
2018-03-20,2.0,,,7.4,,,
2018-03-21,,5.1,,,,,
2018-03-22,,,2.0,,,,
2018-03-23,,,,,7.5,1.4,1.4
2018-03-24,,6.0,,6.9,,,
2018-03-25,,6.3,,6.9,,1.3,
2018-03-26,2.5,,,,7.9,,
2018-03-27,,,,6.9,,,1.9
2018-03-28,,8.4,2.0,,7.8,,
2018-03-29,2.1,,2.0,,,,
2018-03-30,,9.0,,,,,
2018-03-31,,,,,,,1.8
2018-04-01,,,,6.8,,,
2018-04-02,,,2.5,,8.7,,2.8
2018-04-03,1.6,9.1,,7.1,8.2,,2.8
2018-04-04,,9.1,,,,,
2018-04-05,,8.9,,7.8,7.6,,
2018-04-06,1.9,,1.4,,,1.4,
2018-04-07,,,,,,1.3,
2018-04-08,2.0,,,6.2,,,3.1
2018-04-09,1.7,7.1,,,,,3.6
2018-04-10,,,,6.5,,1.9,
2018-04-11,,,,6.6,,,
2018-04-12,2.2,,,6.6,,,
2018-04-13,,,,,,,3.9
2018-04-14,,5.6,,,,,
2018-04-15,,,,,,,
2018-04-16,,,1.9,,,,
2018-04-17,,5.9,1.9,,,,3.6
2018-04-18,,,,,,,3.7
2018-04-19,,,,6.0,,,
2018-04-20,,,1.8,,,,
2018-04-21,,,2.3,,,,
2018-04-22,,5.8,2.2,,,1.2,
2018-04-23,,,2.4,,,,
2018-04-24,1.3,,,,,,
2018-04-25,,,2.2,,,0.9,4.5
2018-04-26,,,,,,,5.0
2018-04-27,,,,,,1.1,
2018-04-28,2.0,,,8.0,,0.8,
2018-04-29,,,,8.3,,0.9,5.0
2018-04-30,,,,8.3,8.4,1.1,4.7
2018-05-01,,6.1,2.0,8.7,,,4.7
2018-05-02,1.7,,,8.3,8.4,,
2018-05-03,,,,,,1.8,
2018-05-04,,,,,,,4.8
2018-05-05,,,2.5,,8.4,1.4,5.4
2018-05-06,2.0,,,8.1,,,
2018-05-07,,,,,,,
2018-05-08,,,,,,,
2018-05-09,,,,,,,
2018-05-10,,,,,,,
2018-05-11,,,,,8.8,,
2018-05-12,,,,9.8,9.4,,
2018-05-13,,,2.5,,,0.1,
2018-05-14,,,,9.5,,,
2018-05-15,,,,,10.6,,4.0
2018-05-16,1.9,,,,,,
2018-05-17,,8.4,1.9,,,0.7,3.7
2018-05-18,,8.4,,,11.2,,
2018-05-19,2.1,,2.2,,,,
2018-05-20,2.3,,3.5,,,,
2018-05-21,,8.7,,,,,
2018-05-22,2.8,,2.3,,,0.7,4.6
2018-05-23,,8.9,,,11.2,0.7,4.8
2018-05-24,,,,7.5,11.2,,
2018-05-25,,8.9,,,10.8,1.2,5.4
2018-05-26,,,,,,,
2018-05-27,,,4.2,,10.2,0.9,5.9
2018-05-28,,,,8.7,,,
2018-05-29,,,,8.4,11.4,1.3,5.9
2018-05-30,,9.0,4.7,8.1,,0.8,5.5
2018-05-31,1.3,,,8.3,,,
2018-06-01,,,,8.7,11.2,,
2018-06-02,1.4,9.5,,,11.3,0.7,
2018-06-03,,9.3,,,11.5,,5.2
2018-06-04,,,,,11.8,1.2,
2018-06-05,1.8,10.0,4.1,,,,6.1
2018-06-06,,,,,,1.1,
2018-06-07,,10.2,4.0,,,,
2018-06-08,,,,,,,
2018-06-09,,9.9,,,,,
2018-06-10,,,3.8,,11.5,,
2018-06-11,2.7,,,,,,6.3
2018-06-12,,,,,,,
2018-06-13,,,,9.0,12.4,,5.1
2018-06-14,,,,,,,5.5
2018-06-15,,,6.4,,,,
2018-06-16,,,6.5,,12.3,0.8,
2018-06-17,2.1,,,9.8,,,
2018-06-18,,,,,,,6.6
2018-06-19,2.7,,,,11.2,2.1,6.2
2018-06-20,,,,,,,
2018-06-21,,,,13.9,12.4,,6.1
2018-06-22,1.6,,,13.8,12.5,1.1,
2018-06-23,,11.0,,14.2,,1.3,
2018-06-24,,,3.0,,11.6,,
2018-06-25,,,,13.0,10.6,,6.1
2018-06-26,,,,,,,
2018-06-27,2.4,,,,,,
2018-06-28,,,4.9,,,,5.2
2018-06-29,,,,,,2.1,
2018-06-30,,,,,,1.8,6.6
2018-07-01,,,7.2,,,,
2018-07-02,,,,12.3,,,
2018-07-03,3.6,,,,,2.3,5.9
2018-07-04,,,,11.6,11.0,,5.5
2018-07-05,2.7,,9.8,,,,
2018-07-06,,11.0,,11.5,,1.6,
2018-07-07,,11.7,,12.4,,,
2018-07-08,2.8,,6.6,11.8,,1.1,
2018-07-09,2.9,,,11.8,12.4,1.9,5.9
2018-07-10,2.8,,,11.4,,,
2018-07-11,4.1,12.3,7.5,,,,
2018-07-12,,12.2,8.6,,,,
2018-07-13,,,,,,,
2018-07-14,,12.0,,12.0,11.4,,5.4
2018-07-15,,12.2,10.8,,,,
2018-07-16,,,12.3,,,,5.9
2018-07-17,,,,,,3.1,5.4
2018-07-18,,,13.8,,,3.0,
2018-07-19,,,,,,3.1,
2018-07-20,,13.2,16.2,,,3.0,6.5
2018-07-21,,,,,,,
2018-07-22,6.1,12.4,,10.8,11.7,,5.4
2018-07-23,7.3,12.1,17.5,10.8,11.7,,
2018-07-24,,,,,,,
2018-07-25,,,19.2,,11.7,,
2018-07-26,,,,,,,
2018-07-27,,,,,,3.6,6.4
2018-07-28,8.3,,,11.0,,,
2018-07-29,,12.2,19.8,,,,
2018-07-30,,,17.2,,,3.6,
2018-07-31,,13.7,,,,,
2018-08-01,,,16.1,11.7,,3.1,7.0
2018-08-02,,13.7,,,11.9,2.7,
2018-08-03,,,17.2,12.4,,2.1,
2018-08-04,8.5,,,,,,7.4
2018-08-05,,,,,,3.6,6.4
2018-08-06,,12.5,,10.5,,,5.9
2018-08-07,,,,,11.0,,
2018-08-08,,,,10.8,,,
2018-08-09,9.8,,18.5,,,3.5,6.1
2018-08-10,10.1,,19.0,,,,6.7
2018-08-11,,,19.7,,11.0,,
2018-08-12,,,20.5,,,,6.0
2018-08-13,,12.0,21.6,,11.5,3.8,
2018-08-14,,,,15.2,,,
2018-08-15,11.4,,22.2,,,,6.9
2018-08-16,,,,,11.3,,6.7
2018-08-17,11.6,,23.4,16.8,,,
2018-08-18,,,23.9,,11.0,3.9,7.0
2018-08-19,,10.3,,,,,7.0
2018-08-20,,,,18.8,10.9,3.8,
2018-08-21,,,,,,3.5,
2018-08-22,,,22.4,,,,
2018-08-23,,8.7,21.7,,10.6,,6.7
2018-08-24,13.0,,21.6,,,,7.1
2018-08-25,,,,20.7,,3.9,
2018-08-26,13.0,,,,,,
2018-08-27,,10.5,,21.1,,3.8,
2018-08-28,13.1,,,,,3.5,
2018-08-29,,,,22.6,10.9,4.2,
2018-08-30,14.2,,,,,5.4,
2018-08-31,,,,,,4.9,
2018-09-01,,,,,10.5,,6.8
2018-09-02,,,,27.1,10.0,4.6,6.6
2018-09-03,,,,26.7,,,
2018-09-04,,,,,,,
2018-09-05,,7.5,,27.9,,,
2018-09-06,14.7,,,,9.4,4.9,
2018-09-07,,,,30.2,9.6,,
2018-09-08,14.7,,19.9,,10.0,,
2018-09-09,,,,29.9,,,6.6
2018-09-10,15.0,,20.3,,10.5,,
2018-09-11,,,,,,,
2018-09-12,,,,,,,6.8
2018-09-13,,,,,,5.1,
2018-09-14,14.3,,,,,,7.6
2018-09-15,,,,,10.9,,7.5
2018-09-16,15.0,,19.6,,,5.7,7.7
2018-09-17,,9.3,,34.2,10.5,,
2018-09-18,,,,,10.2,,
2018-09-19,,,,33.7,,,
2018-09-20,,,18.8,,,,
2018-09-21,,11.2,19.5,,,5.2,8.4
2018-09-22,,,18.8,,,4.4,
2018-09-23,,,,34.8,,5.1,
2018-09-24,,,17.4,34.9,,4.4,7.0
2018-09-25,,,,,,,
2018-09-26,,,16.7,,,,
2018-09-27,,13.0,,35.3,,,7.1
2018-09-28,,,,,,,
2018-09-29,10.6,12.5,,35.2,,4.4,
2018-09-30,,,,,,4.1,
2018-10-01,11.2,,16.8,34.8,,4.3,
2018-10-02,,,,,11.1,,
2018-10-03,11.3,,,,,,
2018-10-04,,,,,,,6.7
2018-10-05,,,,,,,
2018-10-06,11.9,,,,,4.8,7.4
2018-10-07,,,,,,,7.6
2018-10-08,,,,,,,
2018-10-09,,,,,,,7.3
2018-10-10,,,,,,4.2,7.7
2018-10-11,,,16.0,33.7,,,
2018-10-12,12.0,,,33.7,,,7.2
2018-10-13,11.3,,,,,,
2018-10-14,,12.2,,,,3.2,
2018-10-15,,12.0,16.1,,11.0,,
2018-10-16,,,,,,,
2018-10-17,12.5,,16.4,33.0,11.5,4.5,6.6
2018-10-18,12.8,,16.1,33.5,11.2,,
2018-10-19,,,,,,,
2018-10-20,12.8,,,32.9,,,6.0
2018-10-21,12.0,,,,11.0,,
2018-10-22,,,,,,3.8,
2018-10-23,,12.6,,33.1,,,6.7
2018-10-24,11.5,,,,11.7,4.1,
2018-10-25,,,,,11.5,4.3,
2018-10-26,,13.1,,33.4,,,
2018-10-27,,12.8,,,,,
2018-10-28,,,16.9,,10.9,,
2018-10-29,12.7,13.0,,33.0,,,
2018-10-30,,,,,10.9,4.7,
2018-10-31,12.5,,,,10.8,,
2018-11-01,,,16.5,,,,
2018-11-02,,,17.0,,,4.6,
2018-11-03,,12.4,16.6,,10.0,,
2018-11-04,,12.8,17.4,,10.5,,
2018-11-05,,,,,10.6,,6.7
2018-11-06,,,15.8,,10.6,3.3,
2018-11-07,,,,,,3.0,6.4
2018-11-08,10.8,,13.1,,10.9,,
2018-11-09,,,,,11.9,,6.8
2018-11-10,10.0,,,,,,
2018-11-11,,,,35.1,,2.7,
2018-11-12,,,,,,2.7,
2018-11-13,,14.5,13.1,,,,
2018-11-14,9.8,14.5,12.8,35.5,,,7.9
2018-11-15,,14.5,12.9,35.9,,,8.7
2018-11-16,9.5,,,,,,
2018-11-17,9.9,,,,,,
2018-11-18,,,13.5,,11.9,,
2018-11-19,,,12.9,,,,
2018-11-20,,,,,12.2,,8.3
2018-11-21,,,,,12.9,,
2018-11-22,8.8,,,,,3.1,
2018-11-23,,,,,12.8,,7.6
2018-11-24,9.5,,,,,,
2018-11-25,,,,,12.4,,7.7
2018-11-26,9.2,,,,13.2,,
2018-11-27,,,,35.9,,,6.6
2018-11-28,8.5,,,36.1,,,
2018-11-29,8.8,,,,,2.0,6.7
2018-11-30,,,,,,2.4,
2018-12-01,,14.8,,,,,7.4
2018-12-02,,14.8,13.2,,,,7.9
2018-12-03,,,,,13.2,,
2018-12-04,,14.8,,,,,
2018-12-05,,,,,,2.3,
2018-12-06,,,,34.7,,,
2018-12-07,,,12.6,34.7,13.7,,
2018-12-08,8.8,,,34.7,13.7,,
2018-12-09,,,,34.7,14.2,1.8,6.9
2018-12-10,,,,,,,
2018-12-11,,,,,,1.8,
2018-12-12,8.8,,12.5,34.7,,1.8,
2018-12-13,,,,,,,
2018-12-14,,,12.7,34.7,,,
2018-12-15,9.0,,,34.7,,,
2018-12-16,9.0,,12.7,,14.0,,6.6
2018-12-17,,,12.8,,,1.0,6.9
2018-12-18,,,,34.7,,0.9,6.5
2018-12-19,9.0,,,,,1.0,6.5
2018-12-20,,,12.7,,,1.1,
2018-12-21,,,,,,1.0,5.9
2018-12-22,,,,,,,5.4
2018-12-23,,,,,,,5.5
2018-12-24,,,12.7,,14.7,,5.7
2018-12-25,,,12.7,33.8,,1.0,
2018-12-26,,16.5,12.7,33.3,,,5.9
2018-12-27,9.0,,,,,,
2018-12-28,9.9,,12.5,,14.2,,
2018-12-29,9.9,,,,14.2,,
2018-12-30,,,12.0,,,,
2018-12-31,,,,,,,6.4
2019-01-01,,16.8,13.2,,14.7,,6.2
2019-01-02,,17.0,13.4,,,1.4,6.2
2019-01-03,,17.6,13.3,,14.3,,
2019-01-04,9.7,,,,,,
2019-01-05,,,13.5,30.8,,,
2019-01-06,,,,30.8,,,5.7
2019-01-07,,,13.3,,,,5.4
2019-01-08,,,,,,,
2019-01-09,,17.1,,,14.6,2.2,
2019-01-10,,,,,,2.1,6.0
2019-01-11,,,,,,1.9,
2019-01-12,,17.2,,29.5,15.6,1.5,6.6
2019-01-13,,17.3,,29.6,,,
2019-01-14,8.8,,14.1,,15.6,1.8,6.1
2019-01-15,9.2,,,,,,6.2
2019-01-16,,,,,,,
2019-01-17,9.3,15.6,,28.9,,,
2019-01-18,,15.9,,,,,
2019-01-19,,,,28.7,,,6.1
2019-01-20,,,,,,,6.1
2019-01-21,9.6,,,,,,
2019-01-22,,,,28.7,17.3,1.4,
2019-01-23,,,14.4,,,1.7,
2019-01-24,,,14.5,,,,
2019-01-25,,16.9,,,,,
2019-01-26,,,,,18.1,1.5,6.2
2019-01-27,9.7,,15.5,28.0,18.2,,
2019-01-28,9.7,17.3,15.7,,,1.8,
2019-01-29,,,,,,,
2019-01-30,,16.7,,,,2.4,
2019-01-31,9.7,,,,17.8,,
2019-02-01,,,,,,1.6,6.2
2019-02-02,8.7,,14.8,,,,6.5
2019-02-03,8.4,,,,,,
2019-02-04,9.0,,,28.4,,,
2019-02-05,,,15.2,28.9,,,
2019-02-06,9.3,,,,,,5.7
2019-02-07,9.5,,,,18.8,,
2019-02-08,,17.3,14.6,,,,6.5
2019-02-09,,,14.5,28.2,18.4,2.3,
2019-02-10,,,14.0,,18.9,,
2019-02-11,9.3,,,,,,
2019-02-12,9.1,,,27.6,,,
2019-02-13,9.2,,,,19.5,,
2019-02-14,,,,,,,
2019-02-15,,,,,20.0,,
2019-02-16,9.4,,,27.3,,1.9,
2019-02-17,,,,,,2.5,
2019-02-18,,17.6,,,,,6.2
2019-02-19,,17.6,15.5,,,,
2019-02-20,,17.5,,26.3,,1.6,
2019-02-21,10.0,17.5,,,20.2,1.9,
2019-02-22,,17.6,,,20.1,,
2019-02-23,,,,,,,
2019-02-24,,,,,21.4,1.2,
2019-02-25,9.0,,16.4,,,,6.4
2019-02-26,,18.4,,,,,
2019-02-27,,17.8,16.4,,,,
2019-02-28,,,,,20.6,,6.8
2019-03-01,,,,,21.0,1.3,
2019-03-02,9.7,,16.0,,,,6.5
2019-03-03,,18.5,,,,1.2,
2019-03-04,9.2,19.1,,25.1,21.0,0.9,
2019-03-05,,18.7,16.3,,,1.4,
2019-03-06,,,,,21.2,,
2019-03-07,8.9,,,,,,
2019-03-08,,,,,,,
2019-03-09,,20.2,17.2,,21.9,1.4,
2019-03-10,,,,,,,
2019-03-11,,,,,21.8,,
2019-03-12,,,,,,1.3,
2019-03-13,,,,,,2.0,
2019-03-14,8.6,,17.1,24.2,21.6,,6.4
2019-03-15,,20.4,,,,1.3,
2019-03-16,,,,23.7,,0.8,
2019-03-17,8.5,20.9,,,21.7,0.7,
2019-03-18,,,17.0,,,,
2019-03-19,,,17.1,,,0.7,
2019-03-20,9.1,,,,,,6.4
2019-03-21,,,15.8,,21.5,1.1,
2019-03-22,,19.6,14.1,,,,
2019-03-23,,,,,22.4,,
2019-03-24,8.6,,,,21.8,,7.4
2019-03-25,8.5,,,,,1.8,
2019-03-26,,,,,,,
2019-03-27,,,,,22.1,2.3,
2019-03-28,,,,31.8,,,7.2
2019-03-29,,19.6,12.4,,21.7,,
2019-03-30,8.7,,12.2,,,1.6,
2019-03-31,,19.6,,31.9,,2.1,
2019-04-01,8.6,,,,,2.1,
2019-04-02,8.6,,12.3,,,,7.8
2019-04-03,8.8,,11.8,32.7,,,
2019-04-04,,,,,,,
2019-04-05,,,,33.7,,,
2019-04-06,,,,,,,7.6
2019-04-07,8.9,,,,,,
2019-04-08,9.4,,,,22.7,,7.3
2019-04-09,8.6,,,,,,8.5
2019-04-10,,,,34.2,,,
2019-04-11,9.1,,,34.6,22.4,,
2019-04-12,,21.1,,34.4,22.9,,
2019-04-13,,,11.8,34.8,,,
2019-04-14,,,12.2,,,,
2019-04-15,8.8,19.9,,,,,
2019-04-16,,21.3,,,,3.8,
2019-04-17,8.4,,,,,,8.4
2019-04-18,,,11.8,,,,8.4
2019-04-19,,,,35.6,,3.6,
2019-04-20,,20.8,,,23.6,3.1,8.6
2019-04-21,,21.1,,,,3.1,
2019-04-22,8.7,,,,,,8.1
2019-04-23,,,13.8,34.7,,,
2019-04-24,9.0,,,,23.9,,
2019-04-25,,,13.3,,,2.7,7.7
2019-04-26,,,13.6,,23.7,,
2019-04-27,,,13.2,,,,8.4
2019-04-28,,,13.8,30.1,,2.9,
2019-04-29,,,,,,,
2019-04-30,,21.2,15.6,27.8,,,
2019-05-01,10.6,,,,23.2,,8.7
2019-05-02,,,,,22.9,2.7,8.6
2019-05-03,10.9,,,,23.4,,
2019-05-04,,,17.0,,23.2,,9.2
2019-05-05,,,18.0,,,2.6,
2019-05-06,,,17.9,,23.3,,
2019-05-07,,21.9,,24.4,23.9,2.9,
2019-05-08,11.6,22.1,,,,2.9,
2019-05-09,,23.3,,,,2.3,
2019-05-10,11.5,,,23.2,,,
2019-05-11,,,,23.0,,,
2019-05-12,,,19.3,,,2.9,
2019-05-13,11.7,,,23.2,,,
2019-05-14,,,19.3,,23.7,2.7,
2019-05-15,,23.2,,23.4,23.9,,
2019-05-16,12.0,,19.4,,,,8.2
2019-05-17,12.2,23.0,,,,3.7,8.4
2019-05-18,,22.7,19.3,,,,
2019-05-19,,,,,24.5,,
2019-05-20,12.1,,19.6,23.0,,,8.9
2019-05-21,,23.6,,,,4.1,
2019-05-22,,23.3,19.8,,,,
2019-05-23,,,,,,4.3,
2019-05-24,,23.7,,22.3,,,7.3
2019-05-25,12.6,23.5,,,,,
2019-05-26,,,19.1,,,,
2019-05-27,,22.4,,27.8,23.7,,
2019-05-28,14.0,,18.0,26.6,,,
2019-05-29,,21.5,18.7,26.2,22.9,5.8,
2019-05-30,,22.8,,,,,7.2
2019-05-31,,,19.4,,,,
2019-06-01,13.2,,19.9,,,5.3,
2019-06-02,,,21.2,24.7,,,
2019-06-03,,,21.7,24.0,,,
2019-06-04,13.7,,,,26.1,,
2019-06-05,14.4,,,,25.7,,
2019-06-06,,23.9,,,,,8.3
2019-06-07,,,,,24.6,,
2019-06-08,,,,,,,8.2
2019-06-09,,,18.8,,,,
2019-06-10,,22.7,,,25.1,5.6,
2019-06-11,12.4,,,,24.8,,
2019-06-12,11.2,21.2,15.1,31.9,24.4,,
2019-06-13,,,,35.5,,,8.8
2019-06-14,,,,,24.7,5.2,
2019-06-15,10.7,23.0,,36.3,25.1,5.3,
2019-06-16,,22.6,14.4,,,,
2019-06-17,10.3,,14.9,37.4,,,9.6
2019-06-18,,23.5,14.8,37.7,,5.6,
2019-06-19,,,,,25.0,,
2019-06-20,,,,37.4,25.0,,8.6
2019-06-21,,,,37.2,25.2,,
2019-06-22,,21.9,14.6,,,6.1,9.8
2019-06-23,10.6,22.4,14.9,,25.0,,
2019-06-24,,,15.4,38.2,,5.5,8.9
2019-06-25,,,,,,5.1,
2019-06-26,,,15.8,,24.8,4.3,8.2
2019-06-27,,,,36.6,,4.8,
2019-06-28,,,,36.8,,4.8,
2019-06-29,,23.5,16.4,37.8,,,
2019-06-30,,,,,24.9,,
2019-07-01,,22.8,15.5,,,,
2019-07-02,,,,,24.7,,8.0
2019-07-03,11.1,,,37.5,,,
2019-07-04,11.5,,,,,,10.0
2019-07-05,,,,,,6.1,9.8
2019-07-06,,,17.5,,,,
2019-07-07,,,,36.1,,6.0,
2019-07-08,12.6,,,35.3,,6.2,
2019-07-09,,,,,,,
2019-07-10,,23.7,,33.4,23.8,6.1,
2019-07-11,,24.0,18.6,,24.6,,
2019-07-12,,,,,,,
2019-07-13,,23.9,19.1,,24.1,,9.9
2019-07-14,,23.9,,,23.5,,
2019-07-15,,24.5,19.2,,23.7,7.1,9.4
2019-07-16,14.0,,19.1,,,6.6,9.2
2019-07-17,14.4,,,,23.8,,
2019-07-18,,,,,,,
2019-07-19,,,20.1,,,,
2019-07-20,,,19.1,35.4,,7.4,
2019-07-21,13.3,,,,,7.1,9.0
2019-07-22,,,,,24.2,,9.2
2019-07-23,13.6,,,35.6,,7.7,
2019-07-24,,,17.4,,,,
2019-07-25,13.6,,,,,,8.7
2019-07-26,14.1,,,,,,
2019-07-27,14.9,,,,24.3,,8.5
2019-07-28,,,,,25.0,6.1,
2019-07-29,,,18.3,,,,8.6
2019-07-30,16.3,,,,,,8.4
2019-07-31,16.3,24.6,,46.9,23.3,5.3,
2019-08-01,,,,48.7,,,7.6
2019-08-02,,,,50.4,,,
2019-08-03,,,,,23.0,,
2019-08-04,,23.6,17.9,53.2,23.0,,
2019-08-05,,,,,,,8.6
2019-08-06,,,17.2,54.5,,,8.1
2019-08-07,16.3,,,53.4,,6.2,7.9
2019-08-08,,,16.7,,,,
2019-08-09,,,,54.3,25.0,5.3,
2019-08-10,,25.1,,,24.3,5.1,
2019-08-11,17.5,,16.5,,23.5,,
2019-08-12,20.0,23.8,,,,,
2019-08-13,,,,,23.7,,
2019-08-14,,23.4,,,,,
2019-08-15,21.4,,,,,,
2019-08-16,22.4,23.1,,,,,8.1
2019-08-17,22.4,,16.5,61.9,24.0,,
2019-08-18,,,16.9,64.0,23.9,,8.0
2019-08-19,,,,65.7,,,7.7
2019-08-20,,,,,,4.9,
2019-08-21,,,17.1,,,,
2019-08-22,,,16.6,,22.2,,8.1
2019-08-23,,,,,,,
2019-08-24,,,16.2,70.7,,,
2019-08-25,,,,,,5.1,
2019-08-26,24.0,,15.2,,,,
2019-08-27,,23.2,,,23.4,,
2019-08-28,,22.7,,,,,
2019-08-29,,,,,,5.7,
2019-08-30,,,15.3,,,,
2019-08-31,,,,,23.2,5.5,9.1
2019-09-01,,23.3,,,,,
2019-09-02,,23.6,,,,5.1,
2019-09-03,,23.5,,,,5.2,
2019-09-04,,23.5,,,23.5,,7.5
2019-09-05,24.1,,14.6,,,3.7,
2019-09-06,,,,78.9,,3.3,
2019-09-07,23.4,23.4,,,,,
2019-09-08,,,14.7,80.3,,,
2019-09-09,23.8,,,,22.9,,8.1
2019-09-10,,,,,,3.6,8.7
2019-09-11,24.2,,13.9,,,,
2019-09-12,,,,,,3.5,7.3
2019-09-13,,,,,,,
2019-09-14,24.0,,13.7,81.9,,,
2019-09-15,,,,82.3,,,
2019-09-16,,,13.5,,,,
2019-09-17,,24.8,,83.2,,,
2019-09-18,,24.8,,83.3,,,
2019-09-19,,,13.9,,22.0,,
2019-09-20,23.7,,,,,,
2019-09-21,,,,,,5.1,9.3
2019-09-22,,25.5,13.8,84.6,,,
2019-09-23,,,,83.9,,,7.9
2019-09-24,24.6,25.2,13.8,,,,9.0
2019-09-25,,,,84.8,,,
2019-09-26,,,,,,,8.5
2019-09-27,,26.0,13.8,,,5.7,
2019-09-28,23.7,,13.3,,,4.8,
2019-09-29,,26.0,,,,,8.4
2019-09-30,,,,,,,
2019-10-01,,,,,,,9.5
2019-10-02,,25.7,,,20.1,,
2019-10-03,,,,85.7,20.0,,
2019-10-04,,,15.0,,,5.7,9.0
2019-10-05,23.6,,,,19.2,,
2019-10-06,,25.7,13.7,86.5,,,
2019-10-07,,,,,,,
2019-10-08,,,,86.1,19.1,,
2019-10-09,,25.6,,,19.2,,9.6
2019-10-10,,,,,,5.7,
2019-10-11,23.6,,,,,,
2019-10-12,23.6,,,,,,
2019-10-13,23.8,26.6,,,,,
2019-10-14,,,,,,,
2019-10-15,,26.1,,,,7.1,
2019-10-16,,25.8,,85.7,,7.2,
2019-10-17,,,,85.5,,,
2019-10-18,,,,,,,
2019-10-19,,,13.9,,,,
2019-10-20,,,13.5,,21.1,,8.6
2019-10-21,,,13.9,,21.0,7.5,10.2
2019-10-22,,,,,,,11.1
2019-10-23,20.9,,,,19.6,,11.1
2019-10-24,,,,,,9.0,
2019-10-25,,,,86.3,,,
2019-10-26,19.6,,15.7,,,,
2019-10-27,,,,84.9,,,
2019-10-28,,25.1,,,,,
2019-10-29,,,16.9,,23.2,,
2019-10-30,,,16.5,,,,8.9
2019-10-31,,,,,23.3,,
2019-11-01,18.0,,,85.1,23.4,9.1,9.4
2019-11-02,,,,84.6,,,
2019-11-03,,,16.4,,,,9.3
2019-11-04,,,15.7,,,8.1,8.5
2019-11-05,18.3,24.6,,,,,
2019-11-06,,,,,,8.5,
2019-11-07,,,,82.4,,,9.7
2019-11-08,,24.2,15.8,,,,
2019-11-09,18.4,,,,,,
2019-11-10,,,,,,,9.7
2019-11-11,,25.2,16.5,,,,8.9
2019-11-12,18.3,25.2,16.6,82.5,23.3,,8.5
2019-11-13,18.4,,,,23.4,,
2019-11-14,,,,,,8.4,8.9
2019-11-15,,,16.3,,,7.9,
2019-11-16,,,16.4,78.9,,,
2019-11-17,,,16.1,,25.4,,
2019-11-18,,,,,,8.0,
2019-11-19,,,16.9,,,,8.5
2019-11-20,18.1,,,,,,
2019-11-21,,,,,,9.3,
2019-11-22,19.0,,,,,,
2019-11-23,18.2,,17.1,77.9,,,
2019-11-24,18.2,,,,26.3,,
2019-11-25,18.6,,,,26.3,7.7,8.3
2019-11-26,,,16.9,,,,
2019-11-27,18.0,26.4,,77.4,,,
2019-11-28,18.2,,,,,,
2019-11-29,,26.8,,,,8.1,8.0
2019-11-30,,,,,,,
2019-12-01,,,,,,6.6,
2019-12-02,,,17.5,,,,
2019-12-03,,26.8,17.6,76.9,,,
2019-12-04,,26.8,,,27.9,7.9,8.0
2019-12-05,,,,,,,
2019-12-06,,,,76.5,,,7.8
2019-12-07,,,,,28.3,,
2019-12-08,,,,,,,
2019-12-09,18.4,,,76.7,,,8.5
2019-12-10,,,,,29.3,,8.1
2019-12-11,,,,,,6.6,
2019-12-12,19.1,26.8,,,,,7.7
2019-12-13,18.8,,18.1,,30.1,,
2019-12-14,,26.8,18.1,,,,
2019-12-15,,,,74.5,32.0,6.9,7.6
2019-12-16,,,,,,6.9,7.2
2019-12-17,,26.8,20.3,,,,
2019-12-18,17.9,,,74.0,,,
2019-12-19,18.2,26.8,,74.0,,,
2019-12-20,,,,74.1,,,
2019-12-21,,,20.4,,,,
2019-12-22,,,20.4,,,7.5,6.6
2019-12-23,,,,,33.1,,6.6
2019-12-24,,26.8,20.5,74.1,,,7.0
2019-12-25,,,,74.0,,,6.6
2019-12-26,,26.8,20.5,,,6.9,
2019-12-27,,,,,,,
2019-12-28,,,,,,,
2019-12-29,,,,74.2,33.6,,
2019-12-30,,,,74.2,,,6.8
2019-12-31,17.8,,,,,,6.8
2020-01-01,,,,,34.2,,
2020-01-02,17.8,,21.0,,,,6.8
2020-01-03,,,21.2,74.4,,,
2020-01-04,17.6,,21.3,,,,
2020-01-05,,,21.4,,,,
2020-01-06,,26.8,,,,6.7,
2020-01-07,17.5,,,73.9,,,
2020-01-08,16.7,,,,,9.0,
2020-01-09,,,,73.9,,,
2020-01-10,,,,,,,6.7
2020-01-11,,,,,36.5,,
2020-01-12,15.6,,,74.3,,,
2020-01-13,,,,,,,7.2
2020-01-14,,,,,,,
2020-01-15,,,18.1,74.3,,,7.6
2020-01-16,15.6,,,74.2,,,
2020-01-17,,,17.8,,,,
2020-01-18,,26.8,18.2,,,,
2020-01-19,15.5,26.8,,,,,
2020-01-20,,26.8,18.0,73.7,,9.1,7.0
2020-01-21,,,,,,9.1,
2020-01-22,,26.8,,,,,
2020-01-23,,,18.2,,,,7.2
2020-01-24,,26.8,,73.4,,,
2020-01-25,,,,,38.8,,
2020-01-26,,,,,,,
2020-01-27,,26.8,,,,9.1,
2020-01-28,,,18.0,,,9.0,
2020-01-29,,,,,,9.1,
2020-01-30,,26.8,,73.0,,9.0,7.2
2020-01-31,,,,,,,6.8
2020-02-01,,26.8,17.7,,,8.7,
2020-02-02,,26.8,17.4,,,,6.3
2020-02-03,,26.8,17.7,,,,
2020-02-04,,26.8,,,40.4,,7.1
2020-02-05,,,,72.5,,9.5,
2020-02-06,15.2,25.9,18.1,,,,6.9
2020-02-07,,,,,,,
2020-02-08,,,,72.0,40.3,,
2020-02-09,,26.8,,71.7,40.3,,
2020-02-10,,,,,,,
2020-02-11,,,18.1,,,,
2020-02-12,,,,,40.9,,
2020-02-13,,27.0,,70.8,41.2,,6.3
2020-02-14,15.0,,,,41.2,9.0,
2020-02-15,15.3,,,69.8,,,
2020-02-16,,,17.8,69.7,,8.6,
2020-02-17,,,,,,,
2020-02-18,,,,,,9.7,6.6
2020-02-19,,,,70.8,,,6.3
2020-02-20,15.2,,,,,9.0,
2020-02-21,,,18.7,,41.6,,7.1
2020-02-22,,,,,,9.4,
2020-02-23,14.9,26.7,,71.1,41.6,9.7,
2020-02-24,,,,71.0,41.7,9.7,6.9
2020-02-25,,,,,,,
2020-02-26,15.0,,,,,,6.7
2020-02-27,,,,70.8,,,6.9
2020-02-28,14.9,,18.7,,,,
2020-02-29,,,17.6,,,,6.7
2020-03-01,,26.6,17.7,,,,
2020-03-02,,,,71.6,,,
2020-03-03,,,,,42.1,,
2020-03-04,,,17.2,,42.4,,
2020-03-05,,,16.8,,42.5,,7.4
2020-03-06,13.7,,,73.0,,,7.9
2020-03-07,,,,,,,
2020-03-08,13.7,,17.2,,,,
2020-03-09,,,,,,,
2020-03-10,,26.8,,,43.4,,7.4
2020-03-11,13.6,,,,,,
2020-03-12,13.8,,17.2,,,,
2020-03-13,13.8,,,72.0,,,
2020-03-14,13.9,,17.1,72.0,42.9,9.2,7.6
2020-03-15,,,,71.9,,,7.7
2020-03-16,,,17.2,71.9,,,
2020-03-17,,,,,,,
2020-03-18,13.7,,16.8,,,,
2020-03-19,,27.5,,,,,7.1
2020-03-20,,,15.9,70.0,,8.2,
2020-03-21,,27.6,,,,,7.4
2020-03-22,,,,69.4,43.0,8.3,
2020-03-23,,,,,,,
2020-03-24,,,15.8,,42.7,,
2020-03-25,,,,,,,
2020-03-26,,,15.8,,,7.2,
2020-03-27,,,,,,,
2020-03-28,,,,,42.0,,
2020-03-29,,,17.6,,42.9,,
2020-03-30,,,,,,,
2020-03-31,,27.3,17.5,,,,
2020-04-01,,27.3,17.1,,,,8.8
2020-04-02,13.8,,16.7,,,,
2020-04-03,13.7,,,,,,
2020-04-04,,,,,42.5,9.9,
2020-04-05,,,,,,,
2020-04-06,,,16.2,69.1,,,
2020-04-07,,,15.8,,,9.3,
2020-04-08,,28.0,,67.5,42.2,8.9,
2020-04-09,,,,,,,
2020-04-10,,,,66.8,42.2,,
2020-04-11,13.9,,16.4,,,,8.6
2020-04-12,,27.3,,69.5,,10.2,
2020-04-13,,,,70.0,42.4,,
2020-04-14,,27.3,,,,,
2020-04-15,,,,69.9,,10.3,
2020-04-16,,,,,,9.7,
2020-04-17,,,,,43.0,,
2020-04-18,14.1,,,68.4,,,10.5
2020-04-19,13.1,,,,,11.7,11.9
2020-04-20,,,16.5,,44.6,11.1,
2020-04-21,,,16.3,,45.3,,
2020-04-22,,,16.2,,46.2,11.0,
2020-04-23,,,16.0,80.9,46.6,,
2020-04-24,12.9,28.2,15.6,81.6,,,
2020-04-25,,,15.4,81.3,,,
2020-04-26,,,,82.1,,10.7,
2020-04-27,,,15.0,81.9,46.7,,
2020-04-28,12.9,,,,,,
2020-04-29,13.1,28.9,,,,9.9,10.4
2020-04-30,,,,80.9,,9.9,
2020-05-01,13.2,,,,,10.6,
2020-05-02,13.0,29.4,,,,,
2020-05-03,13.4,,15.1,,,,
2020-05-04,13.4,29.4,15.8,,46.7,,10.0
2020-05-05,13.4,29.0,16.5,,46.9,,10.6
2020-05-06,,,,79.0,,,
2020-05-07,13.8,,,,,9.1,10.2
2020-05-08,,28.9,,77.9,,,
2020-05-09,13.6,,16.8,,,,10.5
2020-05-10,,28.9,,,,,
2020-05-11,,,,,,11.2,
2020-05-12,,,,,,,
2020-05-13,,29.5,,,,,
2020-05-14,,29.6,,,47.8,11.2,
2020-05-15,,29.8,,,,10.8,
2020-05-16,,,13.4,84.6,,,
2020-05-17,,,13.1,84.4,,,
2020-05-18,,,13.6,,,,10.3
2020-05-19,,31.0,,,,9.7,10.3
2020-05-20,,,14.7,82.7,,9.8,
2020-05-21,,,,,47.6,,
2020-05-22,,,,,,,
2020-05-23,,30.5,,84.8,,,
2020-05-24,,,,84.7,,11.1,
2020-05-25,,,,,48.0,11.7,
2020-05-26,,,,,,,
2020-05-27,,31.3,,,48.2,,
2020-05-28,,31.5,,,48.2,,
2020-05-29,12.8,31.6,,84.6,,11.1,10.5
2020-05-30,,31.6,,,47.5,,9.9
2020-05-31,13.3,31.3,,,,11.2,10.3
2020-06-01,13.3,31.5,,,,11.0,10.6
2020-06-02,13.3,,,80.3,46.9,10.3,10.1
2020-06-03,,,,,,,
2020-06-04,,,16.8,,,11.3,
2020-06-05,,,,79.9,,,
2020-06-06,,,,,47.3,11.0,
2020-06-07,,,,,,,
2020-06-08,,,,80.4,,11.0,
2020-06-09,12.9,,,81.3,48.0,,
2020-06-10,12.5,,16.9,82.8,,12.0,
2020-06-11,,,,83.2,,12.0,
2020-06-12,,,16.3,,,,11.0
2020-06-13,12.4,,,,,11.9,
2020-06-14,12.6,36.2,14.1,86.4,,,
2020-06-15,12.4,,13.8,,48.6,,
2020-06-16,,,,,48.4,,
2020-06-17,,,13.2,,,12.1,
2020-06-18,,37.2,13.4,86.8,,12.2,
2020-06-19,,,,,48.4,12.1,
2020-06-20,12.4,,,,,12.2,
2020-06-21,,37.2,,,49.5,,
2020-06-22,,,13.9,,,13.0,
2020-06-23,,,13.7,,,12.9,
2020-06-24,11.8,,13.5,95.8,,12.6,
2020-06-25,,,,,48.7,,11.9
2020-06-26,,,,96.0,,,
2020-06-27,12.7,,12.9,,,12.0,
2020-06-28,,,12.6,96.5,,,
2020-06-29,,36.7,,,,,
2020-06-30,,,,96.4,50.4,,11.8
2020-07-01,,,,,,12.2,12.1
2020-07-02,,36.1,,,51.0,12.8,
2020-07-03,11.9,,,,51.1,,
2020-07-04,,,,,,,
2020-07-05,12.0,,,99.9,51.3,,12.4
2020-07-06,,,,,,13.4,
2020-07-07,11.7,,,100.5,,13.6,
2020-07-08,,38.1,,101.0,,,13.0
2020-07-09,,38.1,12.0,101.0,51.4,,
2020-07-10,,38.1,,101.2,,12.7,
2020-07-11,12.3,,,,52.1,,
2020-07-12,,,,,,13.3,12.9
2020-07-13,,38.3,11.9,,52.2,,
2020-07-14,,,,,52.3,12.8,
2020-07-15,,,13.2,,,,
2020-07-16,11.9,39.1,,,,12.8,12.4
2020-07-17,,,,,53.0,,
2020-07-18,11.4,,,,,,13.9
2020-07-19,,,,105.9,,,
2020-07-20,,,,,,,
2020-07-21,,40.3,,,53.7,,
2020-07-22,,,,,,,13.6
2020-07-23,12.1,40.5,,,,13.6,
2020-07-24,,,,,,,12.8
2020-07-25,12.1,,,,,13.4,12.7
2020-07-26,,,12.2,107.1,,,
2020-07-27,,,,,,14.1,13.6
2020-07-28,11.5,,10.7,,,,
2020-07-29,,,10.4,,,,
2020-07-30,,,10.5,,,,13.3
2020-07-31,,,10.9,,,,12.4
2020-08-01,,,,107.9,,,13.4
2020-08-02,,48.0,,108.5,,14.0,13.4
2020-08-03,,,13.6,,,13.6,
2020-08-04,12.3,49.4,,109.0,,,12.8
2020-08-05,,,,,,,
2020-08-06,,,,108.5,,12.1,12.9
2020-08-07,,,,108.9,,12.5,
2020-08-08,,52.7,17.6,109.2,55.6,,
2020-08-09,,,15.2,106.7,,,13.4
2020-08-10,12.3,,15.2,,,14.1,
2020-08-11,12.5,56.1,,105.6,55.7,,
2020-08-12,12.9,56.8,,,,,
2020-08-13,12.9,,,106.3,56.4,,
2020-08-14,,,,,,14.3,
2020-08-15,,,,,55.6,13.9,
2020-08-16,,,18.2,,55.7,14.4,
2020-08-17,13.3,61.0,,112.8,54.8,,
2020-08-18,13.6,,18.0,,,,
2020-08-19,13.9,63.5,,115.5,,13.5,
2020-08-20,14.2,,,,,13.4,15.0
2020-08-21,,,,116.4,53.8,,
2020-08-22,,,16.7,,54.8,,15.3
2020-08-23,,,,116.3,54.1,,
2020-08-24,,,,117.4,,,
2020-08-25,,,,,,,15.2
2020-08-26,15.0,69.2,,,,13.2,
2020-08-27,,,,,,,
2020-08-28,,,15.1,,,,
2020-08-29,,,15.0,,,12.6,
2020-08-30,17.0,,,116.7,,,
2020-08-31,17.2,,,,,13.0,
2020-09-01,,76.5,,,,12.6,
2020-09-02,,,,,,,
2020-09-03,,,,112.1,51.9,,
2020-09-04,,68.5,,,51.6,,17.1
2020-09-05,14.9,,,,,,
2020-09-06,,,,,,,17.9
2020-09-07,,,,113.5,,,
2020-09-08,,,,,,12.9,
2020-09-09,15.5,,10.6,114.7,49.7,,
2020-09-10,15.5,,10.5,,49.9,,17.8
2020-09-11,15.4,68.1,,,,,
2020-09-12,,,,,50.1,,
2020-09-13,,67.9,10.1,,,,18.2
2020-09-14,,,,,,14.1,
2020-09-15,,,,,53.2,,
2020-09-16,,,,118.7,,,
2020-09-17,,,,119.7,53.9,,17.7
2020-09-18,,,,,,13.2,17.4
2020-09-19,14.9,,,,,13.0,
2020-09-20,,,,,,,
2020-09-21,,65.5,10.3,,,13.6,17.8
2020-09-22,,,,,53.0,13.1,17.6
2020-09-23,,,10.7,,53.8,,17.2
2020-09-24,,66.1,10.9,,54.1,13.3,
2020-09-25,,,,,,13.4,17.1
2020-09-26,,65.6,,,54.9,13.7,17.8
2020-09-27,,,,119.5,,,17.6
2020-09-28,,65.3,,,,,
2020-09-29,,,,120.2,54.4,,
2020-09-30,,,10.0,,,,
2020-10-01,14.8,65.2,,120.5,,,17.9
2020-10-02,,65.1,,,55.0,,
2020-10-03,13.8,,,,,,
2020-10-04,,,,,,,
2020-10-05,,,,,62.8,,
2020-10-06,,63.2,9.8,,,14.9,20.2
2020-10-07,,,,,,,
2020-10-08,,,,,,14.9,19.8
2020-10-09,,,9.8,,,,
2020-10-10,,63.9,,,,14.8,
2020-10-11,,64.1,9.7,,,,
2020-10-12,13.3,,,,,,
2020-10-13,,,,121.1,,,
2020-10-14,,,9.8,,64.8,,19.6
2020-10-15,,,9.8,120.8,,,19.7
2020-10-16,,64.4,,,64.7,14.7,
2020-10-17,,64.4,,120.5,,14.8,19.1
2020-10-18,13.0,,,120.4,65.3,14.9,
2020-10-19,,64.8,,,,,
2020-10-20,12.9,,9.6,120.3,,,18.8
2020-10-21,,,,120.5,,,
2020-10-22,,,9.5,,,,
2020-10-23,,64.8,,119.9,,,19.1
2020-10-24,,64.5,9.2,119.5,,,
2020-10-25,,,9.3,,65.5,,
2020-10-26,13.4,,9.3,,65.2,15.0,18.9
2020-10-27,,64.8,,,,,
2020-10-28,,64.7,,,,,
2020-10-29,,,9.1,,65.0,14.8,19.6
2020-10-30,,,9.5,,65.7,,
2020-10-31,13.4,,,,,,
2020-11-01,,,9.2,,65.6,15.0,
2020-11-02,,,9.2,,65.7,14.8,
2020-11-03,,,,,,,
2020-11-04,,65.5,,,,,
2020-11-05,,65.8,,,,,
2020-11-06,,,,,66.2,,
2020-11-07,13.7,,8.9,,,,17.9
2020-11-08,,,,,,,
2020-11-09,,65.4,,,65.6,13.6,16.6
2020-11-10,,,,,,,
2020-11-11,,65.1,8.0,,,13.4,16.8
2020-11-12,,,,116.2,,13.2,
2020-11-13,,,8.5,114.5,,13.3,
2020-11-14,,,,,,13.3,
2020-11-15,,66.1,,112.6,,12.9,
2020-11-16,15.0,,,,,12.8,
2020-11-17,,,,,,,
2020-11-18,14.8,66.1,,113.1,,,
2020-11-19,14.1,,9.2,,,14.5,
2020-11-20,,,9.3,,,,
2020-11-21,,65.7,,,,,18.0
2020-11-22,15.0,,,,67.4,,18.1
2020-11-23,,,9.8,,,13.9,
2020-11-24,,65.6,,113.9,65.8,,18.4
2020-11-25,13.7,,9.6,113.3,65.6,13.7,
2020-11-26,13.8,65.9,9.5,,65.7,,
2020-11-27,,65.8,9.6,,,13.7,
2020-11-28,,,,,,,18.9
2020-11-29,,,,,,,
2020-11-30,,,,120.1,,,18.6
2020-12-01,,66.1,,120.3,,13.8,
2020-12-02,,,,,,,
2020-12-03,,66.1,9.9,,68.1,,
2020-12-04,,,,120.2,70.1,,
2020-12-05,,,,,,,
2020-12-06,13.9,,,,70.8,13.5,
2020-12-07,,,,120.4,,,17.7
2020-12-08,,66.1,,,,,
2020-12-09,,66.1,,,,,
2020-12-10,,,,120.1,,,
2020-12-11,,66.1,,,,,
2020-12-12,,,9.4,120.2,71.0,,17.4
2020-12-13,14.0,,,120.1,,,
2020-12-14,,,,,71.7,13.1,
2020-12-15,,,,120.6,,12.8,
2020-12-16,14.4,,,,,,17.2
2020-12-17,,,,,,,17.0
2020-12-18,,,,,,,
2020-12-19,,,,120.0,,12.5,
2020-12-20,,,,,,,
2020-12-21,14.4,,9.2,,,,
2020-12-22,,,,119.5,,,16.5
2020-12-23,,,,,,,16.8
2020-12-24,,,,,72.4,,16.7
2020-12-25,,,,,,12.6,
2020-12-26,,,9.8,,72.8,,
2020-12-27,14.2,67.0,,119.4,,,
2020-12-28,,,,119.2,,,
2020-12-29,,,,,,,
2020-12-30,,67.0,,,,,16.9
2020-12-31,,,,119.3,,,
2021-01-01,,,9.4,119.3,,,16.9
2021-01-02,14.0,67.0,,,73.0,13.9,
2021-01-03,,,,,,,16.8
2021-01-04,,,,,73.2,,16.8
2021-01-05,,67.0,8.8,,,,16.8
2021-01-06,14.2,,,,,13.6,16.6
2021-01-07,,,,119.5,,,16.8
2021-01-08,,67.0,9.3,119.1,,,
2021-01-09,,,,,74.1,,
2021-01-10,,,9.7,118.7,74.1,,16.5
2021-01-11,14.0,,,118.3,,,
2021-01-12,13.9,,,118.3,,,
2021-01-13,,67.0,,,,12.8,
2021-01-14,,,,118.1,,,16.0
2021-01-15,14.1,,,,,,16.1
2021-01-16,,,,,,,16.5
2021-01-17,14.2,67.0,,,,12.6,16.7
2021-01-18,,67.3,,,,,
2021-01-19,,,,,,12.3,
2021-01-20,14.4,,9.2,,,,16.5
2021-01-21,,,,,,12.5,
2021-01-22,,67.4,,,,,
2021-01-23,14.4,,,116.9,75.5,12.3,16.5
2021-01-24,,67.0,9.4,116.2,,,16.5
2021-01-25,,,9.5,,,,
2021-01-26,,67.0,9.2,,,,16.7
2021-01-27,,,,,,14.1,
2021-01-28,,67.2,9.1,,,,16.8
2021-01-29,14.2,67.3,,,,,
2021-01-30,,67.1,9.1,117.4,,,16.7
2021-01-31,,,,,,,
2021-02-01,,,,,,,
2021-02-02,,,,116.9,,,
2021-02-03,14.1,,,117.1,,,
2021-02-04,,,,117.0,,,
2021-02-05,14.0,,,,76.0,,
2021-02-06,13.9,67.9,9.2,,,,16.5
2021-02-07,13.9,,,,,13.9,16.5
2021-02-08,,,8.7,,76.1,,16.4
2021-02-09,,,,,,13.7,16.3
2021-02-10,,67.5,,,76.0,13.8,
2021-02-11,,67.5,,,,,15.8
2021-02-12,14.2,67.8,,116.2,75.9,,16.2
2021-02-13,,,,,,,
2021-02-14,,68.3,8.9,,,,
2021-02-15,14.3,,,,,,16.3
2021-02-16,14.0,68.4,,115.4,,,
2021-02-17,,68.0,,114.7,75.9,,15.6
2021-02-18,,67.8,8.5,,,,
2021-02-19,,,8.5,115.2,76.6,,16.1
2021-02-20,,68.3,,,,,
2021-02-21,,,8.2,114.6,76.2,,
2021-02-22,,,,,,13.6,
2021-02-23,14.3,,,,,,
2021-02-24,,67.1,,117.3,,,
2021-02-25,14.2,67.0,,,76.7,14.1,
2021-02-26,,,,,76.8,,
2021-02-27,,66.9,,,,,
2021-02-28,13.8,,,,,,
2021-03-01,,,,,,,17.5
2021-03-02,,,,,76.8,,17.4
2021-03-03,,,9.0,118.5,76.8,,
2021-03-04,13.8,67.0,,,,,
2021-03-05,14.0,67.0,8.6,,,14.4,
2021-03-06,,,,,,,
2021-03-07,13.6,,,119.2,77.7,,
2021-03-08,,,9.1,,,,
2021-03-09,,,,,,,
2021-03-10,,67.0,8.9,,,,
2021-03-11,13.5,,9.0,119.3,,,
2021-03-12,,67.0,,,,14.4,
2021-03-13,,67.0,,,,,
2021-03-14,,,,118.8,,,
2021-03-15,,67.3,,,,,
2021-03-16,,,,,77.7,,
2021-03-17,13.7,67.3,,,,,
2021-03-18,,,,,78.0,14.3,17.2
2021-03-19,13.8,66.7,,,,,
2021-03-20,,,8.7,,,15.4,18.1
2021-03-21,,,,,,,
2021-03-22,,,,120.2,,,
2021-03-23,13.2,,,121.1,,,
2021-03-24,13.5,67.0,,120.7,,15.3,
2021-03-25,13.4,66.6,,,78.5,15.3,17.6
2021-03-26,,,8.1,,,,18.0
2021-03-27,,,8.4,121.2,,,
2021-03-28,,66.9,8.1,,,15.5,
2021-03-29,,,,,,,18.0
2021-03-30,12.9,,7.8,,,,19.2
2021-03-31,13.1,65.9,,,,,
2021-04-01,,65.8,,,79.1,,
2021-04-02,,,8.3,124.6,,,
2021-04-03,,,,,,,
2021-04-04,,,,125.9,,,
2021-04-05,,,,126.3,,16.0,19.9
2021-04-06,,,,,,,
2021-04-07,,,8.6,125.9,81.2,,
2021-04-08,,66.3,8.0,,,15.7,19.1
2021-04-09,,,,,,,
2021-04-10,,,,,,,19.6
2021-04-11,,,,,,,19.8
2021-04-12,,,7.8,127.1,82.0,,
2021-04-13,,,7.9,,,,19.3
2021-04-14,12.5,,,127.9,,,
2021-04-15,,,,,,,19.3
2021-04-16,,67.1,,,82.1,,
2021-04-17,13.0,,,,,,
2021-04-18,,,,127.1,82.0,,
2021-04-19,,,,,,,
2021-04-20,,,,,,,
2021-04-21,12.6,,,,,16.8,
2021-04-22,,,,127.2,,,
2021-04-23,,67.4,7.5,,82.7,,
2021-04-24,12.8,,,,,,
2021-04-25,,,7.4,,,,
2021-04-26,,,7.7,129.8,,,
2021-04-27,,67.8,,,,15.8,
2021-04-28,12.3,67.7,,,82.8,15.8,
2021-04-29,,67.9,,,82.9,,
2021-04-30,,,,128.6,,,
2021-05-01,,,,,,15.8,18.2
2021-05-02,13.1,,7.8,,,,18.0
2021-05-03,,67.2,,,,15.5,
2021-05-04,,,8.0,128.5,82.5,15.6,18.6
2021-05-05,,,,,,,
2021-05-06,12.8,,7.9,,,15.8,
2021-05-07,,,,,,15.9,
2021-05-08,,,,,83.2,,
2021-05-09,,67.7,,127.1,83.1,15.9,
2021-05-10,,,,126.4,,,18.2
2021-05-11,12.9,67.0,7.9,126.6,,,18.0
2021-05-12,,,,,82.3,,
2021-05-13,,67.1,,,,,
2021-05-14,,,,,,,
2021-05-15,12.4,67.6,,,,,
2021-05-16,,,,130.4,,,19.0
2021-05-17,11.9,,7.8,,,,19.1
2021-05-18,,,,,,,
2021-05-19,,69.0,,,,,
2021-05-20,,,7.7,,,15.3,
2021-05-21,12.6,,,130.2,84.0,15.3,
2021-05-22,12.2,,,,,15.5,
2021-05-23,,69.1,,129.6,,,19.4
2021-05-24,,68.5,7.9,,,,19.6
2021-05-25,12.3,,7.3,,,,19.6
2021-05-26,12.0,,8.3,,84.6,,19.7
2021-05-27,,,,130.0,,,
2021-05-28,12.2,,,129.6,,,
2021-05-29,,69.5,,128.2,,,
2021-05-30,,69.6,,,84.0,15.5,18.8
2021-05-31,12.7,,,,,,
2021-06-01,,,,,,15.7,19.2
2021-06-02,,,,,84.1,15.9,
2021-06-03,,69.5,,,84.4,16.2,19.3
2021-06-04,,,,,,,19.3
2021-06-05,12.2,,,,84.7,,
2021-06-06,,,,125.6,,,18.5
2021-06-07,,,,,,15.5,
2021-06-08,,69.9,,124.8,,,
2021-06-09,,,,124.4,,,19.1
2021-06-10,,,,,,,
2021-06-11,,70.1,,,,15.9,
2021-06-12,12.7,,7.8,,,16.0,18.6
2021-06-13,,,,123.8,83.3,,19.1
2021-06-14,,,,123.9,,,
2021-06-15,12.8,,,,,15.1,17.9
2021-06-16,,,,,83.2,,
2021-06-17,,,,,82.3,14.7,
2021-06-18,13.8,69.9,,,,,
2021-06-19,,,7.7,124.1,,15.3,
2021-06-20,,70.0,7.9,127.8,,,18.5
2021-06-21,,69.5,,,,,
2021-06-22,12.5,,,,,,
2021-06-23,,,,,83.7,,18.3
2021-06-24,13.2,,,,83.5,14.4,
2021-06-25,13.3,,7.3,,,15.1,
2021-06-26,13.3,70.4,,130.9,83.4,15.2,18.6
2021-06-27,,,,130.4,,,
2021-06-28,13.7,,7.5,130.8,,15.2,19.0
2021-06-29,,70.2,,,,,
2021-06-30,14.6,70.7,,129.2,,,17.8
2021-07-01,,,7.7,,,,
2021-07-02,14.9,71.1,,,,,18.6
2021-07-03,,71.4,,,,14.9,
2021-07-04,13.9,,7.7,129.2,,,
2021-07-05,13.5,71.8,,,,,18.3
2021-07-06,,71.4,,130.4,,15.8,
2021-07-07,,,,,,,19.6
2021-07-08,12.3,,7.9,,,16.1,20.3
2021-07-09,12.3,73.2,8.2,,85.1,,
2021-07-10,,,,,84.8,,
2021-07-11,12.8,,,,,,20.3
2021-07-12,,,,,,17.2,20.7
2021-07-13,,,,,,,
2021-07-14,,,,,84.5,,18.8
2021-07-15,13.8,73.4,,137.1,,14.5,
2021-07-16,13.7,73.4,7.8,,84.3,15.3,
2021-07-17,,,7.8,135.7,83.8,15.4,
2021-07-18,,,,,,,
2021-07-19,,,,134.2,,,19.1
2021-07-20,14.3,,,,,,
2021-07-21,,,,133.3,,15.9,19.1
2021-07-22,13.4,,,,83.3,,
2021-07-23,,,,134.1,,,
2021-07-24,,,,133.4,,15.7,
2021-07-25,13.8,,7.8,,,16.0,
2021-07-26,14.2,,,,83.3,,
2021-07-27,14.7,,,131.9,,15.1,18.0
2021-07-28,,,,,,,
2021-07-29,15.7,,,,81.2,,
2021-07-30,,76.4,,,81.2,,17.1
2021-07-31,,76.3,,,80.4,,
2021-08-01,,,8.1,130.0,80.0,15.1,16.8
2021-08-02,,,,130.2,,,16.4
2021-08-03,17.6,,,131.1,,14.4,
2021-08-04,,,,,80.2,,17.2
2021-08-05,17.7,76.4,7.2,,,,
2021-08-06,18.2,,,132.6,79.3,,
2021-08-07,,76.5,6.6,,,15.3,
2021-08-08,17.7,,,,,,
2021-08-09,,,,,,,
2021-08-10,,,,,81.1,16.2,
2021-08-11,,76.3,,,82.5,,
2021-08-12,,,,,,,
2021-08-13,,,,,,,
2021-08-14,14.9,76.6,,148.1,84.2,,
2021-08-15,,76.7,,,83.6,,
2021-08-16,,,7.4,,,,
2021-08-17,15.5,76.3,,,,,19.4
2021-08-18,,,,,83.0,15.2,
2021-08-19,,,,,,15.0,
2021-08-20,,,,146.5,82.1,,
2021-08-21,,,7.4,146.5,,16.1,
2021-08-22,,76.3,7.3,145.6,,16.4,20.4
2021-08-23,,,,,,,
2021-08-24,,,,146.7,83.1,,
2021-08-25,,,,,82.8,,
2021-08-26,14.6,,,149.0,,16.8,
2021-08-27,,76.3,7.6,152.3,,,
2021-08-28,,,,,83.6,,
2021-08-29,15.6,,,153.5,84.2,,
2021-08-30,15.8,75.4,5.3,,84.1,15.2,
2021-08-31,16.1,,,,83.4,,
2021-09-01,,75.7,,151.6,,15.1,19.1
2021-09-02,,,,,,15.6,
2021-09-03,,,4.5,,,15.9,
2021-09-04,,,,149.9,83.1,,
2021-09-05,,,4.5,149.5,,15.6,
2021-09-06,,,,,,,
2021-09-07,15.5,,,154.6,84.3,,20.8
2021-09-08,,76.0,4.5,154.0,84.3,16.2,
2021-09-09,15.6,,,,,,
2021-09-10,,,4.8,,,15.6,
2021-09-11,,,4.2,,,15.0,18.8
2021-09-12,,75.5,,153.1,82.5,,
2021-09-13,,,4.3,,,,
2021-09-14,16.5,,3.9,153.0,,,
2021-09-15,,,,,,,20.7
2021-09-16,,,,151.6,,,
2021-09-17,,,,,,,19.2
2021-09-18,,75.3,,151.5,,,20.1
2021-09-19,16.2,,,,,,20.1
2021-09-20,,,4.9,,,,20.1
2021-09-21,,,,,83.8,16.4,
2021-09-22,,,,,,,
2021-09-23,,76.3,,,,,
2021-09-24,,75.6,4.2,143.6,,,
2021-09-25,,75.8,,143.1,83.0,,
2021-09-26,,,,,,15.7,
2021-09-27,17.7,,,,,,
2021-09-28,,,3.6,141.6,,,
2021-09-29,,,,,,,
2021-09-30,18.1,75.3,3.9,,,,18.9
2021-10-01,,75.1,,,,15.1,18.7
2021-10-02,,75.6,,,,,
2021-10-03,,76.0,,139.6,83.0,,19.8
2021-10-04,,76.2,,,,,
2021-10-05,,,4.0,,83.2,15.2,
2021-10-06,18.8,75.0,4.4,,82.3,14.8,19.3
2021-10-07,,,,136.7,,14.8,
2021-10-08,,76.2,,,83.3,,
2021-10-09,,,,,,,
2021-10-10,19.1,,,135.9,,,18.4
2021-10-11,19.1,,,,,,18.5
2021-10-12,,,,135.8,82.8,,
2021-10-13,19.2,,4.8,,,15.2,
2021-10-14,,,5.1,,,,
2021-10-15,19.0,76.1,,135.8,83.3,,
2021-10-16,,76.5,,136.8,,,
2021-10-17,,,,,,,
2021-10-18,,76.4,4.6,,,17.4,18.7
2021-10-19,,,,137.3,,,
2021-10-20,,,4.3,,,,19.3
2021-10-21,,76.5,4.6,,,17.5,18.7
2021-10-22,,76.3,,,,17.4,
2021-10-23,,76.8,4.6,136.8,,17.2,18.1
2021-10-24,,,,136.9,,,17.8
2021-10-25,,,,,,16.9,18.3
2021-10-26,18.0,,,137.5,,,18.4
2021-10-27,18.1,,,137.5,,,
2021-10-28,,,,,82.9,17.0,
2021-10-29,,,,137.4,,,18.2
2021-10-30,18.0,,,,82.9,,
2021-10-31,,,,,83.6,,
2021-11-01,18.0,76.9,5.3,,,16.8,
2021-11-02,,,4.8,,83.7,16.8,
2021-11-03,,76.8,,,,,
2021-11-04,18.0,,,136.5,,16.7,17.9
2021-11-05,,,5.3,136.0,,16.3,
2021-11-06,,,,136.8,83.8,,
2021-11-07,,,,,,,17.2
2021-11-08,,,,,,16.2,
2021-11-09,,,5.3,,84.1,,
2021-11-10,,84.6,5.5,138.3,84.1,,17.9
2021-11-11,,,5.5,,,16.8,18.2
2021-11-12,,84.6,,139.3,85.0,,
2021-11-13,,,,138.5,,16.5,17.8
2021-11-14,,85.0,,,,,
2021-11-15,,85.2,,138.3,,,
2021-11-16,16.9,84.9,,,,,18.0
2021-11-17,17.1,,,,85.3,,17.6
2021-11-18,18.4,,14.0,,,11.3,14.1
2021-11-19,,92.0,,,,,
2021-11-20,18.9,,15.4,,,10.4,
2021-11-21,18.7,,15.7,141.3,88.4,10.7,14.0
2021-11-22,18.9,,,,88.2,,
2021-11-23,19.0,,16.1,,88.6,10.4,
2021-11-24,,,,,88.6,,
2021-11-25,,,,143.4,88.9,,13.9
2021-11-26,,,,,,,13.9
2021-11-27,,,,,88.6,,
2021-11-28,,,16.3,,,10.3,14.2
2021-11-29,,,16.3,,,,
2021-11-30,,,,,,10.6,
2021-12-01,,,16.9,144.3,,,
2021-12-02,,93.2,,,89.5,,13.4
2021-12-03,,93.1,16.9,,,,
2021-12-04,,,,144.4,,,13.8
2021-12-05,19.8,,,144.4,,10.0,
2021-12-06,20.1,,,,90.4,,
2021-12-07,,93.4,,,,9.9,
2021-12-08,,93.4,17.4,145.1,,,
2021-12-09,,,,,91.5,,14.6
2021-12-10,19.9,,,145.1,,,
2021-12-11,,,,,91.1,,14.6
2021-12-12,,93.2,17.6,,91.6,,14.3
2021-12-13,19.5,,,,91.6,10.7,14.1
2021-12-14,19.5,,,146.1,,10.7,14.6
2021-12-15,19.3,,,,,,
2021-12-16,19.4,93.7,,,,,
2021-12-17,,,,,,,14.1
2021-12-18,,,,,92.5,,14.4
2021-12-19,19.2,,,,,,14.7
2021-12-20,,,,146.4,,,
2021-12-21,,94.0,,145.6,,,14.3
2021-12-22,,,,,92.8,,13.8
2021-12-23,,,,,,,14.0
2021-12-24,,94.0,18.1,146.0,,,
2021-12-25,19.1,,,,,,
2021-12-26,,94.5,18.1,,,,
2021-12-27,,,,,,,
2021-12-28,,,,,,,14.4
2021-12-29,,94.8,,,93.6,10.9,14.2
2021-12-30,,94.8,,,93.9,,
2021-12-31,,94.6,18.1,,93.4,,
2022-01-01,19.1,,18.0,,,,
2022-01-02,,,,,93.9,11.1,
2022-01-03,,94.7,18.0,145.6,,,
2022-01-04,,95.0,,,,,
2022-01-05,,,,,94.0,,14.5
2022-01-06,18.9,,,,,10.7,
2022-01-07,18.8,,,,,,
2022-01-08,,94.9,,145.7,94.0,,
2022-01-09,18.9,,,,93.8,,
2022-01-10,,,,,,11.0,
2022-01-11,,,18.0,145.1,93.7,10.8,13.7
2022-01-12,,,,,93.6,10.7,
2022-01-13,19.1,95.0,,,,,13.5
2022-01-14,19.0,95.1,,145.5,,,14.2
2022-01-15,,95.1,,,,,14.1
2022-01-16,19.1,95.3,,145.4,94.0,11.3,
2022-01-17,,,,,,10.9,13.8
2022-01-18,,95.6,,,,10.5,
2022-01-19,19.1,,,144.6,,,
2022-01-20,19.0,,,,,,
2022-01-21,,,18.0,145.2,,11.4,
2022-01-22,18.5,,,,,,
2022-01-23,,,,145.2,94.1,,14.2
2022-01-24,,,,,,11.6,
2022-01-25,18.7,,,,,,14.1
2022-01-26,,,17.8,,,12.0,14.0
2022-01-27,,,,,94.0,11.9,
2022-01-28,18.8,,,,,11.9,14.2
2022-01-29,,,,,,,
2022-01-30,19.2,,,,,,14.1
2022-01-31,,,17.9,,94.0,,
2022-02-01,19.5,,,146.0,94.1,11.6,
2022-02-02,,,,,,,14.0
2022-02-03,,,,,94.2,,13.9
2022-02-04,19.3,,,,,,
2022-02-05,,,,,,,13.8
2022-02-06,,97.0,,,,,
2022-02-07,19.1,,,,94.3,,
2022-02-08,19.1,,17.9,145.5,,,
2022-02-09,19.1,,,145.6,,,
2022-02-10,,,,145.8,,,14.3
2022-02-11,,97.4,18.0,,,12.0,
2022-02-12,,,,,,11.7,14.0
2022-02-13,19.2,97.3,,145.4,94.1,,14.2
2022-02-14,19.4,,18.0,145.3,,,13.9
2022-02-15,,97.5,,,94.4,11.2,13.9
2022-02-16,,97.4,,144.9,,,
2022-02-17,19.3,,,,94.4,11.3,
2022-02-18,,97.4,18.7,145.2,,,14.4
2022-02-19,,97.3,18.7,144.9,,11.0,
2022-02-20,,97.3,,,94.6,,
2022-02-21,19.4,,,,94.4,,
2022-02-22,,,,,94.3,10.7,
2022-02-23,,,18.8,144.7,94.5,10.7,
2022-02-24,19.4,,,,,10.6,
2022-02-25,19.5,,18.8,,,10.5,
2022-02-26,,,,,,10.5,
2022-02-27,,,,,,10.7,
2022-02-28,,,18.9,,,,
2022-03-01,19.4,,,144.3,94.3,,14.4
2022-03-02,,,19.0,,94.2,,
2022-03-03,19.6,,,,,,
2022-03-04,,,19.2,144.5,,,14.6
2022-03-05,,,,,,,
2022-03-06,,,,,,11.1,14.6
2022-03-07,,,,,94.7,,
2022-03-08,19.1,96.9,,,94.8,,13.5
2022-03-09,,,18.4,144.8,,11.1,
2022-03-10,,,,,95.3,,
2022-03-11,19.3,,,,95.1,,
2022-03-12,,,18.4,144.1,,10.8,
2022-03-13,19.8,,,,95.1,10.8,13.1
2022-03-14,,,,143.8,,10.5,12.9
2022-03-15,,,,,,,
2022-03-16,,95.5,18.6,143.7,95.0,,13.2
2022-03-17,19.4,,,143.9,95.0,,13.5
2022-03-18,,,,,95.5,,
2022-03-19,19.2,,,,96.0,,
2022-03-20,19.2,94.6,,,95.7,11.4,14.4
2022-03-21,,96.1,17.3,,95.3,12.2,
2022-03-22,19.3,,,,,,
2022-03-23,19.5,97.2,,,,,15.4
2022-03-24,,,,149.4,96.0,,15.1
2022-03-25,19.1,,,,,11.7,
2022-03-26,,,17.3,149.5,,11.8,
2022-03-27,,,,149.2,,,
2022-03-28,,,,148.8,,,
2022-03-29,,,,,,,
2022-03-30,,,,,97.0,,
2022-03-31,18.5,,,149.6,,,
2022-04-01,,,,,96.5,11.9,15.9
2022-04-02,,,,,,,15.6
2022-04-03,,,,149.6,96.2,,
2022-04-04,,,15.5,149.3,96.2,11.5,
2022-04-05,18.4,96.0,15.7,,,11.7,
2022-04-06,,,,149.9,,,
2022-04-07,,96.3,,149.6,,12.0,
2022-04-08,18.4,,,,,11.4,
2022-04-09,18.6,,13.9,,96.3,11.2,15.7
2022-04-10,18.8,,13.6,148.2,,,
2022-04-11,,,,,,,
2022-04-12,18.9,94.1,,148.3,96.4,,
2022-04-13,,,,,,,16.9
2022-04-14,,,14.6,,97.2,,16.4
2022-04-15,18.1,,,,,11.8,16.6
2022-04-16,,,,,,11.9,
2022-04-17,,,14.1,,,,17.0
2022-04-18,17.7,,13.9,,,,17.4
2022-04-19,,,,153.2,,,
2022-04-20,,96.0,,153.0,,12.8,
2022-04-21,17.4,,,153.2,99.7,,
2022-04-22,,,,152.5,,11.8,
2022-04-23,,,,,,,
2022-04-24,18.7,,,,,,
2022-04-25,,,,152.3,,11.6,
2022-04-26,,,,,,,
2022-04-27,,,,,98.9,11.6,15.8
2022-04-28,,,,152.8,99.2,,
2022-04-29,,,,,99.1,,
2022-04-30,,,,,,,
2022-05-01,18.2,96.7,,,,,
2022-05-02,,,,,,,
2022-05-03,,97.3,,,101.3,13.3,
2022-05-04,17.6,,13.7,151.2,,12.8,
2022-05-05,18.4,97.3,,150.4,,,
2022-05-06,,,,,,11.7,
2022-05-07,,97.9,,,100.8,,
2022-05-08,19.6,,,,,10.9,
2022-05-09,19.4,97.1,14.3,151.9,,,16.4
2022-05-10,,,,,,12.1,
2022-05-11,,96.7,,,,,
2022-05-12,,97.0,13.3,152.0,,,17.5
2022-05-13,,,13.3,,,12.1,
2022-05-14,,,,151.5,,,
2022-05-15,,97.2,,,,,
2022-05-16,,,,,,,
2022-05-17,,97.2,,150.5,,,
2022-05-18,18.4,,13.8,,,,
2022-05-19,17.9,96.5,,,,,17.2
2022-05-20,18.2,,13.1,,,,16.6
2022-05-21,18.1,,,150.4,,,
2022-05-22,,,14.0,,,11.5,15.7
2022-05-23,,,13.9,,,11.1,15.1
2022-05-24,18.9,,,,100.5,10.7,
2022-05-25,,96.4,,,,,
2022-05-26,,,13.8,,,,16.3
2022-05-27,18.0,,,150.2,,,16.1
2022-05-28,,,13.8,,,,
2022-05-29,17.6,,,,,,
2022-05-30,,,,,,11.8,
2022-05-31,,97.2,,,,11.7,15.8
2022-06-01,18.4,,14.3,,102.3,,
2022-06-02,,,,,102.5,,
2022-06-03,,,,149.3,,,16.0
2022-06-04,,,,,,,15.7
2022-06-05,19.3,96.7,,147.4,,,
2022-06-06,19.1,96.5,14.3,,,,
2022-06-07,,,,,100.3,,
2022-06-08,,,14.7,,,10.4,
2022-06-09,19.3,,,,101.2,10.9,16.6
2022-06-10,,96.2,14.7,,,10.3,15.6
2022-06-11,,,14.8,145.4,,,
2022-06-12,,,,,100.9,,
2022-06-13,,,13.9,,100.3,,
2022-06-14,19.5,96.1,,,,,
2022-06-15,,,13.3,145.2,101.3,,
2022-06-16,,,,,,9.5,14.9
2022-06-17,,94.1,,143.4,100.7,,
2022-06-18,,93.2,11.6,,,8.7,
2022-06-19,,,,142.3,,8.8,
2022-06-20,,,11.5,145.2,,,
2022-06-21,,95.2,,145.9,100.7,10.9,15.7
2022-06-22,,,10.5,,,,
2022-06-23,,,,,,,
2022-06-24,,94.9,,,,,
2022-06-25,,,,,,,
2022-06-26,20.2,,,,,11.7,
2022-06-27,,,,,,,
2022-06-28,,96.4,,155.8,,,
2022-06-29,,,,,102.6,,
2022-06-30,,97.6,13.6,,,12.7,
2022-07-01,,96.8,12.8,,,12.7,17.6
2022-07-02,,96.6,,,,,
2022-07-03,,96.9,,,,,17.4
2022-07-04,,,11.2,,,,
2022-07-05,19.5,97.0,11.5,157.1,,,
2022-07-06,20.2,,,,,10.9,
2022-07-07,,,10.8,156.3,,,16.7
2022-07-08,,96.5,,156.4,,10.0,
2022-07-09,,,,156.0,101.2,,
2022-07-10,21.1,,9.3,,,,
2022-07-11,,,,,,8.9,
2022-07-12,21.5,94.3,,,,8.0,15.8
2022-07-13,,93.6,8.6,,,,
2022-07-14,21.7,,8.5,154.4,,,
2022-07-15,22.0,,,,,,
2022-07-16,22.6,,,153.4,100.2,,
2022-07-17,,,,,99.5,7.8,14.9
2022-07-18,,89.6,,,,7.9,
2022-07-19,,,7.7,,,,
2022-07-20,,,,,,,
2022-07-21,,,6.1,150.2,,,
2022-07-22,23.1,90.0,,,,11.9,
2022-07-23,,,4.8,153.2,,,
2022-07-24,,92.4,,,,14.8,
2022-07-25,22.1,,4.1,154.4,,,
2022-07-26,20.9,,,,100.5,14.6,
2022-07-27,,,3.4,,,,
2022-07-28,,,,,,,
2022-07-29,,93.7,,,,,
2022-07-30,21.4,93.9,,,,14.5,14.8
2022-07-31,22.2,,,,,,
2022-08-01,,,,,99.0,,14.4
2022-08-02,,93.3,,153.2,,14.4,
2022-08-03,,,,,,14.3,
2022-08-04,,,5.2,153.2,,,
2022-08-05,,91.7,,152.8,,13.7,
2022-08-06,23.5,,6.2,,99.6,,
2022-08-07,,,,,,,13.9
2022-08-08,23.8,,6.6,,,13.8,
2022-08-09,,87.9,,,99.5,,12.7
2022-08-10,24.1,,,,,13.1,
2022-08-11,,,7.1,,,13.2,
2022-08-12,24.3,,,,99.5,,12.2
2022-08-13,24.3,,,151.4,97.2,,12.2
2022-08-14,,,,,95.9,13.4,
2022-08-15,,,7.0,,,,12.6
2022-08-16,24.6,,,,,,
2022-08-17,,,,,95.8,,
2022-08-18,24.9,,,151.4,,14.3,12.9
2022-08-19,,,,,,,12.1
2022-08-20,,,,153.0,94.7,14.3,13.2
2022-08-21,25.0,,,,,,
2022-08-22,,,,153.8,,14.3,
2022-08-23,25.2,77.9,,154.4,94.2,,
2022-08-24,,78.1,,,,,
2022-08-25,,,,,,,
2022-08-26,25.7,,,,,13.9,14.9
2022-08-27,,,,156.8,93.4,14.0,15.2
2022-08-28,25.8,,,156.7,,,15.3
2022-08-29,25.9,,7.9,,92.9,,
2022-08-30,,,,,,14.6,
2022-08-31,26.3,,7.9,,,,
2022-09-01,,,,157.1,,,
2022-09-02,,,,,,,
2022-09-03,,74.8,,,93.3,,
2022-09-04,,,,,,,
2022-09-05,26.3,74.9,,156.7,,,17.2
2022-09-06,,,7.8,,,,16.3
2022-09-07,26.8,,,,,15.4,17.4
2022-09-08,,73.7,,,,,
2022-09-09,,,7.1,158.5,,15.5,
2022-09-10,,,,157.5,,,
2022-09-11,,,,157.9,93.6,15.4,
2022-09-12,,,,,,,18.7
2022-09-13,,,6.9,,,,
2022-09-14,,,,160.1,,,19.9
2022-09-15,,,,,,,
2022-09-16,,,,160.4,,,20.2
2022-09-17,,,,160.8,93.1,,
2022-09-18,,73.6,6.2,,,16.5,
2022-09-19,,73.5,,,,,
2022-09-20,,,,,93.0,16.1,21.8
2022-09-21,,,,,93.1,,21.9
2022-09-22,,,6.4,,,,
2022-09-23,26.2,74.5,,,,,
2022-09-24,,75.1,6.1,,,,
2022-09-25,25.9,,,162.8,,16.3,
2022-09-26,,,,,97.0,,21.5
2022-09-27,,79.4,5.3,163.2,97.5,16.6,
2022-09-28,25.5,,,163.6,97.4,16.5,
2022-09-29,26.6,80.2,,,,,23.0
2022-09-30,,,4.7,,,,
2022-10-01,,,,,96.9,,
2022-10-02,26.8,80.5,5.1,,,16.0,
2022-10-03,,,5.9,,,,
2022-10-04,,,6.0,,95.9,16.1,
2022-10-05,28.1,80.8,,164.6,,,
2022-10-06,27.1,,,166.0,97.7,,
2022-10-07,,86.5,,,,,
2022-10-08,23.9,,,,,24.1,
2022-10-09,,89.3,,,,,
2022-10-10,,89.6,,,,25.3,
2022-10-11,,89.8,,,,,20.4
2022-10-12,,,,175.4,100.2,,19.8
2022-10-13,22.8,,,,100.2,,
2022-10-14,,,,,,,
2022-10-15,22.4,89.8,,176.0,,,
2022-10-16,22.6,89.7,,,,,
2022-10-17,,,,,,,19.9
2022-10-18,,,,,,22.5,19.3
2022-10-19,23.2,,4.3,,,,19.6
2022-10-20,,,,175.2,98.9,,18.9
2022-10-21,,,3.6,,,,
2022-10-22,23.0,88.8,,,,,
2022-10-23,23.4,,,,98.4,,
2022-10-24,,,,,,,19.2
2022-10-25,,,4.1,174.7,,22.9,
2022-10-26,23.3,,,,,23.6,
2022-10-27,,,3.0,179.0,99.7,,
2022-10-28,22.7,,3.3,,,,
2022-10-29,,89.4,,,,23.4,19.7
2022-10-30,,,3.5,,,,
2022-10-31,,89.2,,,99.4,,
2022-11-01,,89.3,,,,,
2022-11-02,,,,183.5,,,
2022-11-03,,,3.6,,,,
2022-11-04,,,,,99.4,23.0,
2022-11-05,23.7,89.7,,,,,
2022-11-06,,,,183.9,,22.3,18.4
2022-11-07,,,3.3,,,,18.8
2022-11-08,,,,,,,19.1
2022-11-09,,89.5,,184.3,,23.3,
2022-11-10,23.8,,,,,,
2022-11-11,,,3.3,,,,18.8
2022-11-12,23.9,,,,99.9,22.9,
2022-11-13,,,,,,,
2022-11-14,,,,184.7,99.6,,
2022-11-15,23.3,,,,,,
2022-11-16,23.3,,2.8,,,23.8,
2022-11-17,,,,,,,
2022-11-18,,,3.0,184.8,,23.5,
2022-11-19,,,,,,,19.6
2022-11-20,,92.5,,,,,19.4
2022-11-21,23.5,92.6,,,,23.1,
2022-11-22,23.3,,,,100.2,,
2022-11-23,23.4,93.0,2.8,,,,
2022-11-24,,,2.8,,,,20.0
2022-11-25,,,,,99.8,,18.7
2022-11-26,,,,,,,18.3
2022-11-27,,,2.9,183.6,,23.5,
2022-11-28,22.7,93.9,2.7,,100.8,23.9,
2022-11-29,,,,184.2,,,
2022-11-30,24.2,,4.3,,101.2,,20.0
2022-12-01,,95.3,,184.1,101.0,,
2022-12-02,,95.0,,183.6,100.5,,
2022-12-03,,,2.5,,100.6,,19.9
2022-12-04,,,2.7,183.3,100.5,,
2022-12-05,,95.5,,,,,
2022-12-06,,95.3,,,100.7,,
2022-12-07,,,2.1,,,,
2022-12-08,,95.3,,182.4,,,
2022-12-09,,95.7,2.1,,,23.0,
2022-12-10,,,,,,22.7,20.2
2022-12-11,,,2.7,181.9,,22.7,
2022-12-12,,,,,100.6,,
2022-12-13,,,,,,22.8,20.1
2022-12-14,,,,,,,
2022-12-15,,,,181.1,100.9,,
2022-12-16,,95.7,,,,,20.6
2022-12-17,,,2.8,,100.5,,20.3
2022-12-18,,,,,,,
2022-12-19,,95.4,2.8,,,,
2022-12-20,,,,179.3,,,
2022-12-21,,,,,100.5,,
2022-12-22,,,2.9,178.7,,,
2022-12-23,,95.8,3.1,,,,20.1
2022-12-24,,,,,,22.7,
2022-12-25,,,,,100.6,,
2022-12-26,23.6,96.0,,,,23.0,
2022-12-27,23.7,,3.4,,,23.0,
2022-12-28,23.7,96.3,3.5,,,,
2022-12-29,,,,,,,
2022-12-30,,,3.7,178.2,,,20.0
2022-12-31,,,,177.8,,23.2,
2023-01-01,,,4.1,,101.5,,20.0
2023-01-02,,96.8,,,101.8,23.4,
2023-01-03,23.3,,,,101.6,,20.2
2023-01-04,23.2,,,,,,20.3
2023-01-05,23.4,,,,101.5,,
2023-01-06,,,,,101.6,23.1,19.9
2023-01-07,,95.6,,,,22.5,
2023-01-08,,96.0,,,,,
2023-01-09,,,4.7,,101.2,,
2023-01-10,,,,,,,
2023-01-11,,96.3,,175.4,,,18.2
2023-01-12,23.5,,5.1,,,,
2023-01-13,23.7,96.2,5.1,,,,18.5
2023-01-14,,,5.1,,,,
2023-01-15,,,,175.8,,,
2023-01-16,,96.4,,175.0,,,
2023-01-17,23.3,96.5,4.6,,,23.1,18.7
2023-01-18,,,,,,,
2023-01-19,,96.5,,,101.6,,
2023-01-20,,96.4,,,,,
2023-01-21,,96.6,,,,23.4,18.8
2023-01-22,22.9,,,,,23.7,
2023-01-23,,,,,,,
2023-01-24,23.0,,,,,,19.1
2023-01-25,,96.5,,,,23.5,
2023-01-26,23.0,96.0,,173.2,101.7,23.3,
2023-01-27,,,4.7,,,,19.1
2023-01-28,,96.1,,,101.1,,
2023-01-29,,,,,101.4,,19.2
2023-01-30,,,,,,,19.0
2023-01-31,,,,171.7,,,18.9
2023-02-01,,95.9,,,,,
2023-02-02,,96.4,,,,,19.5
2023-02-03,23.1,,,,101.8,,
2023-02-04,23.1,,,,,24.1,
2023-02-05,,,,,,,
2023-02-06,,95.6,,171.7,,,
2023-02-07,,,,,,,19.6
2023-02-08,,94.9,,171.2,,,
2023-02-09,,,,,,,
2023-02-10,23.1,,6.5,,,,
2023-02-11,23.2,,,171.2,101.5,23.7,
2023-02-12,,,,,101.7,23.8,
2023-02-13,,,,,,24.1,
2023-02-14,,,,,101.8,23.5,
2023-02-15,,95.5,,,102.6,,17.7
2023-02-16,22.9,,,,101.9,,
2023-02-17,22.8,,,,,,
2023-02-18,,95.4,,,,24.3,17.9
2023-02-19,,95.4,6.6,,,24.3,
2023-02-20,22.9,95.3,,,,24.6,18.5
2023-02-21,,95.3,7.3,,101.2,,17.4
2023-02-22,,,,,101.4,24.2,
2023-02-23,,,7.1,,,,17.8
2023-02-24,,,6.9,173.5,,,
2023-02-25,22.9,,,,,24.2,
2023-02-26,22.9,,,173.7,,24.4,
2023-02-27,22.6,,8.0,,,,17.7
2023-02-28,,96.1,,,,,
2023-03-01,,95.4,,,101.4,24.6,18.1
2023-03-02,,,,,,,
2023-03-03,22.8,,,173.4,,,
2023-03-04,,,,,,,
2023-03-05,22.7,,,,,23.7,17.8
2023-03-06,22.7,,8.5,,,24.0,17.6
2023-03-07,22.4,,8.0,,,24.9,18.6
2023-03-08,22.1,,,174.5,,,19.0
2023-03-09,22.2,96.9,7.4,174.0,101.2,22.4,18.3
2023-03-10,21.9,,,,,22.1,18.3
2023-03-11,22.1,96.8,,,101.5,22.1,19.0
2023-03-12,,96.6,,,,,
2023-03-13,,,,,,,
2023-03-14,,96.4,,,,,
2023-03-15,,,7.8,174.9,,20.9,18.8
2023-03-16,,,8.8,175.0,,,
2023-03-17,,,,,,,
2023-03-18,22.3,,,,,,19.0
2023-03-19,,95.1,,175.4,101.6,20.6,19.1
2023-03-20,,,,,,,
2023-03-21,,,,175.8,,,
2023-03-22,,,,,,20.7,
2023-03-23,,94.4,8.7,,,20.6,19.6
2023-03-24,,94.1,,,,20.6,20.0
2023-03-25,,94.8,,,,,19.3
2023-03-26,,,8.9,,,,
2023-03-27,,,,,,20.9,19.6
2023-03-28,,,9.3,176.1,102.6,,
2023-03-29,,,,,,,
2023-03-30,21.8,,,175.1,,,18.9
2023-03-31,,,,,,,
2023-04-01,21.7,,,174.4,,,
2023-04-02,21.9,,9.6,174.6,101.5,19.6,
2023-04-03,,,9.6,,,,
2023-04-04,,,,,,,19.5
2023-04-05,,,,,,,
2023-04-06,,,,,101.6,,20.7
2023-04-07,22.2,,,,101.7,,20.5
2023-04-08,,,,,,,20.7
2023-04-09,,,9.7,178.0,101.8,,
2023-04-10,,95.9,9.6,,,,
2023-04-11,,,9.6,,,21.0,
2023-04-12,,,,177.7,101.8,20.8,
2023-04-13,,,,,,20.6,21.3
2023-04-14,22.3,,9.6,,,,
2023-04-15,22.1,,,177.0,,,
2023-04-16,,92.2,,,,21.0,
2023-04-17,,,,,,,
2023-04-18,22.5,,,,100.8,,21.7
2023-04-19,22.1,,,,,,
2023-04-20,22.0,,,,102.0,21.0,
2023-04-21,22.4,,,,101.3,,
2023-04-22,,,,,,,21.6
2023-04-23,,,,,100.9,,
2023-04-24,,,,178.7,,21.9,
2023-04-25,,89.1,,,,,
2023-04-26,,,,,,,
2023-04-27,,91.2,9.5,,,21.4,21.8
2023-04-28,,,,,101.4,,
2023-04-29,,,,,,,22.0
2023-04-30,,,,,100.8,,20.8
2023-05-01,22.4,,9.5,,,21.9,
2023-05-02,,,,,,,
2023-05-03,,84.1,,,101.3,,
2023-05-04,,,,,,,21.1
2023-05-05,22.6,,9.5,,,,
2023-05-06,,,,,,22.9,
2023-05-07,,,10.7,178.7,,,
2023-05-08,,89.6,11.7,,,,
2023-05-09,,,,,,22.9,22.6
2023-05-10,,,,178.7,,,
2023-05-11,,,,,,,
2023-05-12,,,12.3,,,,
2023-05-13,,,12.4,,,,21.8
2023-05-14,,,12.6,177.6,,,
2023-05-15,,87.6,12.4,177.1,,,
2023-05-16,,,,,,21.5,
2023-05-17,22.5,,12.4,,100.7,,21.5
2023-05-18,,,12.7,,,21.1,20.8
2023-05-19,,,12.5,,,,
2023-05-20,,,12.5,,100.5,,
2023-05-21,,86.1,,176.9,,,
2023-05-22,22.5,86.4,,177.9,,,
2023-05-23,,87.6,,,,,
2023-05-24,22.5,,,,,22.1,
2023-05-25,,,,,,,
2023-05-26,22.7,,,178.1,,,
2023-05-27,23.1,90.1,,,,21.8,
2023-05-28,,,,178.1,,,21.5
